[2025-07-16T11:06:23.947+0000] {manager.py:487} INFO - Processing files using up to 1 processes at a time 
[2025-07-16T11:06:23.947+0000] {manager.py:488} INFO - Process each file at most once every 30 seconds
[2025-07-16T11:06:23.947+0000] {manager.py:489} INFO - Checking for new files in /workspaces/hands-on-introduction-data-engineering-4395021/airflow/dags every 2 seconds
[2025-07-16T11:06:23.947+0000] {manager.py:758} INFO - Searching for files in /workspaces/hands-on-introduction-data-engineering-4395021/airflow/dags
[2025-07-16T11:06:23.997+0000] {manager.py:761} INFO - There are 47 files in /workspaces/hands-on-introduction-data-engineering-4395021/airflow/dags
[2025-07-16T11:06:24.166+0000] {manager.py:889} INFO - 
================================================================================
DAG File Processing Stats

File Path                                                                                                                         PID    Runtime      # DAGs    # Errors  Last Runtime    Last Run
--------------------------------------------------------------------------------------------------------------------------------  -----  ---------  --------  ----------  --------------  -------------------
/workspaces/hands-on-introduction-data-engineering-4395021/airflow/dags/challenge_dag.py                                                                   0           1  0.11s           2025-07-16T11:06:24
/home/vscode/.local/lib/python3.10/site-packages/airflow/example_dags/example_bash_operator.py                                                             0           0
/home/vscode/.local/lib/python3.10/site-packages/airflow/example_dags/example_task_group_decorator.py                                                      0           0
/home/vscode/.local/lib/python3.10/site-packages/airflow/example_dags/example_sensor_decorator.py                                                          0           0
/home/vscode/.local/lib/python3.10/site-packages/airflow/example_dags/example_subdag_operator.py                                                           0           0
/home/vscode/.local/lib/python3.10/site-packages/airflow/example_dags/example_sensors.py                                                                   0           0
/home/vscode/.local/lib/python3.10/site-packages/airflow/example_dags/example_branch_operator.py                                                           0           0
/home/vscode/.local/lib/python3.10/site-packages/airflow/example_dags/example_dynamic_task_mapping.py                                                      0           0
/home/vscode/.local/lib/python3.10/site-packages/airflow/example_dags/example_params_ui_tutorial.py                                                        0           0
/home/vscode/.local/lib/python3.10/site-packages/airflow/example_dags/tutorial_dag.py                                                                      0           0
/home/vscode/.local/lib/python3.10/site-packages/airflow/example_dags/example_short_circuit_operator.py                                                    0           0
/home/vscode/.local/lib/python3.10/site-packages/airflow/example_dags/example_complex.py                                                                   0           0
/home/vscode/.local/lib/python3.10/site-packages/airflow/example_dags/example_sla_dag.py                                                                   0           0
/home/vscode/.local/lib/python3.10/site-packages/airflow/example_dags/tutorial_taskflow_api_virtualenv.py                                                  0           0
/home/vscode/.local/lib/python3.10/site-packages/airflow/example_dags/example_local_kubernetes_executor.py                                                 0           0
/home/vscode/.local/lib/python3.10/site-packages/airflow/example_dags/example_xcom.py                                                                      0           0
/home/vscode/.local/lib/python3.10/site-packages/airflow/example_dags/example_setup_teardown.py                                                            0           0
/home/vscode/.local/lib/python3.10/site-packages/airflow/example_dags/example_external_task_marker_dag.py                                                  0           0
/home/vscode/.local/lib/python3.10/site-packages/airflow/example_dags/example_xcomargs.py                                                                  0           0
/home/vscode/.local/lib/python3.10/site-packages/airflow/example_dags/example_params_trigger_ui.py                                                         0           0
/home/vscode/.local/lib/python3.10/site-packages/airflow/example_dags/example_trigger_target_dag.py                                                        0           0
/home/vscode/.local/lib/python3.10/site-packages/airflow/example_dags/example_datasets.py                                                                  0           0
/home/vscode/.local/lib/python3.10/site-packages/airflow/example_dags/example_branch_python_dop_operator_3.py                                              0           0
/home/vscode/.local/lib/python3.10/site-packages/airflow/example_dags/example_latest_only.py                                                               0           0
/home/vscode/.local/lib/python3.10/site-packages/airflow/example_dags/example_skip_dag.py                                                                  0           0
/home/vscode/.local/lib/python3.10/site-packages/airflow/example_dags/example_kubernetes_executor.py                                                       0           0
/home/vscode/.local/lib/python3.10/site-packages/airflow/example_dags/example_python_operator.py                                                           0           0
/home/vscode/.local/lib/python3.10/site-packages/airflow/example_dags/example_branch_day_of_week_operator.py                                               0           0
/home/vscode/.local/lib/python3.10/site-packages/airflow/example_dags/example_nested_branch_dag.py                                                         0           0
/home/vscode/.local/lib/python3.10/site-packages/airflow/example_dags/example_dynamic_task_mapping_with_no_taskflow_operators.py                           0           0
/home/vscode/.local/lib/python3.10/site-packages/airflow/example_dags/tutorial.py                                                                          0           0
/home/vscode/.local/lib/python3.10/site-packages/airflow/example_dags/tutorial_taskflow_api.py                                                             0           0
/home/vscode/.local/lib/python3.10/site-packages/airflow/example_dags/example_trigger_controller_dag.py                                                    0           0
/home/vscode/.local/lib/python3.10/site-packages/airflow/example_dags/example_branch_datetime_operator.py                                                  0           0
/home/vscode/.local/lib/python3.10/site-packages/airflow/example_dags/example_branch_labels.py                                                             0           0
/home/vscode/.local/lib/python3.10/site-packages/airflow/example_dags/example_latest_only_with_trigger.py                                                  0           0
/home/vscode/.local/lib/python3.10/site-packages/airflow/example_dags/example_passing_params_via_test_command.py                                           0           0
/home/vscode/.local/lib/python3.10/site-packages/airflow/example_dags/example_short_circuit_decorator.py                                                   0           0
/home/vscode/.local/lib/python3.10/site-packages/airflow/example_dags/example_setup_teardown_taskflow.py                                                   0           0
/home/vscode/.local/lib/python3.10/site-packages/airflow/example_dags/example_time_delta_sensor_async.py                                                   0           0
/home/vscode/.local/lib/python3.10/site-packages/airflow/example_dags/example_dag_decorator.py                                                             0           0
/home/vscode/.local/lib/python3.10/site-packages/airflow/example_dags/example_task_group.py                                                                0           0
/home/vscode/.local/lib/python3.10/site-packages/airflow/example_dags/example_branch_operator_decorator.py                                                 0           0
/home/vscode/.local/lib/python3.10/site-packages/airflow/example_dags/plugins/event_listener.py                                                            0           0
/home/vscode/.local/lib/python3.10/site-packages/airflow/example_dags/plugins/listener_plugin.py                                                           0           0
/home/vscode/.local/lib/python3.10/site-packages/airflow/example_dags/plugins/workday.py                                                                   0           0
/home/vscode/.local/lib/python3.10/site-packages/airflow/example_dags/subdags/subdag.py                                                                    0           0
================================================================================
[2025-07-16T11:06:26.617+0000] {manager.py:758} INFO - Searching for files in /workspaces/hands-on-introduction-data-engineering-4395021/airflow/dags
[2025-07-16T11:06:26.627+0000] {manager.py:761} INFO - There are 47 files in /workspaces/hands-on-introduction-data-engineering-4395021/airflow/dags
[2025-07-16T11:06:29.014+0000] {manager.py:758} INFO - Searching for files in /workspaces/hands-on-introduction-data-engineering-4395021/airflow/dags
[2025-07-16T11:06:29.032+0000] {manager.py:761} INFO - There are 47 files in /workspaces/hands-on-introduction-data-engineering-4395021/airflow/dags
[2025-07-16T11:06:31.338+0000] {manager.py:758} INFO - Searching for files in /workspaces/hands-on-introduction-data-engineering-4395021/airflow/dags
[2025-07-16T11:06:31.348+0000] {manager.py:761} INFO - There are 47 files in /workspaces/hands-on-introduction-data-engineering-4395021/airflow/dags
[2025-07-16T11:06:33.629+0000] {manager.py:758} INFO - Searching for files in /workspaces/hands-on-introduction-data-engineering-4395021/airflow/dags
[2025-07-16T11:06:33.638+0000] {manager.py:761} INFO - There are 47 files in /workspaces/hands-on-introduction-data-engineering-4395021/airflow/dags
[2025-07-16T11:06:36.474+0000] {manager.py:758} INFO - Searching for files in /workspaces/hands-on-introduction-data-engineering-4395021/airflow/dags
[2025-07-16T11:06:36.483+0000] {manager.py:761} INFO - There are 47 files in /workspaces/hands-on-introduction-data-engineering-4395021/airflow/dags
[2025-07-16T11:06:38.764+0000] {manager.py:758} INFO - Searching for files in /workspaces/hands-on-introduction-data-engineering-4395021/airflow/dags
[2025-07-16T11:06:38.776+0000] {manager.py:761} INFO - There are 47 files in /workspaces/hands-on-introduction-data-engineering-4395021/airflow/dags
[2025-07-16T11:06:41.615+0000] {manager.py:758} INFO - Searching for files in /workspaces/hands-on-introduction-data-engineering-4395021/airflow/dags
[2025-07-16T11:06:41.625+0000] {manager.py:761} INFO - There are 47 files in /workspaces/hands-on-introduction-data-engineering-4395021/airflow/dags
[2025-07-16T11:06:43.904+0000] {manager.py:758} INFO - Searching for files in /workspaces/hands-on-introduction-data-engineering-4395021/airflow/dags
[2025-07-16T11:06:43.914+0000] {manager.py:761} INFO - There are 47 files in /workspaces/hands-on-introduction-data-engineering-4395021/airflow/dags
[2025-07-16T11:06:46.753+0000] {manager.py:758} INFO - Searching for files in /workspaces/hands-on-introduction-data-engineering-4395021/airflow/dags
[2025-07-16T11:06:46.762+0000] {manager.py:761} INFO - There are 47 files in /workspaces/hands-on-introduction-data-engineering-4395021/airflow/dags
[2025-07-16T11:06:49.140+0000] {manager.py:758} INFO - Searching for files in /workspaces/hands-on-introduction-data-engineering-4395021/airflow/dags
[2025-07-16T11:06:49.150+0000] {manager.py:761} INFO - There are 47 files in /workspaces/hands-on-introduction-data-engineering-4395021/airflow/dags
[2025-07-16T11:06:51.895+0000] {manager.py:758} INFO - Searching for files in /workspaces/hands-on-introduction-data-engineering-4395021/airflow/dags
[2025-07-16T11:06:51.906+0000] {manager.py:761} INFO - There are 47 files in /workspaces/hands-on-introduction-data-engineering-4395021/airflow/dags
[2025-07-16T11:06:54.149+0000] {manager.py:758} INFO - Searching for files in /workspaces/hands-on-introduction-data-engineering-4395021/airflow/dags
[2025-07-16T11:06:54.159+0000] {manager.py:761} INFO - There are 47 files in /workspaces/hands-on-introduction-data-engineering-4395021/airflow/dags
[2025-07-16T11:06:54.276+0000] {manager.py:889} INFO - 
================================================================================
DAG File Processing Stats

File Path                                                                                                                         PID    Runtime      # DAGs    # Errors  Last Runtime    Last Run
--------------------------------------------------------------------------------------------------------------------------------  -----  ---------  --------  ----------  --------------  -------------------
/workspaces/hands-on-introduction-data-engineering-4395021/airflow/dags/challenge_dag.py                                                                   0           1  0.11s           2025-07-16T11:06:24
/home/vscode/.local/lib/python3.10/site-packages/airflow/example_dags/example_bash_operator.py                                                             0           0
/home/vscode/.local/lib/python3.10/site-packages/airflow/example_dags/example_branch_operator.py                                                           0           0
/home/vscode/.local/lib/python3.10/site-packages/airflow/example_dags/example_complex.py                                                                   0           0
/home/vscode/.local/lib/python3.10/site-packages/airflow/example_dags/example_local_kubernetes_executor.py                                                 0           0  0.10s           2025-07-16T11:06:53
/home/vscode/.local/lib/python3.10/site-packages/airflow/example_dags/example_setup_teardown.py                                                            0           0  0.10s           2025-07-16T11:06:45
/home/vscode/.local/lib/python3.10/site-packages/airflow/example_dags/example_datasets.py                                                                  0           0
/home/vscode/.local/lib/python3.10/site-packages/airflow/example_dags/example_branch_python_dop_operator_3.py                                              0           0
/home/vscode/.local/lib/python3.10/site-packages/airflow/example_dags/example_latest_only.py                                                               0           0
/home/vscode/.local/lib/python3.10/site-packages/airflow/example_dags/example_kubernetes_executor.py                                                       0           0
/home/vscode/.local/lib/python3.10/site-packages/airflow/example_dags/example_branch_day_of_week_operator.py                                               0           0
/home/vscode/.local/lib/python3.10/site-packages/airflow/example_dags/example_nested_branch_dag.py                                                         0           0
/home/vscode/.local/lib/python3.10/site-packages/airflow/example_dags/example_dynamic_task_mapping_with_no_taskflow_operators.py                           0           0
/home/vscode/.local/lib/python3.10/site-packages/airflow/example_dags/example_branch_datetime_operator.py                                                  0           0
/home/vscode/.local/lib/python3.10/site-packages/airflow/example_dags/example_branch_labels.py                                                             0           0
/home/vscode/.local/lib/python3.10/site-packages/airflow/example_dags/example_latest_only_with_trigger.py                                                  0           0
/home/vscode/.local/lib/python3.10/site-packages/airflow/example_dags/example_setup_teardown_taskflow.py                                                   0           0  0.10s           2025-07-16T11:06:50
/home/vscode/.local/lib/python3.10/site-packages/airflow/example_dags/example_dag_decorator.py                                                             0           0
/home/vscode/.local/lib/python3.10/site-packages/airflow/example_dags/example_branch_operator_decorator.py                                                 0           0
/home/vscode/.local/lib/python3.10/site-packages/airflow/example_dags/plugins/event_listener.py                                                            0           0  0.11s           2025-07-16T11:06:34
/home/vscode/.local/lib/python3.10/site-packages/airflow/example_dags/plugins/listener_plugin.py                                                           0           0  0.20s           2025-07-16T11:06:25
/home/vscode/.local/lib/python3.10/site-packages/airflow/example_dags/plugins/workday.py                                                                   0           0  0.10s           2025-07-16T11:06:26
/home/vscode/.local/lib/python3.10/site-packages/airflow/example_dags/subdags/subdag.py                                                                    0           0  0.10s           2025-07-16T11:06:27
/home/vscode/.local/lib/python3.10/site-packages/airflow/example_dags/example_task_group_decorator.py                                                      1           0  0.10s           2025-07-16T11:06:34
/home/vscode/.local/lib/python3.10/site-packages/airflow/example_dags/example_sensor_decorator.py                                                          1           0  0.11s           2025-07-16T11:06:44
/home/vscode/.local/lib/python3.10/site-packages/airflow/example_dags/example_sensors.py                                                                   1           0  0.10s           2025-07-16T11:06:44
/home/vscode/.local/lib/python3.10/site-packages/airflow/example_dags/example_dynamic_task_mapping.py                                                      1           0  0.10s           2025-07-16T11:06:52
/home/vscode/.local/lib/python3.10/site-packages/airflow/example_dags/example_params_ui_tutorial.py                                                        1           0  0.10s           2025-07-16T11:06:44
/home/vscode/.local/lib/python3.10/site-packages/airflow/example_dags/tutorial_dag.py                                                                      1           0  0.11s           2025-07-16T11:06:29
/home/vscode/.local/lib/python3.10/site-packages/airflow/example_dags/example_short_circuit_operator.py                                                    1           0  0.10s           2025-07-16T11:06:36
/home/vscode/.local/lib/python3.10/site-packages/airflow/example_dags/example_sla_dag.py                                                                   1           0  0.10s           2025-07-16T11:06:37
/home/vscode/.local/lib/python3.10/site-packages/airflow/example_dags/tutorial_taskflow_api_virtualenv.py                                                  1           0  0.10s           2025-07-16T11:06:30
/home/vscode/.local/lib/python3.10/site-packages/airflow/example_dags/example_xcom.py                                                                      1           0  0.10s           2025-07-16T11:06:38
/home/vscode/.local/lib/python3.10/site-packages/airflow/example_dags/example_params_trigger_ui.py                                                         1           0  0.10s           2025-07-16T11:06:46
/home/vscode/.local/lib/python3.10/site-packages/airflow/example_dags/example_trigger_target_dag.py                                                        1           0  0.10s           2025-07-16T11:06:39
/home/vscode/.local/lib/python3.10/site-packages/airflow/example_dags/example_skip_dag.py                                                                  1           0  0.10s           2025-07-16T11:06:39
/home/vscode/.local/lib/python3.10/site-packages/airflow/example_dags/example_python_operator.py                                                           1           0  0.20s           2025-07-16T11:06:48
/home/vscode/.local/lib/python3.10/site-packages/airflow/example_dags/tutorial.py                                                                          1           0  0.10s           2025-07-16T11:06:32
/home/vscode/.local/lib/python3.10/site-packages/airflow/example_dags/tutorial_taskflow_api.py                                                             1           0  0.10s           2025-07-16T11:06:33
/home/vscode/.local/lib/python3.10/site-packages/airflow/example_dags/example_trigger_controller_dag.py                                                    1           0  0.10s           2025-07-16T11:06:40
/home/vscode/.local/lib/python3.10/site-packages/airflow/example_dags/example_passing_params_via_test_command.py                                           1           0  0.10s           2025-07-16T11:06:49
/home/vscode/.local/lib/python3.10/site-packages/airflow/example_dags/example_short_circuit_decorator.py                                                   1           0  0.10s           2025-07-16T11:06:49
/home/vscode/.local/lib/python3.10/site-packages/airflow/example_dags/example_time_delta_sensor_async.py                                                   1           0  0.10s           2025-07-16T11:06:41
/home/vscode/.local/lib/python3.10/site-packages/airflow/example_dags/example_task_group.py                                                                1           0  0.10s           2025-07-16T11:06:42
/home/vscode/.local/lib/python3.10/site-packages/airflow/example_dags/example_external_task_marker_dag.py                                                  2           0  0.10s           2025-07-16T11:06:54
/home/vscode/.local/lib/python3.10/site-packages/airflow/example_dags/example_xcomargs.py                                                                  2           0  0.10s           2025-07-16T11:06:31
/home/vscode/.local/lib/python3.10/site-packages/airflow/example_dags/example_subdag_operator.py                                                           3           0  0.10s           2025-07-16T11:06:35
================================================================================
[2025-07-16T11:06:57.035+0000] {manager.py:758} INFO - Searching for files in /workspaces/hands-on-introduction-data-engineering-4395021/airflow/dags
[2025-07-16T11:06:57.044+0000] {manager.py:761} INFO - There are 47 files in /workspaces/hands-on-introduction-data-engineering-4395021/airflow/dags
[2025-07-16T11:06:59.324+0000] {manager.py:758} INFO - Searching for files in /workspaces/hands-on-introduction-data-engineering-4395021/airflow/dags
[2025-07-16T11:06:59.334+0000] {manager.py:761} INFO - There are 47 files in /workspaces/hands-on-introduction-data-engineering-4395021/airflow/dags
[2025-07-16T11:07:02.177+0000] {manager.py:758} INFO - Searching for files in /workspaces/hands-on-introduction-data-engineering-4395021/airflow/dags
[2025-07-16T11:07:02.186+0000] {manager.py:761} INFO - There are 47 files in /workspaces/hands-on-introduction-data-engineering-4395021/airflow/dags
[2025-07-16T11:07:04.311+0000] {manager.py:758} INFO - Searching for files in /workspaces/hands-on-introduction-data-engineering-4395021/airflow/dags
[2025-07-16T11:07:04.321+0000] {manager.py:761} INFO - There are 47 files in /workspaces/hands-on-introduction-data-engineering-4395021/airflow/dags
[2025-07-16T11:07:07.320+0000] {manager.py:758} INFO - Searching for files in /workspaces/hands-on-introduction-data-engineering-4395021/airflow/dags
[2025-07-16T11:07:07.330+0000] {manager.py:761} INFO - There are 47 files in /workspaces/hands-on-introduction-data-engineering-4395021/airflow/dags
[2025-07-16T11:07:10.183+0000] {manager.py:758} INFO - Searching for files in /workspaces/hands-on-introduction-data-engineering-4395021/airflow/dags
[2025-07-16T11:07:10.192+0000] {manager.py:761} INFO - There are 47 files in /workspaces/hands-on-introduction-data-engineering-4395021/airflow/dags
[2025-07-16T11:07:12.486+0000] {manager.py:758} INFO - Searching for files in /workspaces/hands-on-introduction-data-engineering-4395021/airflow/dags
[2025-07-16T11:07:12.495+0000] {manager.py:761} INFO - There are 47 files in /workspaces/hands-on-introduction-data-engineering-4395021/airflow/dags
[2025-07-16T11:07:15.351+0000] {manager.py:758} INFO - Searching for files in /workspaces/hands-on-introduction-data-engineering-4395021/airflow/dags
[2025-07-16T11:07:15.361+0000] {manager.py:761} INFO - There are 47 files in /workspaces/hands-on-introduction-data-engineering-4395021/airflow/dags
[2025-07-16T11:07:17.653+0000] {manager.py:758} INFO - Searching for files in /workspaces/hands-on-introduction-data-engineering-4395021/airflow/dags
[2025-07-16T11:07:17.663+0000] {manager.py:761} INFO - There are 47 files in /workspaces/hands-on-introduction-data-engineering-4395021/airflow/dags
[2025-07-16T11:07:19.950+0000] {manager.py:758} INFO - Searching for files in /workspaces/hands-on-introduction-data-engineering-4395021/airflow/dags
[2025-07-16T11:07:19.959+0000] {manager.py:761} INFO - There are 47 files in /workspaces/hands-on-introduction-data-engineering-4395021/airflow/dags
[2025-07-16T11:07:22.795+0000] {manager.py:758} INFO - Searching for files in /workspaces/hands-on-introduction-data-engineering-4395021/airflow/dags
[2025-07-16T11:07:22.810+0000] {manager.py:761} INFO - There are 47 files in /workspaces/hands-on-introduction-data-engineering-4395021/airflow/dags
[2025-07-16T11:07:24.557+0000] {manager.py:889} INFO - 
================================================================================
DAG File Processing Stats

File Path                                                                                                                         PID    Runtime      # DAGs    # Errors  Last Runtime    Last Run
--------------------------------------------------------------------------------------------------------------------------------  -----  ---------  --------  ----------  --------------  -------------------
/workspaces/hands-on-introduction-data-engineering-4395021/airflow/dags/challenge_dag.py                                                                   0           1  0.10s           2025-07-16T11:07:10
/home/vscode/.local/lib/python3.10/site-packages/airflow/example_dags/example_local_kubernetes_executor.py                                                 0           0  0.10s           2025-07-16T11:06:53
/home/vscode/.local/lib/python3.10/site-packages/airflow/example_dags/example_setup_teardown.py                                                            0           0  0.10s           2025-07-16T11:06:45
/home/vscode/.local/lib/python3.10/site-packages/airflow/example_dags/example_kubernetes_executor.py                                                       0           0  0.10s           2025-07-16T11:06:57
/home/vscode/.local/lib/python3.10/site-packages/airflow/example_dags/example_setup_teardown_taskflow.py                                                   0           0  0.10s           2025-07-16T11:06:50
/home/vscode/.local/lib/python3.10/site-packages/airflow/example_dags/plugins/event_listener.py                                                            0           0  0.10s           2025-07-16T11:07:20
/home/vscode/.local/lib/python3.10/site-packages/airflow/example_dags/plugins/listener_plugin.py                                                           0           0  0.10s           2025-07-16T11:07:11
/home/vscode/.local/lib/python3.10/site-packages/airflow/example_dags/plugins/workday.py                                                                   0           0  0.10s           2025-07-16T11:07:12
/home/vscode/.local/lib/python3.10/site-packages/airflow/example_dags/subdags/subdag.py                                                                    0           0  0.10s           2025-07-16T11:07:13
/home/vscode/.local/lib/python3.10/site-packages/airflow/example_dags/example_bash_operator.py                                                             1           0  0.10s           2025-07-16T11:07:01
/home/vscode/.local/lib/python3.10/site-packages/airflow/example_dags/example_task_group_decorator.py                                                      1           0  0.10s           2025-07-16T11:07:20
/home/vscode/.local/lib/python3.10/site-packages/airflow/example_dags/example_sensor_decorator.py                                                          1           0  0.11s           2025-07-16T11:06:44
/home/vscode/.local/lib/python3.10/site-packages/airflow/example_dags/example_sensors.py                                                                   1           0  0.10s           2025-07-16T11:06:44
/home/vscode/.local/lib/python3.10/site-packages/airflow/example_dags/example_branch_operator.py                                                           1           0  0.11s           2025-07-16T11:07:02
/home/vscode/.local/lib/python3.10/site-packages/airflow/example_dags/example_dynamic_task_mapping.py                                                      1           0  0.10s           2025-07-16T11:06:52
/home/vscode/.local/lib/python3.10/site-packages/airflow/example_dags/example_params_ui_tutorial.py                                                        1           0  0.10s           2025-07-16T11:06:44
/home/vscode/.local/lib/python3.10/site-packages/airflow/example_dags/tutorial_dag.py                                                                      1           0  0.10s           2025-07-16T11:07:14
/home/vscode/.local/lib/python3.10/site-packages/airflow/example_dags/example_short_circuit_operator.py                                                    1           0  0.11s           2025-07-16T11:07:22
/home/vscode/.local/lib/python3.10/site-packages/airflow/example_dags/example_complex.py                                                                   1           0  0.10s           2025-07-16T11:07:03
/home/vscode/.local/lib/python3.10/site-packages/airflow/example_dags/example_sla_dag.py                                                                   1           0  0.10s           2025-07-16T11:07:24
/home/vscode/.local/lib/python3.10/site-packages/airflow/example_dags/tutorial_taskflow_api_virtualenv.py                                                  1           0  0.10s           2025-07-16T11:07:15
/home/vscode/.local/lib/python3.10/site-packages/airflow/example_dags/example_xcom.py                                                                      1           0  0.10s           2025-07-16T11:07:24
/home/vscode/.local/lib/python3.10/site-packages/airflow/example_dags/example_params_trigger_ui.py                                                         1           0  0.10s           2025-07-16T11:06:46
/home/vscode/.local/lib/python3.10/site-packages/airflow/example_dags/example_trigger_target_dag.py                                                        1           0  0.10s           2025-07-16T11:06:39
/home/vscode/.local/lib/python3.10/site-packages/airflow/example_dags/example_branch_python_dop_operator_3.py                                              1           0  0.10s           2025-07-16T11:07:04
/home/vscode/.local/lib/python3.10/site-packages/airflow/example_dags/example_latest_only.py                                                               1           0  0.10s           2025-07-16T11:06:56
/home/vscode/.local/lib/python3.10/site-packages/airflow/example_dags/example_skip_dag.py                                                                  1           0  0.10s           2025-07-16T11:06:39
/home/vscode/.local/lib/python3.10/site-packages/airflow/example_dags/example_python_operator.py                                                           1           0  0.20s           2025-07-16T11:06:48
/home/vscode/.local/lib/python3.10/site-packages/airflow/example_dags/example_branch_day_of_week_operator.py                                               1           0  0.10s           2025-07-16T11:07:05
/home/vscode/.local/lib/python3.10/site-packages/airflow/example_dags/example_nested_branch_dag.py                                                         1           0  0.10s           2025-07-16T11:06:58
/home/vscode/.local/lib/python3.10/site-packages/airflow/example_dags/example_dynamic_task_mapping_with_no_taskflow_operators.py                           1           0  0.11s           2025-07-16T11:06:59
/home/vscode/.local/lib/python3.10/site-packages/airflow/example_dags/tutorial.py                                                                          1           0  0.10s           2025-07-16T11:07:17
/home/vscode/.local/lib/python3.10/site-packages/airflow/example_dags/tutorial_taskflow_api.py                                                             1           0  0.10s           2025-07-16T11:07:18
/home/vscode/.local/lib/python3.10/site-packages/airflow/example_dags/example_trigger_controller_dag.py                                                    1           0  0.10s           2025-07-16T11:06:40
/home/vscode/.local/lib/python3.10/site-packages/airflow/example_dags/example_branch_labels.py                                                             1           0  0.10s           2025-07-16T11:07:07
/home/vscode/.local/lib/python3.10/site-packages/airflow/example_dags/example_latest_only_with_trigger.py                                                  1           0  0.10s           2025-07-16T11:07:00
/home/vscode/.local/lib/python3.10/site-packages/airflow/example_dags/example_passing_params_via_test_command.py                                           1           0  0.10s           2025-07-16T11:06:49
/home/vscode/.local/lib/python3.10/site-packages/airflow/example_dags/example_short_circuit_decorator.py                                                   1           0  0.10s           2025-07-16T11:06:49
/home/vscode/.local/lib/python3.10/site-packages/airflow/example_dags/example_time_delta_sensor_async.py                                                   1           0  0.10s           2025-07-16T11:06:41
/home/vscode/.local/lib/python3.10/site-packages/airflow/example_dags/example_dag_decorator.py                                                             1           0  0.21s           2025-07-16T11:07:08
/home/vscode/.local/lib/python3.10/site-packages/airflow/example_dags/example_task_group.py                                                                1           0  0.10s           2025-07-16T11:06:42
/home/vscode/.local/lib/python3.10/site-packages/airflow/example_dags/example_branch_operator_decorator.py                                                 1           0  0.10s           2025-07-16T11:07:09
/home/vscode/.local/lib/python3.10/site-packages/airflow/example_dags/example_external_task_marker_dag.py                                                  2           0  0.10s           2025-07-16T11:06:54
/home/vscode/.local/lib/python3.10/site-packages/airflow/example_dags/example_xcomargs.py                                                                  2           0  0.10s           2025-07-16T11:07:16
/home/vscode/.local/lib/python3.10/site-packages/airflow/example_dags/example_subdag_operator.py                                                           3           0  0.10s           2025-07-16T11:07:21
/home/vscode/.local/lib/python3.10/site-packages/airflow/example_dags/example_branch_datetime_operator.py                                                  3           0  0.10s           2025-07-16T11:07:06
/home/vscode/.local/lib/python3.10/site-packages/airflow/example_dags/example_datasets.py                                                                  6           0  0.11s           2025-07-16T11:06:54
================================================================================
[2025-07-16T11:07:25.659+0000] {manager.py:758} INFO - Searching for files in /workspaces/hands-on-introduction-data-engineering-4395021/airflow/dags
[2025-07-16T11:07:25.669+0000] {manager.py:761} INFO - There are 47 files in /workspaces/hands-on-introduction-data-engineering-4395021/airflow/dags
[2025-07-16T11:07:27.966+0000] {manager.py:758} INFO - Searching for files in /workspaces/hands-on-introduction-data-engineering-4395021/airflow/dags
[2025-07-16T11:07:27.976+0000] {manager.py:761} INFO - There are 47 files in /workspaces/hands-on-introduction-data-engineering-4395021/airflow/dags
[2025-07-16T11:07:30.254+0000] {manager.py:758} INFO - Searching for files in /workspaces/hands-on-introduction-data-engineering-4395021/airflow/dags
[2025-07-16T11:07:30.267+0000] {manager.py:761} INFO - There are 47 files in /workspaces/hands-on-introduction-data-engineering-4395021/airflow/dags
[2025-07-16T11:07:33.097+0000] {manager.py:758} INFO - Searching for files in /workspaces/hands-on-introduction-data-engineering-4395021/airflow/dags
[2025-07-16T11:07:33.106+0000] {manager.py:761} INFO - There are 47 files in /workspaces/hands-on-introduction-data-engineering-4395021/airflow/dags
[2025-07-16T11:07:35.892+0000] {manager.py:758} INFO - Searching for files in /workspaces/hands-on-introduction-data-engineering-4395021/airflow/dags
[2025-07-16T11:07:35.902+0000] {manager.py:761} INFO - There are 47 files in /workspaces/hands-on-introduction-data-engineering-4395021/airflow/dags
[2025-07-16T11:07:38.186+0000] {manager.py:758} INFO - Searching for files in /workspaces/hands-on-introduction-data-engineering-4395021/airflow/dags
[2025-07-16T11:07:38.196+0000] {manager.py:761} INFO - There are 47 files in /workspaces/hands-on-introduction-data-engineering-4395021/airflow/dags
[2025-07-16T11:07:40.725+0000] {manager.py:758} INFO - Searching for files in /workspaces/hands-on-introduction-data-engineering-4395021/airflow/dags
[2025-07-16T11:07:40.734+0000] {manager.py:761} INFO - There are 47 files in /workspaces/hands-on-introduction-data-engineering-4395021/airflow/dags
[2025-07-16T11:07:43.337+0000] {manager.py:758} INFO - Searching for files in /workspaces/hands-on-introduction-data-engineering-4395021/airflow/dags
[2025-07-16T11:07:43.347+0000] {manager.py:761} INFO - There are 47 files in /workspaces/hands-on-introduction-data-engineering-4395021/airflow/dags
[2025-07-16T11:07:46.031+0000] {manager.py:758} INFO - Searching for files in /workspaces/hands-on-introduction-data-engineering-4395021/airflow/dags
[2025-07-16T11:07:46.041+0000] {manager.py:761} INFO - There are 47 files in /workspaces/hands-on-introduction-data-engineering-4395021/airflow/dags
[2025-07-16T11:07:48.465+0000] {manager.py:758} INFO - Searching for files in /workspaces/hands-on-introduction-data-engineering-4395021/airflow/dags
[2025-07-16T11:07:48.475+0000] {manager.py:761} INFO - There are 47 files in /workspaces/hands-on-introduction-data-engineering-4395021/airflow/dags
[2025-07-16T11:07:50.765+0000] {manager.py:758} INFO - Searching for files in /workspaces/hands-on-introduction-data-engineering-4395021/airflow/dags
[2025-07-16T11:07:50.774+0000] {manager.py:761} INFO - There are 47 files in /workspaces/hands-on-introduction-data-engineering-4395021/airflow/dags
[2025-07-16T11:07:53.608+0000] {manager.py:758} INFO - Searching for files in /workspaces/hands-on-introduction-data-engineering-4395021/airflow/dags
[2025-07-16T11:07:53.618+0000] {manager.py:761} INFO - There are 47 files in /workspaces/hands-on-introduction-data-engineering-4395021/airflow/dags
[2025-07-16T11:07:54.834+0000] {manager.py:889} INFO - 
================================================================================
DAG File Processing Stats

File Path                                                                                                                         PID    Runtime      # DAGs    # Errors  Last Runtime    Last Run
--------------------------------------------------------------------------------------------------------------------------------  -----  ---------  --------  ----------  --------------  -------------------
/workspaces/hands-on-introduction-data-engineering-4395021/airflow/dags/challenge_dag.py                                                                   0           1  0.11s           2025-07-16T11:07:43
/home/vscode/.local/lib/python3.10/site-packages/airflow/example_dags/example_local_kubernetes_executor.py                                                 0           0  0.10s           2025-07-16T11:07:39
/home/vscode/.local/lib/python3.10/site-packages/airflow/example_dags/example_setup_teardown.py                                                            0           0  0.10s           2025-07-16T11:07:33
/home/vscode/.local/lib/python3.10/site-packages/airflow/example_dags/example_kubernetes_executor.py                                                       0           0  0.10s           2025-07-16T11:07:46
/home/vscode/.local/lib/python3.10/site-packages/airflow/example_dags/example_setup_teardown_taskflow.py                                                   0           0  0.10s           2025-07-16T11:07:38
/home/vscode/.local/lib/python3.10/site-packages/airflow/example_dags/plugins/event_listener.py                                                            0           0  0.10s           2025-07-16T11:07:20
/home/vscode/.local/lib/python3.10/site-packages/airflow/example_dags/plugins/listener_plugin.py                                                           0           0  0.11s           2025-07-16T11:07:44
/home/vscode/.local/lib/python3.10/site-packages/airflow/example_dags/plugins/workday.py                                                                   0           0  0.11s           2025-07-16T11:07:45
/home/vscode/.local/lib/python3.10/site-packages/airflow/example_dags/subdags/subdag.py                                                                    0           0  0.10s           2025-07-16T11:07:13
/home/vscode/.local/lib/python3.10/site-packages/airflow/example_dags/example_bash_operator.py                                                             1           0  0.10s           2025-07-16T11:07:49
/home/vscode/.local/lib/python3.10/site-packages/airflow/example_dags/example_task_group_decorator.py                                                      1           0  0.10s           2025-07-16T11:07:20
/home/vscode/.local/lib/python3.10/site-packages/airflow/example_dags/example_sensor_decorator.py                                                          1           0  0.10s           2025-07-16T11:07:30
/home/vscode/.local/lib/python3.10/site-packages/airflow/example_dags/example_sensors.py                                                                   1           0  0.10s           2025-07-16T11:07:30
/home/vscode/.local/lib/python3.10/site-packages/airflow/example_dags/example_branch_operator.py                                                           1           0  0.10s           2025-07-16T11:07:50
/home/vscode/.local/lib/python3.10/site-packages/airflow/example_dags/example_dynamic_task_mapping.py                                                      1           0  0.10s           2025-07-16T11:07:39
/home/vscode/.local/lib/python3.10/site-packages/airflow/example_dags/example_params_ui_tutorial.py                                                        1           0  0.10s           2025-07-16T11:07:32
/home/vscode/.local/lib/python3.10/site-packages/airflow/example_dags/tutorial_dag.py                                                                      1           0  0.10s           2025-07-16T11:07:14
/home/vscode/.local/lib/python3.10/site-packages/airflow/example_dags/example_short_circuit_operator.py                                                    1           0  0.11s           2025-07-16T11:07:22
/home/vscode/.local/lib/python3.10/site-packages/airflow/example_dags/example_complex.py                                                                   1           0  0.10s           2025-07-16T11:07:51
/home/vscode/.local/lib/python3.10/site-packages/airflow/example_dags/example_sla_dag.py                                                                   1           0  0.10s           2025-07-16T11:07:24
/home/vscode/.local/lib/python3.10/site-packages/airflow/example_dags/tutorial_taskflow_api_virtualenv.py                                                  1           0  0.10s           2025-07-16T11:07:15
/home/vscode/.local/lib/python3.10/site-packages/airflow/example_dags/example_xcom.py                                                                      1           0  0.10s           2025-07-16T11:07:24
/home/vscode/.local/lib/python3.10/site-packages/airflow/example_dags/example_params_trigger_ui.py                                                         1           0  0.10s           2025-07-16T11:07:34
/home/vscode/.local/lib/python3.10/site-packages/airflow/example_dags/example_trigger_target_dag.py                                                        1           0  0.10s           2025-07-16T11:07:24
/home/vscode/.local/lib/python3.10/site-packages/airflow/example_dags/example_branch_python_dop_operator_3.py                                              1           0  0.11s           2025-07-16T11:07:52
/home/vscode/.local/lib/python3.10/site-packages/airflow/example_dags/example_latest_only.py                                                               1           0  0.10s           2025-07-16T11:07:42
/home/vscode/.local/lib/python3.10/site-packages/airflow/example_dags/example_skip_dag.py                                                                  1           0  0.10s           2025-07-16T11:07:25
/home/vscode/.local/lib/python3.10/site-packages/airflow/example_dags/example_python_operator.py                                                           1           0  0.11s           2025-07-16T11:07:34
/home/vscode/.local/lib/python3.10/site-packages/airflow/example_dags/example_branch_day_of_week_operator.py                                               1           0  0.10s           2025-07-16T11:07:53
/home/vscode/.local/lib/python3.10/site-packages/airflow/example_dags/example_nested_branch_dag.py                                                         1           0  0.10s           2025-07-16T11:07:46
/home/vscode/.local/lib/python3.10/site-packages/airflow/example_dags/example_dynamic_task_mapping_with_no_taskflow_operators.py                           1           0  0.10s           2025-07-16T11:07:47
/home/vscode/.local/lib/python3.10/site-packages/airflow/example_dags/tutorial.py                                                                          1           0  0.10s           2025-07-16T11:07:17
/home/vscode/.local/lib/python3.10/site-packages/airflow/example_dags/tutorial_taskflow_api.py                                                             1           0  0.10s           2025-07-16T11:07:18
/home/vscode/.local/lib/python3.10/site-packages/airflow/example_dags/example_trigger_controller_dag.py                                                    1           0  0.10s           2025-07-16T11:07:26
/home/vscode/.local/lib/python3.10/site-packages/airflow/example_dags/example_branch_labels.py                                                             1           0  0.10s           2025-07-16T11:07:07
/home/vscode/.local/lib/python3.10/site-packages/airflow/example_dags/example_latest_only_with_trigger.py                                                  1           0  0.10s           2025-07-16T11:07:48
/home/vscode/.local/lib/python3.10/site-packages/airflow/example_dags/example_passing_params_via_test_command.py                                           1           0  0.10s           2025-07-16T11:07:36
/home/vscode/.local/lib/python3.10/site-packages/airflow/example_dags/example_short_circuit_decorator.py                                                   1           0  0.10s           2025-07-16T11:07:37
/home/vscode/.local/lib/python3.10/site-packages/airflow/example_dags/example_time_delta_sensor_async.py                                                   1           0  0.10s           2025-07-16T11:07:28
/home/vscode/.local/lib/python3.10/site-packages/airflow/example_dags/example_dag_decorator.py                                                             1           0  0.21s           2025-07-16T11:07:08
/home/vscode/.local/lib/python3.10/site-packages/airflow/example_dags/example_task_group.py                                                                1           0  0.10s           2025-07-16T11:07:29
/home/vscode/.local/lib/python3.10/site-packages/airflow/example_dags/example_branch_operator_decorator.py                                                 1           0  0.10s           2025-07-16T11:07:09
/home/vscode/.local/lib/python3.10/site-packages/airflow/example_dags/example_external_task_marker_dag.py                                                  2           0  0.10s           2025-07-16T11:07:40
/home/vscode/.local/lib/python3.10/site-packages/airflow/example_dags/example_xcomargs.py                                                                  2           0  0.10s           2025-07-16T11:07:16
/home/vscode/.local/lib/python3.10/site-packages/airflow/example_dags/example_subdag_operator.py                                                           3           0  0.10s           2025-07-16T11:07:21
/home/vscode/.local/lib/python3.10/site-packages/airflow/example_dags/example_branch_datetime_operator.py                                                  3           0  0.10s           2025-07-16T11:07:54
/home/vscode/.local/lib/python3.10/site-packages/airflow/example_dags/example_datasets.py                                                                  6           0  0.10s           2025-07-16T11:07:41
================================================================================
[2025-07-16T11:07:56.167+0000] {manager.py:758} INFO - Searching for files in /workspaces/hands-on-introduction-data-engineering-4395021/airflow/dags
[2025-07-16T11:07:56.176+0000] {manager.py:761} INFO - There are 47 files in /workspaces/hands-on-introduction-data-engineering-4395021/airflow/dags
[2025-07-16T11:07:58.748+0000] {manager.py:758} INFO - Searching for files in /workspaces/hands-on-introduction-data-engineering-4395021/airflow/dags
[2025-07-16T11:07:58.763+0000] {manager.py:761} INFO - There are 47 files in /workspaces/hands-on-introduction-data-engineering-4395021/airflow/dags
[2025-07-16T11:08:01.043+0000] {manager.py:758} INFO - Searching for files in /workspaces/hands-on-introduction-data-engineering-4395021/airflow/dags
[2025-07-16T11:08:01.053+0000] {manager.py:761} INFO - There are 47 files in /workspaces/hands-on-introduction-data-engineering-4395021/airflow/dags
[2025-07-16T11:08:03.887+0000] {manager.py:758} INFO - Searching for files in /workspaces/hands-on-introduction-data-engineering-4395021/airflow/dags
[2025-07-16T11:08:03.897+0000] {manager.py:761} INFO - There are 47 files in /workspaces/hands-on-introduction-data-engineering-4395021/airflow/dags
[2025-07-16T11:08:06.177+0000] {manager.py:758} INFO - Searching for files in /workspaces/hands-on-introduction-data-engineering-4395021/airflow/dags
[2025-07-16T11:08:06.186+0000] {manager.py:761} INFO - There are 47 files in /workspaces/hands-on-introduction-data-engineering-4395021/airflow/dags
[2025-07-16T11:08:09.029+0000] {manager.py:758} INFO - Searching for files in /workspaces/hands-on-introduction-data-engineering-4395021/airflow/dags
[2025-07-16T11:08:09.039+0000] {manager.py:761} INFO - There are 47 files in /workspaces/hands-on-introduction-data-engineering-4395021/airflow/dags
[2025-07-16T11:08:11.892+0000] {manager.py:758} INFO - Searching for files in /workspaces/hands-on-introduction-data-engineering-4395021/airflow/dags
[2025-07-16T11:08:11.901+0000] {manager.py:761} INFO - There are 47 files in /workspaces/hands-on-introduction-data-engineering-4395021/airflow/dags
[2025-07-16T11:08:14.187+0000] {manager.py:758} INFO - Searching for files in /workspaces/hands-on-introduction-data-engineering-4395021/airflow/dags
[2025-07-16T11:08:14.197+0000] {manager.py:761} INFO - There are 47 files in /workspaces/hands-on-introduction-data-engineering-4395021/airflow/dags
[2025-07-16T11:08:16.318+0000] {manager.py:758} INFO - Searching for files in /workspaces/hands-on-introduction-data-engineering-4395021/airflow/dags
[2025-07-16T11:08:16.327+0000] {manager.py:761} INFO - There are 47 files in /workspaces/hands-on-introduction-data-engineering-4395021/airflow/dags
[2025-07-16T11:08:19.330+0000] {manager.py:758} INFO - Searching for files in /workspaces/hands-on-introduction-data-engineering-4395021/airflow/dags
[2025-07-16T11:08:19.339+0000] {manager.py:761} INFO - There are 47 files in /workspaces/hands-on-introduction-data-engineering-4395021/airflow/dags
[2025-07-16T11:08:21.620+0000] {manager.py:758} INFO - Searching for files in /workspaces/hands-on-introduction-data-engineering-4395021/airflow/dags
[2025-07-16T11:08:21.630+0000] {manager.py:761} INFO - There are 47 files in /workspaces/hands-on-introduction-data-engineering-4395021/airflow/dags
[2025-07-16T11:08:24.010+0000] {manager.py:758} INFO - Searching for files in /workspaces/hands-on-introduction-data-engineering-4395021/airflow/dags
[2025-07-16T11:08:24.020+0000] {manager.py:761} INFO - There are 47 files in /workspaces/hands-on-introduction-data-engineering-4395021/airflow/dags
[2025-07-16T11:08:25.118+0000] {manager.py:889} INFO - 
================================================================================
DAG File Processing Stats

File Path                                                                                                                         PID    Runtime      # DAGs    # Errors  Last Runtime    Last Run
--------------------------------------------------------------------------------------------------------------------------------  -----  ---------  --------  ----------  --------------  -------------------
/workspaces/hands-on-introduction-data-engineering-4395021/airflow/dags/challenge_dag.py                                                                   0           1  0.11s           2025-07-16T11:07:43
/home/vscode/.local/lib/python3.10/site-packages/airflow/example_dags/example_local_kubernetes_executor.py                                                 0           0  0.11s           2025-07-16T11:08:25
/home/vscode/.local/lib/python3.10/site-packages/airflow/example_dags/example_setup_teardown.py                                                            0           0  0.10s           2025-07-16T11:08:18
/home/vscode/.local/lib/python3.10/site-packages/airflow/example_dags/example_kubernetes_executor.py                                                       0           0  0.10s           2025-07-16T11:07:46
/home/vscode/.local/lib/python3.10/site-packages/airflow/example_dags/example_setup_teardown_taskflow.py                                                   0           0  0.10s           2025-07-16T11:08:23
/home/vscode/.local/lib/python3.10/site-packages/airflow/example_dags/plugins/event_listener.py                                                            0           0  0.10s           2025-07-16T11:08:04
/home/vscode/.local/lib/python3.10/site-packages/airflow/example_dags/plugins/listener_plugin.py                                                           0           0  0.11s           2025-07-16T11:07:44
/home/vscode/.local/lib/python3.10/site-packages/airflow/example_dags/plugins/workday.py                                                                   0           0  0.11s           2025-07-16T11:07:45
/home/vscode/.local/lib/python3.10/site-packages/airflow/example_dags/subdags/subdag.py                                                                    0           0  0.10s           2025-07-16T11:07:57
/home/vscode/.local/lib/python3.10/site-packages/airflow/example_dags/example_bash_operator.py                                                             1           0  0.10s           2025-07-16T11:07:49
/home/vscode/.local/lib/python3.10/site-packages/airflow/example_dags/example_task_group_decorator.py                                                      1           0  0.10s           2025-07-16T11:08:05
/home/vscode/.local/lib/python3.10/site-packages/airflow/example_dags/example_sensor_decorator.py                                                          1           0  0.10s           2025-07-16T11:08:15
/home/vscode/.local/lib/python3.10/site-packages/airflow/example_dags/example_sensors.py                                                                   1           0  0.10s           2025-07-16T11:08:16
/home/vscode/.local/lib/python3.10/site-packages/airflow/example_dags/example_branch_operator.py                                                           1           0  0.10s           2025-07-16T11:07:50
/home/vscode/.local/lib/python3.10/site-packages/airflow/example_dags/example_dynamic_task_mapping.py                                                      1           0  0.10s           2025-07-16T11:08:24
/home/vscode/.local/lib/python3.10/site-packages/airflow/example_dags/example_params_ui_tutorial.py                                                        1           0  0.10s           2025-07-16T11:08:17
/home/vscode/.local/lib/python3.10/site-packages/airflow/example_dags/tutorial_dag.py                                                                      1           0  0.10s           2025-07-16T11:07:58
/home/vscode/.local/lib/python3.10/site-packages/airflow/example_dags/example_short_circuit_operator.py                                                    1           0  0.10s           2025-07-16T11:08:06
/home/vscode/.local/lib/python3.10/site-packages/airflow/example_dags/example_complex.py                                                                   1           0  0.10s           2025-07-16T11:07:51
/home/vscode/.local/lib/python3.10/site-packages/airflow/example_dags/example_sla_dag.py                                                                   1           0  0.10s           2025-07-16T11:08:07
/home/vscode/.local/lib/python3.10/site-packages/airflow/example_dags/tutorial_taskflow_api_virtualenv.py                                                  1           0  0.10s           2025-07-16T11:08:00
/home/vscode/.local/lib/python3.10/site-packages/airflow/example_dags/example_xcom.py                                                                      1           0  0.10s           2025-07-16T11:08:09
/home/vscode/.local/lib/python3.10/site-packages/airflow/example_dags/example_params_trigger_ui.py                                                         1           0  0.10s           2025-07-16T11:08:19
/home/vscode/.local/lib/python3.10/site-packages/airflow/example_dags/example_trigger_target_dag.py                                                        1           0  0.10s           2025-07-16T11:08:09
/home/vscode/.local/lib/python3.10/site-packages/airflow/example_dags/example_branch_python_dop_operator_3.py                                              1           0  0.11s           2025-07-16T11:07:52
/home/vscode/.local/lib/python3.10/site-packages/airflow/example_dags/example_latest_only.py                                                               1           0  0.10s           2025-07-16T11:07:42
/home/vscode/.local/lib/python3.10/site-packages/airflow/example_dags/example_skip_dag.py                                                                  1           0  0.10s           2025-07-16T11:08:11
/home/vscode/.local/lib/python3.10/site-packages/airflow/example_dags/example_python_operator.py                                                           1           0  0.10s           2025-07-16T11:08:20
/home/vscode/.local/lib/python3.10/site-packages/airflow/example_dags/example_branch_day_of_week_operator.py                                               1           0  0.10s           2025-07-16T11:07:53
/home/vscode/.local/lib/python3.10/site-packages/airflow/example_dags/example_nested_branch_dag.py                                                         1           0  0.10s           2025-07-16T11:07:46
/home/vscode/.local/lib/python3.10/site-packages/airflow/example_dags/example_dynamic_task_mapping_with_no_taskflow_operators.py                           1           0  0.10s           2025-07-16T11:07:47
/home/vscode/.local/lib/python3.10/site-packages/airflow/example_dags/tutorial.py                                                                          1           0  0.10s           2025-07-16T11:08:01
/home/vscode/.local/lib/python3.10/site-packages/airflow/example_dags/tutorial_taskflow_api.py                                                             1           0  0.10s           2025-07-16T11:08:02
/home/vscode/.local/lib/python3.10/site-packages/airflow/example_dags/example_trigger_controller_dag.py                                                    1           0  0.10s           2025-07-16T11:08:12
/home/vscode/.local/lib/python3.10/site-packages/airflow/example_dags/example_branch_labels.py                                                             1           0  0.10s           2025-07-16T11:07:55
/home/vscode/.local/lib/python3.10/site-packages/airflow/example_dags/example_latest_only_with_trigger.py                                                  1           0  0.10s           2025-07-16T11:07:48
/home/vscode/.local/lib/python3.10/site-packages/airflow/example_dags/example_passing_params_via_test_command.py                                           1           0  0.10s           2025-07-16T11:08:21
/home/vscode/.local/lib/python3.10/site-packages/airflow/example_dags/example_short_circuit_decorator.py                                                   1           0  0.10s           2025-07-16T11:08:22
/home/vscode/.local/lib/python3.10/site-packages/airflow/example_dags/example_time_delta_sensor_async.py                                                   1           0  0.10s           2025-07-16T11:08:13
/home/vscode/.local/lib/python3.10/site-packages/airflow/example_dags/example_dag_decorator.py                                                             1           0  0.20s           2025-07-16T11:07:56
/home/vscode/.local/lib/python3.10/site-packages/airflow/example_dags/example_task_group.py                                                                1           0  0.10s           2025-07-16T11:08:14
/home/vscode/.local/lib/python3.10/site-packages/airflow/example_dags/example_branch_operator_decorator.py                                                 1           0  0.10s           2025-07-16T11:07:56
/home/vscode/.local/lib/python3.10/site-packages/airflow/example_dags/example_external_task_marker_dag.py                                                  2           0  0.10s           2025-07-16T11:07:40
/home/vscode/.local/lib/python3.10/site-packages/airflow/example_dags/example_xcomargs.py                                                                  2           0  0.10s           2025-07-16T11:08:01
/home/vscode/.local/lib/python3.10/site-packages/airflow/example_dags/example_subdag_operator.py                                                           3           0  0.10s           2025-07-16T11:08:06
/home/vscode/.local/lib/python3.10/site-packages/airflow/example_dags/example_branch_datetime_operator.py                                                  3           0  0.10s           2025-07-16T11:07:54
/home/vscode/.local/lib/python3.10/site-packages/airflow/example_dags/example_datasets.py                                                                  6           0  0.10s           2025-07-16T11:07:41
================================================================================
[2025-07-16T11:08:26.460+0000] {manager.py:758} INFO - Searching for files in /workspaces/hands-on-introduction-data-engineering-4395021/airflow/dags
[2025-07-16T11:08:26.474+0000] {manager.py:761} INFO - There are 47 files in /workspaces/hands-on-introduction-data-engineering-4395021/airflow/dags
[2025-07-16T11:08:28.476+0000] {manager.py:758} INFO - Searching for files in /workspaces/hands-on-introduction-data-engineering-4395021/airflow/dags
[2025-07-16T11:08:28.486+0000] {manager.py:761} INFO - There are 47 files in /workspaces/hands-on-introduction-data-engineering-4395021/airflow/dags
[2025-07-16T11:08:30.765+0000] {manager.py:758} INFO - Searching for files in /workspaces/hands-on-introduction-data-engineering-4395021/airflow/dags
[2025-07-16T11:08:30.774+0000] {manager.py:761} INFO - There are 47 files in /workspaces/hands-on-introduction-data-engineering-4395021/airflow/dags
[2025-07-16T11:08:33.618+0000] {manager.py:758} INFO - Searching for files in /workspaces/hands-on-introduction-data-engineering-4395021/airflow/dags
[2025-07-16T11:08:33.628+0000] {manager.py:761} INFO - There are 47 files in /workspaces/hands-on-introduction-data-engineering-4395021/airflow/dags
[2025-07-16T11:08:36.607+0000] {manager.py:758} INFO - Searching for files in /workspaces/hands-on-introduction-data-engineering-4395021/airflow/dags
[2025-07-16T11:08:36.620+0000] {manager.py:761} INFO - There are 47 files in /workspaces/hands-on-introduction-data-engineering-4395021/airflow/dags
[2025-07-16T11:08:38.788+0000] {manager.py:758} INFO - Searching for files in /workspaces/hands-on-introduction-data-engineering-4395021/airflow/dags
[2025-07-16T11:08:38.798+0000] {manager.py:761} INFO - There are 47 files in /workspaces/hands-on-introduction-data-engineering-4395021/airflow/dags
[2025-07-16T11:08:41.287+0000] {manager.py:758} INFO - Searching for files in /workspaces/hands-on-introduction-data-engineering-4395021/airflow/dags
[2025-07-16T11:08:41.303+0000] {manager.py:761} INFO - There are 47 files in /workspaces/hands-on-introduction-data-engineering-4395021/airflow/dags
[2025-07-16T11:08:44.151+0000] {manager.py:758} INFO - Searching for files in /workspaces/hands-on-introduction-data-engineering-4395021/airflow/dags
[2025-07-16T11:08:44.180+0000] {manager.py:761} INFO - There are 47 files in /workspaces/hands-on-introduction-data-engineering-4395021/airflow/dags
[2025-07-16T11:08:46.755+0000] {manager.py:758} INFO - Searching for files in /workspaces/hands-on-introduction-data-engineering-4395021/airflow/dags
[2025-07-16T11:08:46.770+0000] {manager.py:761} INFO - There are 47 files in /workspaces/hands-on-introduction-data-engineering-4395021/airflow/dags
[2025-07-16T11:08:49.292+0000] {manager.py:758} INFO - Searching for files in /workspaces/hands-on-introduction-data-engineering-4395021/airflow/dags
[2025-07-16T11:08:49.301+0000] {manager.py:761} INFO - There are 47 files in /workspaces/hands-on-introduction-data-engineering-4395021/airflow/dags
[2025-07-16T11:08:51.582+0000] {manager.py:758} INFO - Searching for files in /workspaces/hands-on-introduction-data-engineering-4395021/airflow/dags
[2025-07-16T11:08:51.591+0000] {manager.py:761} INFO - There are 47 files in /workspaces/hands-on-introduction-data-engineering-4395021/airflow/dags
[2025-07-16T11:08:54.434+0000] {manager.py:758} INFO - Searching for files in /workspaces/hands-on-introduction-data-engineering-4395021/airflow/dags
[2025-07-16T11:08:54.443+0000] {manager.py:761} INFO - There are 47 files in /workspaces/hands-on-introduction-data-engineering-4395021/airflow/dags
[2025-07-16T11:08:55.394+0000] {manager.py:889} INFO - 
================================================================================
DAG File Processing Stats

File Path                                                                                                                         PID    Runtime      # DAGs    # Errors  Last Runtime    Last Run
--------------------------------------------------------------------------------------------------------------------------------  -----  ---------  --------  ----------  --------------  -------------------
/workspaces/hands-on-introduction-data-engineering-4395021/airflow/dags/challenge_dag.py                                                                   0           1  0.10s           2025-07-16T11:08:28
/home/vscode/.local/lib/python3.10/site-packages/airflow/example_dags/example_local_kubernetes_executor.py                                                 0           0  0.11s           2025-07-16T11:08:25
/home/vscode/.local/lib/python3.10/site-packages/airflow/example_dags/example_setup_teardown.py                                                            0           0  0.10s           2025-07-16T11:08:18
/home/vscode/.local/lib/python3.10/site-packages/airflow/example_dags/example_kubernetes_executor.py                                                       0           0  0.10s           2025-07-16T11:08:32
/home/vscode/.local/lib/python3.10/site-packages/airflow/example_dags/example_setup_teardown_taskflow.py                                                   0           0  0.10s           2025-07-16T11:08:23
/home/vscode/.local/lib/python3.10/site-packages/airflow/example_dags/plugins/event_listener.py                                                            0           0  0.10s           2025-07-16T11:08:49
/home/vscode/.local/lib/python3.10/site-packages/airflow/example_dags/plugins/listener_plugin.py                                                           0           0  0.10s           2025-07-16T11:08:29
/home/vscode/.local/lib/python3.10/site-packages/airflow/example_dags/plugins/workday.py                                                                   0           0  0.10s           2025-07-16T11:08:30
/home/vscode/.local/lib/python3.10/site-packages/airflow/example_dags/subdags/subdag.py                                                                    0           0  0.10s           2025-07-16T11:08:32
/home/vscode/.local/lib/python3.10/site-packages/airflow/example_dags/example_bash_operator.py                                                             1           0  0.10s           2025-07-16T11:08:36
/home/vscode/.local/lib/python3.10/site-packages/airflow/example_dags/example_task_group_decorator.py                                                      1           0  0.10s           2025-07-16T11:08:50
/home/vscode/.local/lib/python3.10/site-packages/airflow/example_dags/example_sensor_decorator.py                                                          1           0  0.10s           2025-07-16T11:08:15
/home/vscode/.local/lib/python3.10/site-packages/airflow/example_dags/example_sensors.py                                                                   1           0  0.10s           2025-07-16T11:08:16
/home/vscode/.local/lib/python3.10/site-packages/airflow/example_dags/example_branch_operator.py                                                           1           0  0.11s           2025-07-16T11:08:37
/home/vscode/.local/lib/python3.10/site-packages/airflow/example_dags/example_dynamic_task_mapping.py                                                      1           0  0.10s           2025-07-16T11:08:24
/home/vscode/.local/lib/python3.10/site-packages/airflow/example_dags/example_params_ui_tutorial.py                                                        1           0  0.10s           2025-07-16T11:08:17
/home/vscode/.local/lib/python3.10/site-packages/airflow/example_dags/tutorial_dag.py                                                                      1           0  0.10s           2025-07-16T11:08:45
/home/vscode/.local/lib/python3.10/site-packages/airflow/example_dags/example_short_circuit_operator.py                                                    1           0  0.10s           2025-07-16T11:08:52
/home/vscode/.local/lib/python3.10/site-packages/airflow/example_dags/example_complex.py                                                                   1           0  0.10s           2025-07-16T11:08:38
/home/vscode/.local/lib/python3.10/site-packages/airflow/example_dags/example_sla_dag.py                                                                   1           0  0.10s           2025-07-16T11:08:53
/home/vscode/.local/lib/python3.10/site-packages/airflow/example_dags/tutorial_taskflow_api_virtualenv.py                                                  1           0  0.11s           2025-07-16T11:08:45
/home/vscode/.local/lib/python3.10/site-packages/airflow/example_dags/example_xcom.py                                                                      1           0  0.10s           2025-07-16T11:08:54
/home/vscode/.local/lib/python3.10/site-packages/airflow/example_dags/example_params_trigger_ui.py                                                         1           0  0.10s           2025-07-16T11:08:19
/home/vscode/.local/lib/python3.10/site-packages/airflow/example_dags/example_trigger_target_dag.py                                                        1           0  0.10s           2025-07-16T11:08:55
/home/vscode/.local/lib/python3.10/site-packages/airflow/example_dags/example_branch_python_dop_operator_3.py                                              1           0  0.10s           2025-07-16T11:08:40
/home/vscode/.local/lib/python3.10/site-packages/airflow/example_dags/example_latest_only.py                                                               1           0  0.10s           2025-07-16T11:08:27
/home/vscode/.local/lib/python3.10/site-packages/airflow/example_dags/example_skip_dag.py                                                                  1           0  0.10s           2025-07-16T11:08:11
/home/vscode/.local/lib/python3.10/site-packages/airflow/example_dags/example_python_operator.py                                                           1           0  0.10s           2025-07-16T11:08:20
/home/vscode/.local/lib/python3.10/site-packages/airflow/example_dags/example_branch_day_of_week_operator.py                                               1           0  0.10s           2025-07-16T11:08:40
/home/vscode/.local/lib/python3.10/site-packages/airflow/example_dags/example_nested_branch_dag.py                                                         1           0  0.10s           2025-07-16T11:08:33
/home/vscode/.local/lib/python3.10/site-packages/airflow/example_dags/example_dynamic_task_mapping_with_no_taskflow_operators.py                           1           0  0.10s           2025-07-16T11:08:34
/home/vscode/.local/lib/python3.10/site-packages/airflow/example_dags/tutorial.py                                                                          1           0  0.10s           2025-07-16T11:08:48
/home/vscode/.local/lib/python3.10/site-packages/airflow/example_dags/tutorial_taskflow_api.py                                                             1           0  0.10s           2025-07-16T11:08:48
/home/vscode/.local/lib/python3.10/site-packages/airflow/example_dags/example_trigger_controller_dag.py                                                    1           0  0.10s           2025-07-16T11:08:12
/home/vscode/.local/lib/python3.10/site-packages/airflow/example_dags/example_branch_labels.py                                                             1           0  0.11s           2025-07-16T11:08:42
/home/vscode/.local/lib/python3.10/site-packages/airflow/example_dags/example_latest_only_with_trigger.py                                                  1           0  0.11s           2025-07-16T11:08:35
/home/vscode/.local/lib/python3.10/site-packages/airflow/example_dags/example_passing_params_via_test_command.py                                           1           0  0.10s           2025-07-16T11:08:21
/home/vscode/.local/lib/python3.10/site-packages/airflow/example_dags/example_short_circuit_decorator.py                                                   1           0  0.10s           2025-07-16T11:08:22
/home/vscode/.local/lib/python3.10/site-packages/airflow/example_dags/example_time_delta_sensor_async.py                                                   1           0  0.10s           2025-07-16T11:08:13
/home/vscode/.local/lib/python3.10/site-packages/airflow/example_dags/example_dag_decorator.py                                                             1           0  0.31s           2025-07-16T11:08:43
/home/vscode/.local/lib/python3.10/site-packages/airflow/example_dags/example_task_group.py                                                                1           0  0.10s           2025-07-16T11:08:14
/home/vscode/.local/lib/python3.10/site-packages/airflow/example_dags/example_branch_operator_decorator.py                                                 1           0  0.21s           2025-07-16T11:08:44
/home/vscode/.local/lib/python3.10/site-packages/airflow/example_dags/example_external_task_marker_dag.py                                                  2           0  0.11s           2025-07-16T11:08:25
/home/vscode/.local/lib/python3.10/site-packages/airflow/example_dags/example_xcomargs.py                                                                  2           0  0.11s           2025-07-16T11:08:46
/home/vscode/.local/lib/python3.10/site-packages/airflow/example_dags/example_subdag_operator.py                                                           3           0  0.11s           2025-07-16T11:08:51
/home/vscode/.local/lib/python3.10/site-packages/airflow/example_dags/example_branch_datetime_operator.py                                                  3           0  0.10s           2025-07-16T11:08:41
/home/vscode/.local/lib/python3.10/site-packages/airflow/example_dags/example_datasets.py                                                                  6           0  0.11s           2025-07-16T11:08:26
================================================================================
[2025-07-16T11:08:56.890+0000] {manager.py:758} INFO - Searching for files in /workspaces/hands-on-introduction-data-engineering-4395021/airflow/dags
[2025-07-16T11:08:56.900+0000] {manager.py:761} INFO - There are 47 files in /workspaces/hands-on-introduction-data-engineering-4395021/airflow/dags
[2025-07-16T11:08:59.575+0000] {manager.py:758} INFO - Searching for files in /workspaces/hands-on-introduction-data-engineering-4395021/airflow/dags
[2025-07-16T11:08:59.587+0000] {manager.py:761} INFO - There are 47 files in /workspaces/hands-on-introduction-data-engineering-4395021/airflow/dags
[2025-07-16T11:09:01.880+0000] {manager.py:758} INFO - Searching for files in /workspaces/hands-on-introduction-data-engineering-4395021/airflow/dags
[2025-07-16T11:09:01.890+0000] {manager.py:761} INFO - There are 47 files in /workspaces/hands-on-introduction-data-engineering-4395021/airflow/dags
[2025-07-16T11:09:04.720+0000] {manager.py:758} INFO - Searching for files in /workspaces/hands-on-introduction-data-engineering-4395021/airflow/dags
[2025-07-16T11:09:04.729+0000] {manager.py:761} INFO - There are 47 files in /workspaces/hands-on-introduction-data-engineering-4395021/airflow/dags
[2025-07-16T11:09:07.014+0000] {manager.py:758} INFO - Searching for files in /workspaces/hands-on-introduction-data-engineering-4395021/airflow/dags
[2025-07-16T11:09:07.023+0000] {manager.py:761} INFO - There are 47 files in /workspaces/hands-on-introduction-data-engineering-4395021/airflow/dags
[2025-07-16T11:09:09.860+0000] {manager.py:758} INFO - Searching for files in /workspaces/hands-on-introduction-data-engineering-4395021/airflow/dags
[2025-07-16T11:09:09.870+0000] {manager.py:761} INFO - There are 47 files in /workspaces/hands-on-introduction-data-engineering-4395021/airflow/dags
[2025-07-16T11:09:12.706+0000] {manager.py:758} INFO - Searching for files in /workspaces/hands-on-introduction-data-engineering-4395021/airflow/dags
[2025-07-16T11:09:12.721+0000] {manager.py:761} INFO - There are 47 files in /workspaces/hands-on-introduction-data-engineering-4395021/airflow/dags
[2025-07-16T11:09:15.005+0000] {manager.py:758} INFO - Searching for files in /workspaces/hands-on-introduction-data-engineering-4395021/airflow/dags
[2025-07-16T11:09:15.015+0000] {manager.py:761} INFO - There are 47 files in /workspaces/hands-on-introduction-data-engineering-4395021/airflow/dags
[2025-07-16T11:09:17.155+0000] {manager.py:758} INFO - Searching for files in /workspaces/hands-on-introduction-data-engineering-4395021/airflow/dags
[2025-07-16T11:09:17.165+0000] {manager.py:761} INFO - There are 47 files in /workspaces/hands-on-introduction-data-engineering-4395021/airflow/dags
[2025-07-16T11:09:20.145+0000] {manager.py:758} INFO - Searching for files in /workspaces/hands-on-introduction-data-engineering-4395021/airflow/dags
[2025-07-16T11:09:20.155+0000] {manager.py:761} INFO - There are 47 files in /workspaces/hands-on-introduction-data-engineering-4395021/airflow/dags
[2025-07-16T11:09:22.441+0000] {manager.py:758} INFO - Searching for files in /workspaces/hands-on-introduction-data-engineering-4395021/airflow/dags
[2025-07-16T11:09:22.450+0000] {manager.py:761} INFO - There are 47 files in /workspaces/hands-on-introduction-data-engineering-4395021/airflow/dags
[2025-07-16T11:09:25.292+0000] {manager.py:758} INFO - Searching for files in /workspaces/hands-on-introduction-data-engineering-4395021/airflow/dags
[2025-07-16T11:09:25.302+0000] {manager.py:761} INFO - There are 47 files in /workspaces/hands-on-introduction-data-engineering-4395021/airflow/dags
[2025-07-16T11:09:25.418+0000] {manager.py:889} INFO - 
================================================================================
DAG File Processing Stats

File Path                                                                                                                         PID    Runtime      # DAGs    # Errors  Last Runtime    Last Run
--------------------------------------------------------------------------------------------------------------------------------  -----  ---------  --------  ----------  --------------  -------------------
/workspaces/hands-on-introduction-data-engineering-4395021/airflow/dags/challenge_dag.py                                                                   0           1  0.11s           2025-07-16T11:09:00
/home/vscode/.local/lib/python3.10/site-packages/airflow/example_dags/example_local_kubernetes_executor.py                                                 0           0  0.11s           2025-07-16T11:09:11
/home/vscode/.local/lib/python3.10/site-packages/airflow/example_dags/example_setup_teardown.py                                                            0           0  0.10s           2025-07-16T11:09:04
/home/vscode/.local/lib/python3.10/site-packages/airflow/example_dags/example_kubernetes_executor.py                                                       0           0  0.11s           2025-07-16T11:09:20
/home/vscode/.local/lib/python3.10/site-packages/airflow/example_dags/example_setup_teardown_taskflow.py                                                   0           0  0.10s           2025-07-16T11:09:09
/home/vscode/.local/lib/python3.10/site-packages/airflow/example_dags/plugins/event_listener.py                                                            0           0  0.10s           2025-07-16T11:08:49
/home/vscode/.local/lib/python3.10/site-packages/airflow/example_dags/plugins/listener_plugin.py                                                           0           0  0.10s           2025-07-16T11:09:02
/home/vscode/.local/lib/python3.10/site-packages/airflow/example_dags/plugins/workday.py                                                                   0           0  0.10s           2025-07-16T11:09:16
/home/vscode/.local/lib/python3.10/site-packages/airflow/example_dags/subdags/subdag.py                                                                    0           0  0.10s           2025-07-16T11:09:17
/home/vscode/.local/lib/python3.10/site-packages/airflow/example_dags/example_bash_operator.py                                                             1           0  0.10s           2025-07-16T11:09:24
/home/vscode/.local/lib/python3.10/site-packages/airflow/example_dags/example_task_group_decorator.py                                                      1           0  0.10s           2025-07-16T11:08:50
/home/vscode/.local/lib/python3.10/site-packages/airflow/example_dags/example_sensor_decorator.py                                                          1           0  0.11s           2025-07-16T11:08:59
/home/vscode/.local/lib/python3.10/site-packages/airflow/example_dags/example_sensors.py                                                                   1           0  0.10s           2025-07-16T11:09:03
/home/vscode/.local/lib/python3.10/site-packages/airflow/example_dags/example_branch_operator.py                                                           1           0  0.10s           2025-07-16T11:09:25
/home/vscode/.local/lib/python3.10/site-packages/airflow/example_dags/example_dynamic_task_mapping.py                                                      1           0  0.10s           2025-07-16T11:09:10
/home/vscode/.local/lib/python3.10/site-packages/airflow/example_dags/example_params_ui_tutorial.py                                                        1           0  0.10s           2025-07-16T11:09:03
/home/vscode/.local/lib/python3.10/site-packages/airflow/example_dags/tutorial_dag.py                                                                      1           0  0.10s           2025-07-16T11:09:18
/home/vscode/.local/lib/python3.10/site-packages/airflow/example_dags/example_short_circuit_operator.py                                                    1           0  0.10s           2025-07-16T11:08:52
/home/vscode/.local/lib/python3.10/site-packages/airflow/example_dags/example_complex.py                                                                   1           0  0.10s           2025-07-16T11:08:38
/home/vscode/.local/lib/python3.10/site-packages/airflow/example_dags/example_sla_dag.py                                                                   1           0  0.10s           2025-07-16T11:08:53
/home/vscode/.local/lib/python3.10/site-packages/airflow/example_dags/tutorial_taskflow_api_virtualenv.py                                                  1           0  0.10s           2025-07-16T11:09:19
/home/vscode/.local/lib/python3.10/site-packages/airflow/example_dags/example_xcom.py                                                                      1           0  0.10s           2025-07-16T11:08:54
/home/vscode/.local/lib/python3.10/site-packages/airflow/example_dags/example_params_trigger_ui.py                                                         1           0  0.10s           2025-07-16T11:09:05
/home/vscode/.local/lib/python3.10/site-packages/airflow/example_dags/example_trigger_target_dag.py                                                        1           0  0.10s           2025-07-16T11:08:55
/home/vscode/.local/lib/python3.10/site-packages/airflow/example_dags/example_branch_python_dop_operator_3.py                                              1           0  0.10s           2025-07-16T11:08:40
/home/vscode/.local/lib/python3.10/site-packages/airflow/example_dags/example_latest_only.py                                                               1           0  0.10s           2025-07-16T11:09:15
/home/vscode/.local/lib/python3.10/site-packages/airflow/example_dags/example_skip_dag.py                                                                  1           0  0.10s           2025-07-16T11:08:55
/home/vscode/.local/lib/python3.10/site-packages/airflow/example_dags/example_python_operator.py                                                           1           0  0.10s           2025-07-16T11:09:07
/home/vscode/.local/lib/python3.10/site-packages/airflow/example_dags/example_branch_day_of_week_operator.py                                               1           0  0.10s           2025-07-16T11:08:40
/home/vscode/.local/lib/python3.10/site-packages/airflow/example_dags/example_nested_branch_dag.py                                                         1           0  0.10s           2025-07-16T11:09:21
/home/vscode/.local/lib/python3.10/site-packages/airflow/example_dags/example_dynamic_task_mapping_with_no_taskflow_operators.py                           1           0  0.10s           2025-07-16T11:09:22
/home/vscode/.local/lib/python3.10/site-packages/airflow/example_dags/tutorial.py                                                                          1           0  0.10s           2025-07-16T11:08:48
/home/vscode/.local/lib/python3.10/site-packages/airflow/example_dags/tutorial_taskflow_api.py                                                             1           0  0.10s           2025-07-16T11:08:48
/home/vscode/.local/lib/python3.10/site-packages/airflow/example_dags/example_trigger_controller_dag.py                                                    1           0  0.10s           2025-07-16T11:08:57
/home/vscode/.local/lib/python3.10/site-packages/airflow/example_dags/example_branch_labels.py                                                             1           0  0.11s           2025-07-16T11:08:42
/home/vscode/.local/lib/python3.10/site-packages/airflow/example_dags/example_latest_only_with_trigger.py                                                  1           0  0.10s           2025-07-16T11:09:23
/home/vscode/.local/lib/python3.10/site-packages/airflow/example_dags/example_passing_params_via_test_command.py                                           1           0  0.10s           2025-07-16T11:09:08
/home/vscode/.local/lib/python3.10/site-packages/airflow/example_dags/example_short_circuit_decorator.py                                                   1           0  0.10s           2025-07-16T11:09:08
/home/vscode/.local/lib/python3.10/site-packages/airflow/example_dags/example_time_delta_sensor_async.py                                                   1           0  0.10s           2025-07-16T11:08:58
/home/vscode/.local/lib/python3.10/site-packages/airflow/example_dags/example_dag_decorator.py                                                             1           0  0.31s           2025-07-16T11:08:43
/home/vscode/.local/lib/python3.10/site-packages/airflow/example_dags/example_task_group.py                                                                1           0  0.10s           2025-07-16T11:08:58
/home/vscode/.local/lib/python3.10/site-packages/airflow/example_dags/example_branch_operator_decorator.py                                                 1           0  0.21s           2025-07-16T11:08:44
/home/vscode/.local/lib/python3.10/site-packages/airflow/example_dags/example_external_task_marker_dag.py                                                  2           0  0.10s           2025-07-16T11:09:12
/home/vscode/.local/lib/python3.10/site-packages/airflow/example_dags/example_xcomargs.py                                                                  2           0  0.11s           2025-07-16T11:08:46
/home/vscode/.local/lib/python3.10/site-packages/airflow/example_dags/example_subdag_operator.py                                                           3           0  0.11s           2025-07-16T11:08:51
/home/vscode/.local/lib/python3.10/site-packages/airflow/example_dags/example_branch_datetime_operator.py                                                  3           0  0.10s           2025-07-16T11:08:41
/home/vscode/.local/lib/python3.10/site-packages/airflow/example_dags/example_datasets.py                                                                  6           0  0.11s           2025-07-16T11:09:13
================================================================================
[2025-07-16T11:09:27.306+0000] {manager.py:758} INFO - Searching for files in /workspaces/hands-on-introduction-data-engineering-4395021/airflow/dags
[2025-07-16T11:09:27.315+0000] {manager.py:761} INFO - There are 47 files in /workspaces/hands-on-introduction-data-engineering-4395021/airflow/dags
[2025-07-16T11:09:30.441+0000] {manager.py:758} INFO - Searching for files in /workspaces/hands-on-introduction-data-engineering-4395021/airflow/dags
[2025-07-16T11:09:30.450+0000] {manager.py:761} INFO - There are 47 files in /workspaces/hands-on-introduction-data-engineering-4395021/airflow/dags
[2025-07-16T11:09:32.835+0000] {manager.py:758} INFO - Searching for files in /workspaces/hands-on-introduction-data-engineering-4395021/airflow/dags
[2025-07-16T11:09:32.845+0000] {manager.py:761} INFO - There are 47 files in /workspaces/hands-on-introduction-data-engineering-4395021/airflow/dags
[2025-07-16T11:09:35.600+0000] {manager.py:758} INFO - Searching for files in /workspaces/hands-on-introduction-data-engineering-4395021/airflow/dags
[2025-07-16T11:09:35.613+0000] {manager.py:761} INFO - There are 47 files in /workspaces/hands-on-introduction-data-engineering-4395021/airflow/dags
[2025-07-16T11:09:38.593+0000] {manager.py:758} INFO - Searching for files in /workspaces/hands-on-introduction-data-engineering-4395021/airflow/dags
[2025-07-16T11:09:38.610+0000] {manager.py:761} INFO - There are 47 files in /workspaces/hands-on-introduction-data-engineering-4395021/airflow/dags
[2025-07-16T11:09:40.703+0000] {manager.py:758} INFO - Searching for files in /workspaces/hands-on-introduction-data-engineering-4395021/airflow/dags
[2025-07-16T11:09:40.713+0000] {manager.py:761} INFO - There are 47 files in /workspaces/hands-on-introduction-data-engineering-4395021/airflow/dags
[2025-07-16T11:09:42.995+0000] {manager.py:758} INFO - Searching for files in /workspaces/hands-on-introduction-data-engineering-4395021/airflow/dags
[2025-07-16T11:09:43.004+0000] {manager.py:761} INFO - There are 47 files in /workspaces/hands-on-introduction-data-engineering-4395021/airflow/dags
[2025-07-16T11:09:45.881+0000] {manager.py:758} INFO - Searching for files in /workspaces/hands-on-introduction-data-engineering-4395021/airflow/dags
[2025-07-16T11:09:45.891+0000] {manager.py:761} INFO - There are 47 files in /workspaces/hands-on-introduction-data-engineering-4395021/airflow/dags
[2025-07-16T11:09:48.721+0000] {manager.py:758} INFO - Searching for files in /workspaces/hands-on-introduction-data-engineering-4395021/airflow/dags
[2025-07-16T11:09:48.730+0000] {manager.py:761} INFO - There are 47 files in /workspaces/hands-on-introduction-data-engineering-4395021/airflow/dags
[2025-07-16T11:09:51.017+0000] {manager.py:758} INFO - Searching for files in /workspaces/hands-on-introduction-data-engineering-4395021/airflow/dags
[2025-07-16T11:09:51.027+0000] {manager.py:761} INFO - There are 47 files in /workspaces/hands-on-introduction-data-engineering-4395021/airflow/dags
[2025-07-16T11:09:53.307+0000] {manager.py:758} INFO - Searching for files in /workspaces/hands-on-introduction-data-engineering-4395021/airflow/dags
[2025-07-16T11:09:53.323+0000] {manager.py:761} INFO - There are 47 files in /workspaces/hands-on-introduction-data-engineering-4395021/airflow/dags
[2025-07-16T11:09:55.858+0000] {manager.py:758} INFO - Searching for files in /workspaces/hands-on-introduction-data-engineering-4395021/airflow/dags
[2025-07-16T11:09:55.869+0000] {manager.py:761} INFO - There are 47 files in /workspaces/hands-on-introduction-data-engineering-4395021/airflow/dags
[2025-07-16T11:09:55.987+0000] {manager.py:889} INFO - 
================================================================================
DAG File Processing Stats

File Path                                                                                                                         PID    Runtime      # DAGs    # Errors  Last Runtime    Last Run
--------------------------------------------------------------------------------------------------------------------------------  -----  ---------  --------  ----------  --------------  -------------------
/workspaces/hands-on-introduction-data-engineering-4395021/airflow/dags/challenge_dag.py                                                                   0           1  0.10s           2025-07-16T11:09:32
/home/vscode/.local/lib/python3.10/site-packages/airflow/example_dags/example_local_kubernetes_executor.py                                                 0           0  0.11s           2025-07-16T11:09:11
/home/vscode/.local/lib/python3.10/site-packages/airflow/example_dags/example_setup_teardown.py                                                            0           0  0.10s           2025-07-16T11:09:55
/home/vscode/.local/lib/python3.10/site-packages/airflow/example_dags/example_kubernetes_executor.py                                                       0           0  0.11s           2025-07-16T11:09:20
/home/vscode/.local/lib/python3.10/site-packages/airflow/example_dags/example_setup_teardown_taskflow.py                                                   0           0  0.10s           2025-07-16T11:09:09
/home/vscode/.local/lib/python3.10/site-packages/airflow/example_dags/plugins/event_listener.py                                                            0           0  0.11s           2025-07-16T11:09:37
/home/vscode/.local/lib/python3.10/site-packages/airflow/example_dags/plugins/listener_plugin.py                                                           0           0  0.10s           2025-07-16T11:09:34
/home/vscode/.local/lib/python3.10/site-packages/airflow/example_dags/plugins/workday.py                                                                   0           0  0.10s           2025-07-16T11:09:49
/home/vscode/.local/lib/python3.10/site-packages/airflow/example_dags/subdags/subdag.py                                                                    0           0  0.10s           2025-07-16T11:09:51
/home/vscode/.local/lib/python3.10/site-packages/airflow/example_dags/example_bash_operator.py                                                             1           0  0.10s           2025-07-16T11:09:24
/home/vscode/.local/lib/python3.10/site-packages/airflow/example_dags/example_task_group_decorator.py                                                      1           0  0.10s           2025-07-16T11:09:38
/home/vscode/.local/lib/python3.10/site-packages/airflow/example_dags/example_sensor_decorator.py                                                          1           0  0.10s           2025-07-16T11:09:48
/home/vscode/.local/lib/python3.10/site-packages/airflow/example_dags/example_sensors.py                                                                   1           0  0.10s           2025-07-16T11:09:54
/home/vscode/.local/lib/python3.10/site-packages/airflow/example_dags/example_branch_operator.py                                                           1           0  0.10s           2025-07-16T11:09:25
/home/vscode/.local/lib/python3.10/site-packages/airflow/example_dags/example_dynamic_task_mapping.py                                                      1           0  0.10s           2025-07-16T11:09:10
/home/vscode/.local/lib/python3.10/site-packages/airflow/example_dags/example_params_ui_tutorial.py                                                        1           0  0.10s           2025-07-16T11:09:55
/home/vscode/.local/lib/python3.10/site-packages/airflow/example_dags/tutorial_dag.py                                                                      1           0  0.10s           2025-07-16T11:09:52
/home/vscode/.local/lib/python3.10/site-packages/airflow/example_dags/example_short_circuit_operator.py                                                    1           0  0.10s           2025-07-16T11:09:40
/home/vscode/.local/lib/python3.10/site-packages/airflow/example_dags/example_complex.py                                                                   1           0  0.10s           2025-07-16T11:09:25
/home/vscode/.local/lib/python3.10/site-packages/airflow/example_dags/example_sla_dag.py                                                                   1           0  0.10s           2025-07-16T11:09:41
/home/vscode/.local/lib/python3.10/site-packages/airflow/example_dags/tutorial_taskflow_api_virtualenv.py                                                  1           0  0.11s           2025-07-16T11:09:53
/home/vscode/.local/lib/python3.10/site-packages/airflow/example_dags/example_xcom.py                                                                      1           0  0.10s           2025-07-16T11:09:43
/home/vscode/.local/lib/python3.10/site-packages/airflow/example_dags/example_params_trigger_ui.py                                                         1           0  0.10s           2025-07-16T11:09:05
/home/vscode/.local/lib/python3.10/site-packages/airflow/example_dags/example_trigger_target_dag.py                                                        1           0  0.10s           2025-07-16T11:09:44
/home/vscode/.local/lib/python3.10/site-packages/airflow/example_dags/example_branch_python_dop_operator_3.py                                              1           0  0.11s           2025-07-16T11:09:26
/home/vscode/.local/lib/python3.10/site-packages/airflow/example_dags/example_latest_only.py                                                               1           0  0.10s           2025-07-16T11:09:15
/home/vscode/.local/lib/python3.10/site-packages/airflow/example_dags/example_skip_dag.py                                                                  1           0  0.10s           2025-07-16T11:09:44
/home/vscode/.local/lib/python3.10/site-packages/airflow/example_dags/example_python_operator.py                                                           1           0  0.10s           2025-07-16T11:09:07
/home/vscode/.local/lib/python3.10/site-packages/airflow/example_dags/example_branch_day_of_week_operator.py                                               1           0  0.10s           2025-07-16T11:09:27
/home/vscode/.local/lib/python3.10/site-packages/airflow/example_dags/example_nested_branch_dag.py                                                         1           0  0.10s           2025-07-16T11:09:21
/home/vscode/.local/lib/python3.10/site-packages/airflow/example_dags/example_dynamic_task_mapping_with_no_taskflow_operators.py                           1           0  0.10s           2025-07-16T11:09:22
/home/vscode/.local/lib/python3.10/site-packages/airflow/example_dags/tutorial.py                                                                          1           0  0.10s           2025-07-16T11:09:35
/home/vscode/.local/lib/python3.10/site-packages/airflow/example_dags/tutorial_taskflow_api.py                                                             1           0  0.11s           2025-07-16T11:09:36
/home/vscode/.local/lib/python3.10/site-packages/airflow/example_dags/example_trigger_controller_dag.py                                                    1           0  0.10s           2025-07-16T11:09:46
/home/vscode/.local/lib/python3.10/site-packages/airflow/example_dags/example_branch_labels.py                                                             1           0  0.11s           2025-07-16T11:09:29
/home/vscode/.local/lib/python3.10/site-packages/airflow/example_dags/example_latest_only_with_trigger.py                                                  1           0  0.10s           2025-07-16T11:09:23
/home/vscode/.local/lib/python3.10/site-packages/airflow/example_dags/example_passing_params_via_test_command.py                                           1           0  0.10s           2025-07-16T11:09:08
/home/vscode/.local/lib/python3.10/site-packages/airflow/example_dags/example_short_circuit_decorator.py                                                   1           0  0.10s           2025-07-16T11:09:08
/home/vscode/.local/lib/python3.10/site-packages/airflow/example_dags/example_time_delta_sensor_async.py                                                   1           0  0.10s           2025-07-16T11:09:46
/home/vscode/.local/lib/python3.10/site-packages/airflow/example_dags/example_dag_decorator.py                                                             1           0  0.20s           2025-07-16T11:09:30
/home/vscode/.local/lib/python3.10/site-packages/airflow/example_dags/example_task_group.py                                                                1           0  0.10s           2025-07-16T11:09:47
/home/vscode/.local/lib/python3.10/site-packages/airflow/example_dags/example_branch_operator_decorator.py                                                 1           0  0.11s           2025-07-16T11:09:31
/home/vscode/.local/lib/python3.10/site-packages/airflow/example_dags/example_external_task_marker_dag.py                                                  2           0  0.10s           2025-07-16T11:09:12
/home/vscode/.local/lib/python3.10/site-packages/airflow/example_dags/example_xcomargs.py                                                                  2           0  0.11s           2025-07-16T11:09:34
/home/vscode/.local/lib/python3.10/site-packages/airflow/example_dags/example_subdag_operator.py                                                           3           0  0.10s           2025-07-16T11:09:39
/home/vscode/.local/lib/python3.10/site-packages/airflow/example_dags/example_branch_datetime_operator.py                                                  3           0  0.10s           2025-07-16T11:09:28
/home/vscode/.local/lib/python3.10/site-packages/airflow/example_dags/example_datasets.py                                                                  6           0  0.11s           2025-07-16T11:09:13
================================================================================
[2025-07-16T11:09:58.864+0000] {manager.py:758} INFO - Searching for files in /workspaces/hands-on-introduction-data-engineering-4395021/airflow/dags
[2025-07-16T11:09:58.874+0000] {manager.py:761} INFO - There are 47 files in /workspaces/hands-on-introduction-data-engineering-4395021/airflow/dags
[2025-07-16T11:10:01.159+0000] {manager.py:758} INFO - Searching for files in /workspaces/hands-on-introduction-data-engineering-4395021/airflow/dags
[2025-07-16T11:10:01.168+0000] {manager.py:761} INFO - There are 47 files in /workspaces/hands-on-introduction-data-engineering-4395021/airflow/dags
[2025-07-16T11:10:03.448+0000] {manager.py:758} INFO - Searching for files in /workspaces/hands-on-introduction-data-engineering-4395021/airflow/dags
[2025-07-16T11:10:03.457+0000] {manager.py:761} INFO - There are 47 files in /workspaces/hands-on-introduction-data-engineering-4395021/airflow/dags
[2025-07-16T11:10:06.299+0000] {manager.py:758} INFO - Searching for files in /workspaces/hands-on-introduction-data-engineering-4395021/airflow/dags
[2025-07-16T11:10:06.309+0000] {manager.py:761} INFO - There are 47 files in /workspaces/hands-on-introduction-data-engineering-4395021/airflow/dags
[2025-07-16T11:10:08.997+0000] {manager.py:758} INFO - Searching for files in /workspaces/hands-on-introduction-data-engineering-4395021/airflow/dags
[2025-07-16T11:10:09.006+0000] {manager.py:761} INFO - There are 47 files in /workspaces/hands-on-introduction-data-engineering-4395021/airflow/dags
[2025-07-16T11:10:11.018+0000] {manager.py:758} INFO - Searching for files in /workspaces/hands-on-introduction-data-engineering-4395021/airflow/dags
[2025-07-16T11:10:11.027+0000] {manager.py:761} INFO - There are 47 files in /workspaces/hands-on-introduction-data-engineering-4395021/airflow/dags
[2025-07-16T11:10:13.943+0000] {manager.py:758} INFO - Searching for files in /workspaces/hands-on-introduction-data-engineering-4395021/airflow/dags
[2025-07-16T11:10:13.960+0000] {manager.py:761} INFO - There are 47 files in /workspaces/hands-on-introduction-data-engineering-4395021/airflow/dags
[2025-07-16T11:10:16.580+0000] {manager.py:758} INFO - Searching for files in /workspaces/hands-on-introduction-data-engineering-4395021/airflow/dags
[2025-07-16T11:10:16.589+0000] {manager.py:761} INFO - There are 47 files in /workspaces/hands-on-introduction-data-engineering-4395021/airflow/dags
[2025-07-16T11:10:19.140+0000] {manager.py:758} INFO - Searching for files in /workspaces/hands-on-introduction-data-engineering-4395021/airflow/dags
[2025-07-16T11:10:19.150+0000] {manager.py:761} INFO - There are 47 files in /workspaces/hands-on-introduction-data-engineering-4395021/airflow/dags
[2025-07-16T11:10:21.721+0000] {manager.py:758} INFO - Searching for files in /workspaces/hands-on-introduction-data-engineering-4395021/airflow/dags
[2025-07-16T11:10:21.735+0000] {manager.py:761} INFO - There are 47 files in /workspaces/hands-on-introduction-data-engineering-4395021/airflow/dags
[2025-07-16T11:10:24.116+0000] {manager.py:758} INFO - Searching for files in /workspaces/hands-on-introduction-data-engineering-4395021/airflow/dags
[2025-07-16T11:10:24.125+0000] {manager.py:761} INFO - There are 47 files in /workspaces/hands-on-introduction-data-engineering-4395021/airflow/dags
[2025-07-16T11:10:26.176+0000] {manager.py:758} INFO - Searching for files in /workspaces/hands-on-introduction-data-engineering-4395021/airflow/dags
[2025-07-16T11:10:26.187+0000] {manager.py:761} INFO - There are 47 files in /workspaces/hands-on-introduction-data-engineering-4395021/airflow/dags
[2025-07-16T11:10:26.308+0000] {manager.py:889} INFO - 
================================================================================
DAG File Processing Stats

File Path                                                                                                                         PID    Runtime      # DAGs    # Errors  Last Runtime    Last Run
--------------------------------------------------------------------------------------------------------------------------------  -----  ---------  --------  ----------  --------------  -------------------
/workspaces/hands-on-introduction-data-engineering-4395021/airflow/dags/challenge_dag.py                                                                   0           1  0.10s           2025-07-16T11:10:06
/home/vscode/.local/lib/python3.10/site-packages/airflow/example_dags/example_local_kubernetes_executor.py                                                 0           0  0.10s           2025-07-16T11:10:03
/home/vscode/.local/lib/python3.10/site-packages/airflow/example_dags/example_setup_teardown.py                                                            0           0  0.10s           2025-07-16T11:09:55
/home/vscode/.local/lib/python3.10/site-packages/airflow/example_dags/example_kubernetes_executor.py                                                       0           0  0.10s           2025-07-16T11:10:11
/home/vscode/.local/lib/python3.10/site-packages/airflow/example_dags/example_setup_teardown_taskflow.py                                                   0           0  0.10s           2025-07-16T11:10:01
/home/vscode/.local/lib/python3.10/site-packages/airflow/example_dags/plugins/event_listener.py                                                            0           0  0.11s           2025-07-16T11:10:26
/home/vscode/.local/lib/python3.10/site-packages/airflow/example_dags/plugins/listener_plugin.py                                                           0           0  0.10s           2025-07-16T11:10:07
/home/vscode/.local/lib/python3.10/site-packages/airflow/example_dags/plugins/workday.py                                                                   0           0  0.10s           2025-07-16T11:10:24
/home/vscode/.local/lib/python3.10/site-packages/airflow/example_dags/subdags/subdag.py                                                                    0           0  0.10s           2025-07-16T11:10:24
/home/vscode/.local/lib/python3.10/site-packages/airflow/example_dags/example_bash_operator.py                                                             1           0  0.10s           2025-07-16T11:10:15
/home/vscode/.local/lib/python3.10/site-packages/airflow/example_dags/example_task_group_decorator.py                                                      1           0  0.10s           2025-07-16T11:09:38
/home/vscode/.local/lib/python3.10/site-packages/airflow/example_dags/example_sensor_decorator.py                                                          1           0  0.10s           2025-07-16T11:09:48
/home/vscode/.local/lib/python3.10/site-packages/airflow/example_dags/example_sensors.py                                                                   1           0  0.10s           2025-07-16T11:09:54
/home/vscode/.local/lib/python3.10/site-packages/airflow/example_dags/example_branch_operator.py                                                           1           0  0.10s           2025-07-16T11:10:16
/home/vscode/.local/lib/python3.10/site-packages/airflow/example_dags/example_dynamic_task_mapping.py                                                      1           0  0.10s           2025-07-16T11:10:02
/home/vscode/.local/lib/python3.10/site-packages/airflow/example_dags/example_params_ui_tutorial.py                                                        1           0  0.10s           2025-07-16T11:09:55
/home/vscode/.local/lib/python3.10/site-packages/airflow/example_dags/tutorial_dag.py                                                                      1           0  0.10s           2025-07-16T11:10:25
/home/vscode/.local/lib/python3.10/site-packages/airflow/example_dags/example_short_circuit_operator.py                                                    1           0  0.10s           2025-07-16T11:09:40
/home/vscode/.local/lib/python3.10/site-packages/airflow/example_dags/example_complex.py                                                                   1           0  0.10s           2025-07-16T11:10:16
/home/vscode/.local/lib/python3.10/site-packages/airflow/example_dags/example_sla_dag.py                                                                   1           0  0.10s           2025-07-16T11:09:41
/home/vscode/.local/lib/python3.10/site-packages/airflow/example_dags/tutorial_taskflow_api_virtualenv.py                                                  1           0  0.10s           2025-07-16T11:10:25
/home/vscode/.local/lib/python3.10/site-packages/airflow/example_dags/example_xcom.py                                                                      1           0  0.10s           2025-07-16T11:09:43
/home/vscode/.local/lib/python3.10/site-packages/airflow/example_dags/example_params_trigger_ui.py                                                         1           0  0.11s           2025-07-16T11:09:56
/home/vscode/.local/lib/python3.10/site-packages/airflow/example_dags/example_trigger_target_dag.py                                                        1           0  0.10s           2025-07-16T11:09:44
/home/vscode/.local/lib/python3.10/site-packages/airflow/example_dags/example_branch_python_dop_operator_3.py                                              1           0  0.10s           2025-07-16T11:10:18
/home/vscode/.local/lib/python3.10/site-packages/airflow/example_dags/example_latest_only.py                                                               1           0  0.11s           2025-07-16T11:10:06
/home/vscode/.local/lib/python3.10/site-packages/airflow/example_dags/example_skip_dag.py                                                                  1           0  0.10s           2025-07-16T11:09:44
/home/vscode/.local/lib/python3.10/site-packages/airflow/example_dags/example_python_operator.py                                                           1           0  0.10s           2025-07-16T11:09:57
/home/vscode/.local/lib/python3.10/site-packages/airflow/example_dags/example_branch_day_of_week_operator.py                                               1           0  0.10s           2025-07-16T11:10:19
/home/vscode/.local/lib/python3.10/site-packages/airflow/example_dags/example_nested_branch_dag.py                                                         1           0  0.71s           2025-07-16T11:10:12
/home/vscode/.local/lib/python3.10/site-packages/airflow/example_dags/example_dynamic_task_mapping_with_no_taskflow_operators.py                           1           0  0.11s           2025-07-16T11:10:14
/home/vscode/.local/lib/python3.10/site-packages/airflow/example_dags/tutorial.py                                                                          1           0  0.10s           2025-07-16T11:10:10
/home/vscode/.local/lib/python3.10/site-packages/airflow/example_dags/tutorial_taskflow_api.py                                                             1           0  0.10s           2025-07-16T11:10:10
/home/vscode/.local/lib/python3.10/site-packages/airflow/example_dags/example_trigger_controller_dag.py                                                    1           0  0.10s           2025-07-16T11:09:46
/home/vscode/.local/lib/python3.10/site-packages/airflow/example_dags/example_branch_labels.py                                                             1           0  0.10s           2025-07-16T11:10:20
/home/vscode/.local/lib/python3.10/site-packages/airflow/example_dags/example_latest_only_with_trigger.py                                                  1           0  0.10s           2025-07-16T11:10:15
/home/vscode/.local/lib/python3.10/site-packages/airflow/example_dags/example_passing_params_via_test_command.py                                           1           0  0.10s           2025-07-16T11:09:58
/home/vscode/.local/lib/python3.10/site-packages/airflow/example_dags/example_short_circuit_decorator.py                                                   1           0  0.10s           2025-07-16T11:10:00
/home/vscode/.local/lib/python3.10/site-packages/airflow/example_dags/example_time_delta_sensor_async.py                                                   1           0  0.10s           2025-07-16T11:09:46
/home/vscode/.local/lib/python3.10/site-packages/airflow/example_dags/example_dag_decorator.py                                                             1           0  0.20s           2025-07-16T11:10:21
/home/vscode/.local/lib/python3.10/site-packages/airflow/example_dags/example_task_group.py                                                                1           0  0.10s           2025-07-16T11:09:47
/home/vscode/.local/lib/python3.10/site-packages/airflow/example_dags/example_branch_operator_decorator.py                                                 1           0  0.10s           2025-07-16T11:10:23
/home/vscode/.local/lib/python3.10/site-packages/airflow/example_dags/example_external_task_marker_dag.py                                                  2           0  0.11s           2025-07-16T11:10:04
/home/vscode/.local/lib/python3.10/site-packages/airflow/example_dags/example_xcomargs.py                                                                  2           0  0.10s           2025-07-16T11:10:09
/home/vscode/.local/lib/python3.10/site-packages/airflow/example_dags/example_subdag_operator.py                                                           3           0  0.10s           2025-07-16T11:09:39
/home/vscode/.local/lib/python3.10/site-packages/airflow/example_dags/example_branch_datetime_operator.py                                                  3           0  0.10s           2025-07-16T11:10:20
/home/vscode/.local/lib/python3.10/site-packages/airflow/example_dags/example_datasets.py                                                                  6           0  0.10s           2025-07-16T11:10:05
================================================================================
[2025-07-16T11:10:29.281+0000] {manager.py:758} INFO - Searching for files in /workspaces/hands-on-introduction-data-engineering-4395021/airflow/dags
[2025-07-16T11:10:29.290+0000] {manager.py:761} INFO - There are 47 files in /workspaces/hands-on-introduction-data-engineering-4395021/airflow/dags
[2025-07-16T11:10:32.008+0000] {manager.py:758} INFO - Searching for files in /workspaces/hands-on-introduction-data-engineering-4395021/airflow/dags
[2025-07-16T11:10:32.018+0000] {manager.py:761} INFO - There are 47 files in /workspaces/hands-on-introduction-data-engineering-4395021/airflow/dags
[2025-07-16T11:10:34.296+0000] {manager.py:758} INFO - Searching for files in /workspaces/hands-on-introduction-data-engineering-4395021/airflow/dags
[2025-07-16T11:10:34.306+0000] {manager.py:761} INFO - There are 47 files in /workspaces/hands-on-introduction-data-engineering-4395021/airflow/dags
[2025-07-16T11:10:37.145+0000] {manager.py:758} INFO - Searching for files in /workspaces/hands-on-introduction-data-engineering-4395021/airflow/dags
[2025-07-16T11:10:37.155+0000] {manager.py:761} INFO - There are 47 files in /workspaces/hands-on-introduction-data-engineering-4395021/airflow/dags
[2025-07-16T11:10:39.446+0000] {manager.py:758} INFO - Searching for files in /workspaces/hands-on-introduction-data-engineering-4395021/airflow/dags
[2025-07-16T11:10:39.456+0000] {manager.py:761} INFO - There are 47 files in /workspaces/hands-on-introduction-data-engineering-4395021/airflow/dags
[2025-07-16T11:10:42.481+0000] {manager.py:758} INFO - Searching for files in /workspaces/hands-on-introduction-data-engineering-4395021/airflow/dags
[2025-07-16T11:10:42.498+0000] {manager.py:761} INFO - There are 47 files in /workspaces/hands-on-introduction-data-engineering-4395021/airflow/dags
[2025-07-16T11:10:44.780+0000] {manager.py:758} INFO - Searching for files in /workspaces/hands-on-introduction-data-engineering-4395021/airflow/dags
[2025-07-16T11:10:44.791+0000] {manager.py:761} INFO - There are 47 files in /workspaces/hands-on-introduction-data-engineering-4395021/airflow/dags
[2025-07-16T11:10:47.299+0000] {manager.py:758} INFO - Searching for files in /workspaces/hands-on-introduction-data-engineering-4395021/airflow/dags
[2025-07-16T11:10:47.309+0000] {manager.py:761} INFO - There are 47 files in /workspaces/hands-on-introduction-data-engineering-4395021/airflow/dags
[2025-07-16T11:10:49.596+0000] {manager.py:758} INFO - Searching for files in /workspaces/hands-on-introduction-data-engineering-4395021/airflow/dags
[2025-07-16T11:10:49.606+0000] {manager.py:761} INFO - There are 47 files in /workspaces/hands-on-introduction-data-engineering-4395021/airflow/dags
[2025-07-16T11:10:52.583+0000] {manager.py:758} INFO - Searching for files in /workspaces/hands-on-introduction-data-engineering-4395021/airflow/dags
[2025-07-16T11:10:52.593+0000] {manager.py:761} INFO - There are 47 files in /workspaces/hands-on-introduction-data-engineering-4395021/airflow/dags
[2025-07-16T11:10:54.874+0000] {manager.py:758} INFO - Searching for files in /workspaces/hands-on-introduction-data-engineering-4395021/airflow/dags
[2025-07-16T11:10:54.883+0000] {manager.py:761} INFO - There are 47 files in /workspaces/hands-on-introduction-data-engineering-4395021/airflow/dags
[2025-07-16T11:10:56.585+0000] {manager.py:889} INFO - 
================================================================================
DAG File Processing Stats

File Path                                                                                                                         PID    Runtime      # DAGs    # Errors  Last Runtime    Last Run
--------------------------------------------------------------------------------------------------------------------------------  -----  ---------  --------  ----------  --------------  -------------------
/workspaces/hands-on-introduction-data-engineering-4395021/airflow/dags/challenge_dag.py                                                                   0           1  0.10s           2025-07-16T11:10:38
/home/vscode/.local/lib/python3.10/site-packages/airflow/example_dags/example_local_kubernetes_executor.py                                                 0           0  0.10s           2025-07-16T11:10:48
/home/vscode/.local/lib/python3.10/site-packages/airflow/example_dags/example_setup_teardown.py                                                            0           0  0.10s           2025-07-16T11:10:41
/home/vscode/.local/lib/python3.10/site-packages/airflow/example_dags/example_kubernetes_executor.py                                                       0           0  0.10s           2025-07-16T11:10:56
/home/vscode/.local/lib/python3.10/site-packages/airflow/example_dags/example_setup_teardown_taskflow.py                                                   0           0  0.11s           2025-07-16T11:10:46
/home/vscode/.local/lib/python3.10/site-packages/airflow/example_dags/plugins/event_listener.py                                                            0           0  0.11s           2025-07-16T11:10:26
/home/vscode/.local/lib/python3.10/site-packages/airflow/example_dags/plugins/listener_plugin.py                                                           0           0  0.10s           2025-07-16T11:10:39
/home/vscode/.local/lib/python3.10/site-packages/airflow/example_dags/plugins/workday.py                                                                   0           0  0.10s           2025-07-16T11:10:24
/home/vscode/.local/lib/python3.10/site-packages/airflow/example_dags/subdags/subdag.py                                                                    0           0  0.10s           2025-07-16T11:10:24
/home/vscode/.local/lib/python3.10/site-packages/airflow/example_dags/example_bash_operator.py                                                             1           0  0.10s           2025-07-16T11:10:15
/home/vscode/.local/lib/python3.10/site-packages/airflow/example_dags/example_task_group_decorator.py                                                      1           0  0.10s           2025-07-16T11:10:27
/home/vscode/.local/lib/python3.10/site-packages/airflow/example_dags/example_sensor_decorator.py                                                          1           0  0.10s           2025-07-16T11:10:37
/home/vscode/.local/lib/python3.10/site-packages/airflow/example_dags/example_sensors.py                                                                   1           0  0.10s           2025-07-16T11:10:40
/home/vscode/.local/lib/python3.10/site-packages/airflow/example_dags/example_branch_operator.py                                                           1           0  0.10s           2025-07-16T11:10:16
/home/vscode/.local/lib/python3.10/site-packages/airflow/example_dags/example_dynamic_task_mapping.py                                                      1           0  0.10s           2025-07-16T11:10:47
/home/vscode/.local/lib/python3.10/site-packages/airflow/example_dags/example_params_ui_tutorial.py                                                        1           0  0.10s           2025-07-16T11:10:41
/home/vscode/.local/lib/python3.10/site-packages/airflow/example_dags/tutorial_dag.py                                                                      1           0  0.10s           2025-07-16T11:10:25
/home/vscode/.local/lib/python3.10/site-packages/airflow/example_dags/example_short_circuit_operator.py                                                    1           0  0.10s           2025-07-16T11:10:29
/home/vscode/.local/lib/python3.10/site-packages/airflow/example_dags/example_complex.py                                                                   1           0  0.10s           2025-07-16T11:10:16
/home/vscode/.local/lib/python3.10/site-packages/airflow/example_dags/example_sla_dag.py                                                                   1           0  0.10s           2025-07-16T11:10:30
/home/vscode/.local/lib/python3.10/site-packages/airflow/example_dags/tutorial_taskflow_api_virtualenv.py                                                  1           0  0.10s           2025-07-16T11:10:25
/home/vscode/.local/lib/python3.10/site-packages/airflow/example_dags/example_xcom.py                                                                      1           0  0.10s           2025-07-16T11:10:30
/home/vscode/.local/lib/python3.10/site-packages/airflow/example_dags/example_params_trigger_ui.py                                                         1           0  0.10s           2025-07-16T11:10:42
/home/vscode/.local/lib/python3.10/site-packages/airflow/example_dags/example_trigger_target_dag.py                                                        1           0  0.10s           2025-07-16T11:10:32
/home/vscode/.local/lib/python3.10/site-packages/airflow/example_dags/example_branch_python_dop_operator_3.py                                              1           0  0.10s           2025-07-16T11:10:18
/home/vscode/.local/lib/python3.10/site-packages/airflow/example_dags/example_latest_only.py                                                               1           0  0.10s           2025-07-16T11:10:51
/home/vscode/.local/lib/python3.10/site-packages/airflow/example_dags/example_skip_dag.py                                                                  1           0  0.10s           2025-07-16T11:10:33
/home/vscode/.local/lib/python3.10/site-packages/airflow/example_dags/example_python_operator.py                                                           1           0  0.10s           2025-07-16T11:10:43
/home/vscode/.local/lib/python3.10/site-packages/airflow/example_dags/example_branch_day_of_week_operator.py                                               1           0  0.10s           2025-07-16T11:10:19
/home/vscode/.local/lib/python3.10/site-packages/airflow/example_dags/example_nested_branch_dag.py                                                         1           0  0.10s           2025-07-16T11:10:56
/home/vscode/.local/lib/python3.10/site-packages/airflow/example_dags/example_dynamic_task_mapping_with_no_taskflow_operators.py                           1           0  0.11s           2025-07-16T11:10:14
/home/vscode/.local/lib/python3.10/site-packages/airflow/example_dags/tutorial.py                                                                          1           0  0.10s           2025-07-16T11:10:53
/home/vscode/.local/lib/python3.10/site-packages/airflow/example_dags/tutorial_taskflow_api.py                                                             1           0  0.10s           2025-07-16T11:10:54
/home/vscode/.local/lib/python3.10/site-packages/airflow/example_dags/example_trigger_controller_dag.py                                                    1           0  0.10s           2025-07-16T11:10:34
/home/vscode/.local/lib/python3.10/site-packages/airflow/example_dags/example_branch_labels.py                                                             1           0  0.10s           2025-07-16T11:10:20
/home/vscode/.local/lib/python3.10/site-packages/airflow/example_dags/example_latest_only_with_trigger.py                                                  1           0  0.10s           2025-07-16T11:10:15
/home/vscode/.local/lib/python3.10/site-packages/airflow/example_dags/example_passing_params_via_test_command.py                                           1           0  0.10s           2025-07-16T11:10:44
/home/vscode/.local/lib/python3.10/site-packages/airflow/example_dags/example_short_circuit_decorator.py                                                   1           0  0.10s           2025-07-16T11:10:46
/home/vscode/.local/lib/python3.10/site-packages/airflow/example_dags/example_time_delta_sensor_async.py                                                   1           0  0.10s           2025-07-16T11:10:35
/home/vscode/.local/lib/python3.10/site-packages/airflow/example_dags/example_dag_decorator.py                                                             1           0  0.20s           2025-07-16T11:10:21
/home/vscode/.local/lib/python3.10/site-packages/airflow/example_dags/example_task_group.py                                                                1           0  0.10s           2025-07-16T11:10:36
/home/vscode/.local/lib/python3.10/site-packages/airflow/example_dags/example_branch_operator_decorator.py                                                 1           0  0.10s           2025-07-16T11:10:23
/home/vscode/.local/lib/python3.10/site-packages/airflow/example_dags/example_external_task_marker_dag.py                                                  2           0  0.10s           2025-07-16T11:10:49
/home/vscode/.local/lib/python3.10/site-packages/airflow/example_dags/example_xcomargs.py                                                                  2           0  0.10s           2025-07-16T11:10:52
/home/vscode/.local/lib/python3.10/site-packages/airflow/example_dags/example_subdag_operator.py                                                           3           0  0.10s           2025-07-16T11:10:28
/home/vscode/.local/lib/python3.10/site-packages/airflow/example_dags/example_branch_datetime_operator.py                                                  3           0  0.10s           2025-07-16T11:10:20
/home/vscode/.local/lib/python3.10/site-packages/airflow/example_dags/example_datasets.py                                                                  6           0  0.10s           2025-07-16T11:10:50
================================================================================
[2025-07-16T11:10:57.454+0000] {manager.py:758} INFO - Searching for files in /workspaces/hands-on-introduction-data-engineering-4395021/airflow/dags
[2025-07-16T11:10:57.463+0000] {manager.py:761} INFO - There are 47 files in /workspaces/hands-on-introduction-data-engineering-4395021/airflow/dags
[2025-07-16T11:10:59.748+0000] {manager.py:758} INFO - Searching for files in /workspaces/hands-on-introduction-data-engineering-4395021/airflow/dags
[2025-07-16T11:10:59.758+0000] {manager.py:761} INFO - There are 47 files in /workspaces/hands-on-introduction-data-engineering-4395021/airflow/dags
[2025-07-16T11:11:02.767+0000] {manager.py:758} INFO - Searching for files in /workspaces/hands-on-introduction-data-engineering-4395021/airflow/dags
[2025-07-16T11:11:02.777+0000] {manager.py:761} INFO - There are 47 files in /workspaces/hands-on-introduction-data-engineering-4395021/airflow/dags
[2025-07-16T11:11:05.056+0000] {manager.py:758} INFO - Searching for files in /workspaces/hands-on-introduction-data-engineering-4395021/airflow/dags
[2025-07-16T11:11:05.066+0000] {manager.py:761} INFO - There are 47 files in /workspaces/hands-on-introduction-data-engineering-4395021/airflow/dags
[2025-07-16T11:11:07.608+0000] {manager.py:758} INFO - Searching for files in /workspaces/hands-on-introduction-data-engineering-4395021/airflow/dags
[2025-07-16T11:11:07.617+0000] {manager.py:761} INFO - There are 47 files in /workspaces/hands-on-introduction-data-engineering-4395021/airflow/dags
[2025-07-16T11:11:09.899+0000] {manager.py:758} INFO - Searching for files in /workspaces/hands-on-introduction-data-engineering-4395021/airflow/dags
[2025-07-16T11:11:09.913+0000] {manager.py:761} INFO - There are 47 files in /workspaces/hands-on-introduction-data-engineering-4395021/airflow/dags
[2025-07-16T11:11:12.007+0000] {manager.py:758} INFO - Searching for files in /workspaces/hands-on-introduction-data-engineering-4395021/airflow/dags
[2025-07-16T11:11:12.017+0000] {manager.py:761} INFO - There are 47 files in /workspaces/hands-on-introduction-data-engineering-4395021/airflow/dags
[2025-07-16T11:11:14.306+0000] {manager.py:758} INFO - Searching for files in /workspaces/hands-on-introduction-data-engineering-4395021/airflow/dags
[2025-07-16T11:11:14.316+0000] {manager.py:761} INFO - There are 47 files in /workspaces/hands-on-introduction-data-engineering-4395021/airflow/dags
[2025-07-16T11:11:16.596+0000] {manager.py:758} INFO - Searching for files in /workspaces/hands-on-introduction-data-engineering-4395021/airflow/dags
[2025-07-16T11:11:16.605+0000] {manager.py:761} INFO - There are 47 files in /workspaces/hands-on-introduction-data-engineering-4395021/airflow/dags
[2025-07-16T11:11:18.899+0000] {manager.py:758} INFO - Searching for files in /workspaces/hands-on-introduction-data-engineering-4395021/airflow/dags
[2025-07-16T11:11:18.908+0000] {manager.py:761} INFO - There are 47 files in /workspaces/hands-on-introduction-data-engineering-4395021/airflow/dags
[2025-07-16T11:11:21.210+0000] {manager.py:758} INFO - Searching for files in /workspaces/hands-on-introduction-data-engineering-4395021/airflow/dags
[2025-07-16T11:11:21.225+0000] {manager.py:761} INFO - There are 47 files in /workspaces/hands-on-introduction-data-engineering-4395021/airflow/dags
[2025-07-16T11:11:23.461+0000] {manager.py:758} INFO - Searching for files in /workspaces/hands-on-introduction-data-engineering-4395021/airflow/dags
[2025-07-16T11:11:23.471+0000] {manager.py:761} INFO - There are 47 files in /workspaces/hands-on-introduction-data-engineering-4395021/airflow/dags
[2025-07-16T11:11:25.563+0000] {manager.py:758} INFO - Searching for files in /workspaces/hands-on-introduction-data-engineering-4395021/airflow/dags
[2025-07-16T11:11:25.573+0000] {manager.py:761} INFO - There are 47 files in /workspaces/hands-on-introduction-data-engineering-4395021/airflow/dags
[2025-07-16T11:11:26.823+0000] {manager.py:889} INFO - 
================================================================================
DAG File Processing Stats

File Path                                                                                                                         PID    Runtime      # DAGs    # Errors  Last Runtime    Last Run
--------------------------------------------------------------------------------------------------------------------------------  -----  ---------  --------  ----------  --------------  -------------------
/workspaces/hands-on-introduction-data-engineering-4395021/airflow/dags/challenge_dag.py                                                                   0           1  0.10s           2025-07-16T11:11:24
/home/vscode/.local/lib/python3.10/site-packages/airflow/example_dags/example_local_kubernetes_executor.py                                                 0           0  0.10s           2025-07-16T11:10:48
/home/vscode/.local/lib/python3.10/site-packages/airflow/example_dags/example_setup_teardown.py                                                            0           0  0.10s           2025-07-16T11:10:41
/home/vscode/.local/lib/python3.10/site-packages/airflow/example_dags/example_kubernetes_executor.py                                                       0           0  0.10s           2025-07-16T11:10:56
/home/vscode/.local/lib/python3.10/site-packages/airflow/example_dags/example_setup_teardown_taskflow.py                                                   0           0  0.11s           2025-07-16T11:10:46
/home/vscode/.local/lib/python3.10/site-packages/airflow/example_dags/plugins/event_listener.py                                                            0           0  0.10s           2025-07-16T11:11:11
/home/vscode/.local/lib/python3.10/site-packages/airflow/example_dags/plugins/listener_plugin.py                                                           0           0  0.10s           2025-07-16T11:11:24
/home/vscode/.local/lib/python3.10/site-packages/airflow/example_dags/plugins/workday.py                                                                   0           0  0.10s           2025-07-16T11:11:07
/home/vscode/.local/lib/python3.10/site-packages/airflow/example_dags/subdags/subdag.py                                                                    0           0  0.10s           2025-07-16T11:11:08
/home/vscode/.local/lib/python3.10/site-packages/airflow/example_dags/example_bash_operator.py                                                             1           0  0.10s           2025-07-16T11:10:59
/home/vscode/.local/lib/python3.10/site-packages/airflow/example_dags/example_task_group_decorator.py                                                      1           0  0.10s           2025-07-16T11:11:12
/home/vscode/.local/lib/python3.10/site-packages/airflow/example_dags/example_sensor_decorator.py                                                          1           0  0.10s           2025-07-16T11:11:22
/home/vscode/.local/lib/python3.10/site-packages/airflow/example_dags/example_sensors.py                                                                   1           0  0.10s           2025-07-16T11:10:40
/home/vscode/.local/lib/python3.10/site-packages/airflow/example_dags/example_branch_operator.py                                                           1           0  0.10s           2025-07-16T11:11:01
/home/vscode/.local/lib/python3.10/site-packages/airflow/example_dags/example_dynamic_task_mapping.py                                                      1           0  0.10s           2025-07-16T11:10:47
/home/vscode/.local/lib/python3.10/site-packages/airflow/example_dags/example_params_ui_tutorial.py                                                        1           0  0.10s           2025-07-16T11:10:41
/home/vscode/.local/lib/python3.10/site-packages/airflow/example_dags/tutorial_dag.py                                                                      1           0  0.11s           2025-07-16T11:11:10
/home/vscode/.local/lib/python3.10/site-packages/airflow/example_dags/example_short_circuit_operator.py                                                    1           0  0.10s           2025-07-16T11:11:14
/home/vscode/.local/lib/python3.10/site-packages/airflow/example_dags/example_complex.py                                                                   1           0  0.10s           2025-07-16T11:11:01
/home/vscode/.local/lib/python3.10/site-packages/airflow/example_dags/example_sla_dag.py                                                                   1           0  0.10s           2025-07-16T11:11:15
/home/vscode/.local/lib/python3.10/site-packages/airflow/example_dags/tutorial_taskflow_api_virtualenv.py                                                  1           0  0.10s           2025-07-16T11:11:11
/home/vscode/.local/lib/python3.10/site-packages/airflow/example_dags/example_xcom.py                                                                      1           0  0.10s           2025-07-16T11:11:16
/home/vscode/.local/lib/python3.10/site-packages/airflow/example_dags/example_params_trigger_ui.py                                                         1           0  0.10s           2025-07-16T11:10:42
/home/vscode/.local/lib/python3.10/site-packages/airflow/example_dags/example_trigger_target_dag.py                                                        1           0  0.11s           2025-07-16T11:11:17
/home/vscode/.local/lib/python3.10/site-packages/airflow/example_dags/example_branch_python_dop_operator_3.py                                              1           0  0.10s           2025-07-16T11:11:02
/home/vscode/.local/lib/python3.10/site-packages/airflow/example_dags/example_latest_only.py                                                               1           0  0.10s           2025-07-16T11:10:51
/home/vscode/.local/lib/python3.10/site-packages/airflow/example_dags/example_skip_dag.py                                                                  1           0  0.11s           2025-07-16T11:11:17
/home/vscode/.local/lib/python3.10/site-packages/airflow/example_dags/example_python_operator.py                                                           1           0  0.10s           2025-07-16T11:10:43
/home/vscode/.local/lib/python3.10/site-packages/airflow/example_dags/example_branch_day_of_week_operator.py                                               1           0  0.10s           2025-07-16T11:11:04
/home/vscode/.local/lib/python3.10/site-packages/airflow/example_dags/example_nested_branch_dag.py                                                         1           0  0.10s           2025-07-16T11:10:56
/home/vscode/.local/lib/python3.10/site-packages/airflow/example_dags/example_dynamic_task_mapping_with_no_taskflow_operators.py                           1           0  0.10s           2025-07-16T11:10:57
/home/vscode/.local/lib/python3.10/site-packages/airflow/example_dags/tutorial.py                                                                          1           0  0.10s           2025-07-16T11:11:26
/home/vscode/.local/lib/python3.10/site-packages/airflow/example_dags/tutorial_taskflow_api.py                                                             1           0  0.10s           2025-07-16T11:10:54
/home/vscode/.local/lib/python3.10/site-packages/airflow/example_dags/example_trigger_controller_dag.py                                                    1           0  0.10s           2025-07-16T11:11:19
/home/vscode/.local/lib/python3.10/site-packages/airflow/example_dags/example_branch_labels.py                                                             1           0  0.10s           2025-07-16T11:11:06
/home/vscode/.local/lib/python3.10/site-packages/airflow/example_dags/example_latest_only_with_trigger.py                                                  1           0  0.10s           2025-07-16T11:10:58
/home/vscode/.local/lib/python3.10/site-packages/airflow/example_dags/example_passing_params_via_test_command.py                                           1           0  0.10s           2025-07-16T11:10:44
/home/vscode/.local/lib/python3.10/site-packages/airflow/example_dags/example_short_circuit_decorator.py                                                   1           0  0.10s           2025-07-16T11:10:46
/home/vscode/.local/lib/python3.10/site-packages/airflow/example_dags/example_time_delta_sensor_async.py                                                   1           0  0.11s           2025-07-16T11:11:20
/home/vscode/.local/lib/python3.10/site-packages/airflow/example_dags/example_dag_decorator.py                                                             1           0  0.20s           2025-07-16T11:11:06
/home/vscode/.local/lib/python3.10/site-packages/airflow/example_dags/example_task_group.py                                                                1           0  0.10s           2025-07-16T11:11:21
/home/vscode/.local/lib/python3.10/site-packages/airflow/example_dags/example_branch_operator_decorator.py                                                 1           0  0.10s           2025-07-16T11:11:23
/home/vscode/.local/lib/python3.10/site-packages/airflow/example_dags/example_external_task_marker_dag.py                                                  2           0  0.10s           2025-07-16T11:10:49
/home/vscode/.local/lib/python3.10/site-packages/airflow/example_dags/example_xcomargs.py                                                                  2           0  0.10s           2025-07-16T11:11:25
/home/vscode/.local/lib/python3.10/site-packages/airflow/example_dags/example_subdag_operator.py                                                           3           0  0.10s           2025-07-16T11:11:13
/home/vscode/.local/lib/python3.10/site-packages/airflow/example_dags/example_branch_datetime_operator.py                                                  3           0  0.11s           2025-07-16T11:11:05
/home/vscode/.local/lib/python3.10/site-packages/airflow/example_dags/example_datasets.py                                                                  6           0  0.10s           2025-07-16T11:10:50
================================================================================
[2025-07-16T11:11:27.898+0000] {manager.py:758} INFO - Searching for files in /workspaces/hands-on-introduction-data-engineering-4395021/airflow/dags
[2025-07-16T11:11:27.907+0000] {manager.py:761} INFO - There are 47 files in /workspaces/hands-on-introduction-data-engineering-4395021/airflow/dags
[2025-07-16T11:11:30.191+0000] {manager.py:758} INFO - Searching for files in /workspaces/hands-on-introduction-data-engineering-4395021/airflow/dags
[2025-07-16T11:11:30.209+0000] {manager.py:761} INFO - There are 47 files in /workspaces/hands-on-introduction-data-engineering-4395021/airflow/dags
[2025-07-16T11:11:32.591+0000] {manager.py:758} INFO - Searching for files in /workspaces/hands-on-introduction-data-engineering-4395021/airflow/dags
[2025-07-16T11:11:32.600+0000] {manager.py:761} INFO - There are 47 files in /workspaces/hands-on-introduction-data-engineering-4395021/airflow/dags
[2025-07-16T11:11:34.884+0000] {manager.py:758} INFO - Searching for files in /workspaces/hands-on-introduction-data-engineering-4395021/airflow/dags
[2025-07-16T11:11:34.893+0000] {manager.py:761} INFO - There are 47 files in /workspaces/hands-on-introduction-data-engineering-4395021/airflow/dags
[2025-07-16T11:11:37.172+0000] {manager.py:758} INFO - Searching for files in /workspaces/hands-on-introduction-data-engineering-4395021/airflow/dags
[2025-07-16T11:11:37.182+0000] {manager.py:761} INFO - There are 47 files in /workspaces/hands-on-introduction-data-engineering-4395021/airflow/dags
[2025-07-16T11:11:39.189+0000] {manager.py:758} INFO - Searching for files in /workspaces/hands-on-introduction-data-engineering-4395021/airflow/dags
[2025-07-16T11:11:39.198+0000] {manager.py:761} INFO - There are 47 files in /workspaces/hands-on-introduction-data-engineering-4395021/airflow/dags
[2025-07-16T11:11:41.483+0000] {manager.py:758} INFO - Searching for files in /workspaces/hands-on-introduction-data-engineering-4395021/airflow/dags
[2025-07-16T11:11:41.493+0000] {manager.py:761} INFO - There are 47 files in /workspaces/hands-on-introduction-data-engineering-4395021/airflow/dags
[2025-07-16T11:11:44.033+0000] {manager.py:758} INFO - Searching for files in /workspaces/hands-on-introduction-data-engineering-4395021/airflow/dags
[2025-07-16T11:11:44.050+0000] {manager.py:761} INFO - There are 47 files in /workspaces/hands-on-introduction-data-engineering-4395021/airflow/dags
[2025-07-16T11:11:46.345+0000] {manager.py:758} INFO - Searching for files in /workspaces/hands-on-introduction-data-engineering-4395021/airflow/dags
[2025-07-16T11:11:46.354+0000] {manager.py:761} INFO - There are 47 files in /workspaces/hands-on-introduction-data-engineering-4395021/airflow/dags
[2025-07-16T11:11:49.326+0000] {manager.py:758} INFO - Searching for files in /workspaces/hands-on-introduction-data-engineering-4395021/airflow/dags
[2025-07-16T11:11:49.342+0000] {manager.py:761} INFO - There are 47 files in /workspaces/hands-on-introduction-data-engineering-4395021/airflow/dags
[2025-07-16T11:11:51.633+0000] {manager.py:758} INFO - Searching for files in /workspaces/hands-on-introduction-data-engineering-4395021/airflow/dags
[2025-07-16T11:11:51.642+0000] {manager.py:761} INFO - There are 47 files in /workspaces/hands-on-introduction-data-engineering-4395021/airflow/dags
[2025-07-16T11:11:54.312+0000] {manager.py:758} INFO - Searching for files in /workspaces/hands-on-introduction-data-engineering-4395021/airflow/dags
[2025-07-16T11:11:54.321+0000] {manager.py:761} INFO - There are 47 files in /workspaces/hands-on-introduction-data-engineering-4395021/airflow/dags
[2025-07-16T11:11:56.705+0000] {manager.py:758} INFO - Searching for files in /workspaces/hands-on-introduction-data-engineering-4395021/airflow/dags
[2025-07-16T11:11:56.718+0000] {manager.py:761} INFO - There are 47 files in /workspaces/hands-on-introduction-data-engineering-4395021/airflow/dags
[2025-07-16T11:11:56.841+0000] {manager.py:889} INFO - 
================================================================================
DAG File Processing Stats

File Path                                                                                                                         PID    Runtime      # DAGs    # Errors  Last Runtime    Last Run
--------------------------------------------------------------------------------------------------------------------------------  -----  ---------  --------  ----------  --------------  -------------------
/workspaces/hands-on-introduction-data-engineering-4395021/airflow/dags/challenge_dag.py                                                                   0           1  0.10s           2025-07-16T11:11:55
/home/vscode/.local/lib/python3.10/site-packages/airflow/example_dags/example_local_kubernetes_executor.py                                                 0           0  0.10s           2025-07-16T11:11:37
/home/vscode/.local/lib/python3.10/site-packages/airflow/example_dags/example_setup_teardown.py                                                            0           0  0.10s           2025-07-16T11:11:29
/home/vscode/.local/lib/python3.10/site-packages/airflow/example_dags/example_kubernetes_executor.py                                                       0           0  0.10s           2025-07-16T11:11:44
/home/vscode/.local/lib/python3.10/site-packages/airflow/example_dags/example_setup_teardown_taskflow.py                                                   0           0  0.10s           2025-07-16T11:11:35
/home/vscode/.local/lib/python3.10/site-packages/airflow/example_dags/plugins/event_listener.py                                                            0           0  0.10s           2025-07-16T11:11:11
/home/vscode/.local/lib/python3.10/site-packages/airflow/example_dags/plugins/listener_plugin.py                                                           0           0  0.11s           2025-07-16T11:11:56
/home/vscode/.local/lib/python3.10/site-packages/airflow/example_dags/plugins/workday.py                                                                   0           0  0.10s           2025-07-16T11:11:40
/home/vscode/.local/lib/python3.10/site-packages/airflow/example_dags/subdags/subdag.py                                                                    0           0  0.10s           2025-07-16T11:11:41
/home/vscode/.local/lib/python3.10/site-packages/airflow/example_dags/example_bash_operator.py                                                             1           0  0.10s           2025-07-16T11:11:48
/home/vscode/.local/lib/python3.10/site-packages/airflow/example_dags/example_task_group_decorator.py                                                      1           0  0.10s           2025-07-16T11:11:12
/home/vscode/.local/lib/python3.10/site-packages/airflow/example_dags/example_sensor_decorator.py                                                          1           0  0.10s           2025-07-16T11:11:22
/home/vscode/.local/lib/python3.10/site-packages/airflow/example_dags/example_sensors.py                                                                   1           0  0.10s           2025-07-16T11:11:27
/home/vscode/.local/lib/python3.10/site-packages/airflow/example_dags/example_branch_operator.py                                                           1           0  0.10s           2025-07-16T11:11:48
/home/vscode/.local/lib/python3.10/site-packages/airflow/example_dags/example_dynamic_task_mapping.py                                                      1           0  0.10s           2025-07-16T11:11:36
/home/vscode/.local/lib/python3.10/site-packages/airflow/example_dags/example_params_ui_tutorial.py                                                        1           0  0.10s           2025-07-16T11:11:28
/home/vscode/.local/lib/python3.10/site-packages/airflow/example_dags/tutorial_dag.py                                                                      1           0  0.10s           2025-07-16T11:11:41
/home/vscode/.local/lib/python3.10/site-packages/airflow/example_dags/example_short_circuit_operator.py                                                    1           0  0.10s           2025-07-16T11:11:14
/home/vscode/.local/lib/python3.10/site-packages/airflow/example_dags/example_complex.py                                                                   1           0  0.11s           2025-07-16T11:11:49
/home/vscode/.local/lib/python3.10/site-packages/airflow/example_dags/example_sla_dag.py                                                                   1           0  0.10s           2025-07-16T11:11:15
/home/vscode/.local/lib/python3.10/site-packages/airflow/example_dags/tutorial_taskflow_api_virtualenv.py                                                  1           0  0.10s           2025-07-16T11:11:11
/home/vscode/.local/lib/python3.10/site-packages/airflow/example_dags/example_xcom.py                                                                      1           0  0.10s           2025-07-16T11:11:16
/home/vscode/.local/lib/python3.10/site-packages/airflow/example_dags/example_params_trigger_ui.py                                                         1           0  0.20s           2025-07-16T11:11:30
/home/vscode/.local/lib/python3.10/site-packages/airflow/example_dags/example_trigger_target_dag.py                                                        1           0  0.11s           2025-07-16T11:11:17
/home/vscode/.local/lib/python3.10/site-packages/airflow/example_dags/example_branch_python_dop_operator_3.py                                              1           0  0.10s           2025-07-16T11:11:50
/home/vscode/.local/lib/python3.10/site-packages/airflow/example_dags/example_latest_only.py                                                               1           0  0.10s           2025-07-16T11:11:39
/home/vscode/.local/lib/python3.10/site-packages/airflow/example_dags/example_skip_dag.py                                                                  1           0  0.11s           2025-07-16T11:11:17
/home/vscode/.local/lib/python3.10/site-packages/airflow/example_dags/example_python_operator.py                                                           1           0  0.10s           2025-07-16T11:11:31
/home/vscode/.local/lib/python3.10/site-packages/airflow/example_dags/example_branch_day_of_week_operator.py                                               1           0  0.10s           2025-07-16T11:11:51
/home/vscode/.local/lib/python3.10/site-packages/airflow/example_dags/example_nested_branch_dag.py                                                         1           0  0.10s           2025-07-16T11:11:45
/home/vscode/.local/lib/python3.10/site-packages/airflow/example_dags/example_dynamic_task_mapping_with_no_taskflow_operators.py                           1           0  0.10s           2025-07-16T11:11:46
/home/vscode/.local/lib/python3.10/site-packages/airflow/example_dags/tutorial.py                                                                          1           0  0.10s           2025-07-16T11:11:26
/home/vscode/.local/lib/python3.10/site-packages/airflow/example_dags/tutorial_taskflow_api.py                                                             1           0  0.10s           2025-07-16T11:11:42
/home/vscode/.local/lib/python3.10/site-packages/airflow/example_dags/example_trigger_controller_dag.py                                                    1           0  0.10s           2025-07-16T11:11:19
/home/vscode/.local/lib/python3.10/site-packages/airflow/example_dags/example_branch_labels.py                                                             1           0  0.10s           2025-07-16T11:11:53
/home/vscode/.local/lib/python3.10/site-packages/airflow/example_dags/example_latest_only_with_trigger.py                                                  1           0  0.10s           2025-07-16T11:11:47
/home/vscode/.local/lib/python3.10/site-packages/airflow/example_dags/example_passing_params_via_test_command.py                                           1           0  0.10s           2025-07-16T11:11:32
/home/vscode/.local/lib/python3.10/site-packages/airflow/example_dags/example_short_circuit_decorator.py                                                   1           0  0.10s           2025-07-16T11:11:33
/home/vscode/.local/lib/python3.10/site-packages/airflow/example_dags/example_time_delta_sensor_async.py                                                   1           0  0.11s           2025-07-16T11:11:20
/home/vscode/.local/lib/python3.10/site-packages/airflow/example_dags/example_dag_decorator.py                                                             1           0  0.20s           2025-07-16T11:11:54
/home/vscode/.local/lib/python3.10/site-packages/airflow/example_dags/example_task_group.py                                                                1           0  0.10s           2025-07-16T11:11:21
/home/vscode/.local/lib/python3.10/site-packages/airflow/example_dags/example_branch_operator_decorator.py                                                 1           0  0.10s           2025-07-16T11:11:23
/home/vscode/.local/lib/python3.10/site-packages/airflow/example_dags/example_external_task_marker_dag.py                                                  2           0  0.10s           2025-07-16T11:11:37
/home/vscode/.local/lib/python3.10/site-packages/airflow/example_dags/example_xcomargs.py                                                                  2           0  0.10s           2025-07-16T11:11:25
/home/vscode/.local/lib/python3.10/site-packages/airflow/example_dags/example_subdag_operator.py                                                           3           0  0.10s           2025-07-16T11:11:13
/home/vscode/.local/lib/python3.10/site-packages/airflow/example_dags/example_branch_datetime_operator.py                                                  3           0  0.10s           2025-07-16T11:11:52
/home/vscode/.local/lib/python3.10/site-packages/airflow/example_dags/example_datasets.py                                                                  6           0  0.10s           2025-07-16T11:11:38
================================================================================
[2025-07-16T11:11:59.452+0000] {manager.py:758} INFO - Searching for files in /workspaces/hands-on-introduction-data-engineering-4395021/airflow/dags
[2025-07-16T11:11:59.462+0000] {manager.py:761} INFO - There are 47 files in /workspaces/hands-on-introduction-data-engineering-4395021/airflow/dags
[2025-07-16T11:12:01.744+0000] {manager.py:758} INFO - Searching for files in /workspaces/hands-on-introduction-data-engineering-4395021/airflow/dags
[2025-07-16T11:12:01.754+0000] {manager.py:761} INFO - There are 47 files in /workspaces/hands-on-introduction-data-engineering-4395021/airflow/dags
[2025-07-16T11:12:04.593+0000] {manager.py:758} INFO - Searching for files in /workspaces/hands-on-introduction-data-engineering-4395021/airflow/dags
[2025-07-16T11:12:04.607+0000] {manager.py:761} INFO - There are 47 files in /workspaces/hands-on-introduction-data-engineering-4395021/airflow/dags
[2025-07-16T11:12:06.896+0000] {manager.py:758} INFO - Searching for files in /workspaces/hands-on-introduction-data-engineering-4395021/airflow/dags
[2025-07-16T11:12:06.917+0000] {manager.py:761} INFO - There are 47 files in /workspaces/hands-on-introduction-data-engineering-4395021/airflow/dags
[2025-07-16T11:12:09.597+0000] {manager.py:758} INFO - Searching for files in /workspaces/hands-on-introduction-data-engineering-4395021/airflow/dags
[2025-07-16T11:12:09.606+0000] {manager.py:761} INFO - There are 47 files in /workspaces/hands-on-introduction-data-engineering-4395021/airflow/dags
[2025-07-16T11:12:11.927+0000] {manager.py:758} INFO - Searching for files in /workspaces/hands-on-introduction-data-engineering-4395021/airflow/dags
[2025-07-16T11:12:11.936+0000] {manager.py:761} INFO - There are 47 files in /workspaces/hands-on-introduction-data-engineering-4395021/airflow/dags
[2025-07-16T11:12:14.738+0000] {manager.py:758} INFO - Searching for files in /workspaces/hands-on-introduction-data-engineering-4395021/airflow/dags
[2025-07-16T11:12:14.750+0000] {manager.py:761} INFO - There are 47 files in /workspaces/hands-on-introduction-data-engineering-4395021/airflow/dags
[2025-07-16T11:12:17.032+0000] {manager.py:758} INFO - Searching for files in /workspaces/hands-on-introduction-data-engineering-4395021/airflow/dags
[2025-07-16T11:12:17.041+0000] {manager.py:761} INFO - There are 47 files in /workspaces/hands-on-introduction-data-engineering-4395021/airflow/dags
[2025-07-16T11:12:19.879+0000] {manager.py:758} INFO - Searching for files in /workspaces/hands-on-introduction-data-engineering-4395021/airflow/dags
[2025-07-16T11:12:19.889+0000] {manager.py:761} INFO - There are 47 files in /workspaces/hands-on-introduction-data-engineering-4395021/airflow/dags
[2025-07-16T11:12:22.173+0000] {manager.py:758} INFO - Searching for files in /workspaces/hands-on-introduction-data-engineering-4395021/airflow/dags
[2025-07-16T11:12:22.186+0000] {manager.py:761} INFO - There are 47 files in /workspaces/hands-on-introduction-data-engineering-4395021/airflow/dags
[2025-07-16T11:12:24.269+0000] {manager.py:758} INFO - Searching for files in /workspaces/hands-on-introduction-data-engineering-4395021/airflow/dags
[2025-07-16T11:12:24.279+0000] {manager.py:761} INFO - There are 47 files in /workspaces/hands-on-introduction-data-engineering-4395021/airflow/dags
[2025-07-16T11:12:26.833+0000] {manager.py:758} INFO - Searching for files in /workspaces/hands-on-introduction-data-engineering-4395021/airflow/dags
[2025-07-16T11:12:26.843+0000] {manager.py:761} INFO - There are 47 files in /workspaces/hands-on-introduction-data-engineering-4395021/airflow/dags
[2025-07-16T11:12:26.960+0000] {manager.py:889} INFO - 
================================================================================
DAG File Processing Stats

File Path                                                                                                                         PID    Runtime      # DAGs    # Errors  Last Runtime    Last Run
--------------------------------------------------------------------------------------------------------------------------------  -----  ---------  --------  ----------  --------------  -------------------
/workspaces/hands-on-introduction-data-engineering-4395021/airflow/dags/challenge_dag.py                                                                   0           1  0.10s           2025-07-16T11:11:55
/home/vscode/.local/lib/python3.10/site-packages/airflow/example_dags/example_local_kubernetes_executor.py                                                 0           0  0.10s           2025-07-16T11:12:21
/home/vscode/.local/lib/python3.10/site-packages/airflow/example_dags/example_setup_teardown.py                                                            0           0  0.11s           2025-07-16T11:12:14
/home/vscode/.local/lib/python3.10/site-packages/airflow/example_dags/example_kubernetes_executor.py                                                       0           0  0.10s           2025-07-16T11:12:26
/home/vscode/.local/lib/python3.10/site-packages/airflow/example_dags/example_setup_teardown_taskflow.py                                                   0           0  0.10s           2025-07-16T11:12:18
/home/vscode/.local/lib/python3.10/site-packages/airflow/example_dags/plugins/event_listener.py                                                            0           0  0.11s           2025-07-16T11:11:58
/home/vscode/.local/lib/python3.10/site-packages/airflow/example_dags/plugins/listener_plugin.py                                                           0           0  0.11s           2025-07-16T11:11:56
/home/vscode/.local/lib/python3.10/site-packages/airflow/example_dags/plugins/workday.py                                                                   0           0  0.12s           2025-07-16T11:12:10
/home/vscode/.local/lib/python3.10/site-packages/airflow/example_dags/subdags/subdag.py                                                                    0           0  0.10s           2025-07-16T11:12:24
/home/vscode/.local/lib/python3.10/site-packages/airflow/example_dags/example_bash_operator.py                                                             1           0  0.10s           2025-07-16T11:11:48
/home/vscode/.local/lib/python3.10/site-packages/airflow/example_dags/example_task_group_decorator.py                                                      1           0  0.10s           2025-07-16T11:11:58
/home/vscode/.local/lib/python3.10/site-packages/airflow/example_dags/example_sensor_decorator.py                                                          1           0  0.11s           2025-07-16T11:12:08
/home/vscode/.local/lib/python3.10/site-packages/airflow/example_dags/example_sensors.py                                                                   1           0  0.10s           2025-07-16T11:12:13
/home/vscode/.local/lib/python3.10/site-packages/airflow/example_dags/example_branch_operator.py                                                           1           0  0.10s           2025-07-16T11:11:48
/home/vscode/.local/lib/python3.10/site-packages/airflow/example_dags/example_dynamic_task_mapping.py                                                      1           0  0.10s           2025-07-16T11:12:20
/home/vscode/.local/lib/python3.10/site-packages/airflow/example_dags/example_params_ui_tutorial.py                                                        1           0  0.10s           2025-07-16T11:12:13
/home/vscode/.local/lib/python3.10/site-packages/airflow/example_dags/tutorial_dag.py                                                                      1           0  0.10s           2025-07-16T11:12:24
/home/vscode/.local/lib/python3.10/site-packages/airflow/example_dags/example_short_circuit_operator.py                                                    1           0  0.10s           2025-07-16T11:12:00
/home/vscode/.local/lib/python3.10/site-packages/airflow/example_dags/example_complex.py                                                                   1           0  0.11s           2025-07-16T11:11:49
/home/vscode/.local/lib/python3.10/site-packages/airflow/example_dags/example_sla_dag.py                                                                   1           0  0.10s           2025-07-16T11:12:01
/home/vscode/.local/lib/python3.10/site-packages/airflow/example_dags/tutorial_taskflow_api_virtualenv.py                                                  1           0  0.11s           2025-07-16T11:11:57
/home/vscode/.local/lib/python3.10/site-packages/airflow/example_dags/example_xcom.py                                                                      1           0  0.10s           2025-07-16T11:12:03
/home/vscode/.local/lib/python3.10/site-packages/airflow/example_dags/example_params_trigger_ui.py                                                         1           0  0.10s           2025-07-16T11:12:16
/home/vscode/.local/lib/python3.10/site-packages/airflow/example_dags/example_trigger_target_dag.py                                                        1           0  0.11s           2025-07-16T11:12:03
/home/vscode/.local/lib/python3.10/site-packages/airflow/example_dags/example_branch_python_dop_operator_3.py                                              1           0  0.10s           2025-07-16T11:11:50
/home/vscode/.local/lib/python3.10/site-packages/airflow/example_dags/example_latest_only.py                                                               1           0  0.10s           2025-07-16T11:12:23
/home/vscode/.local/lib/python3.10/site-packages/airflow/example_dags/example_skip_dag.py                                                                  1           0  0.10s           2025-07-16T11:12:04
/home/vscode/.local/lib/python3.10/site-packages/airflow/example_dags/example_python_operator.py                                                           1           0  0.10s           2025-07-16T11:12:17
/home/vscode/.local/lib/python3.10/site-packages/airflow/example_dags/example_branch_day_of_week_operator.py                                               1           0  0.10s           2025-07-16T11:11:51
/home/vscode/.local/lib/python3.10/site-packages/airflow/example_dags/example_nested_branch_dag.py                                                         1           0  0.10s           2025-07-16T11:11:45
/home/vscode/.local/lib/python3.10/site-packages/airflow/example_dags/example_dynamic_task_mapping_with_no_taskflow_operators.py                           1           0  0.10s           2025-07-16T11:11:46
/home/vscode/.local/lib/python3.10/site-packages/airflow/example_dags/tutorial.py                                                                          1           0  0.10s           2025-07-16T11:12:12
/home/vscode/.local/lib/python3.10/site-packages/airflow/example_dags/tutorial_taskflow_api.py                                                             1           0  0.10s           2025-07-16T11:12:25
/home/vscode/.local/lib/python3.10/site-packages/airflow/example_dags/example_trigger_controller_dag.py                                                    1           0  0.10s           2025-07-16T11:12:05
/home/vscode/.local/lib/python3.10/site-packages/airflow/example_dags/example_branch_labels.py                                                             1           0  0.10s           2025-07-16T11:11:53
/home/vscode/.local/lib/python3.10/site-packages/airflow/example_dags/example_latest_only_with_trigger.py                                                  1           0  0.10s           2025-07-16T11:11:47
/home/vscode/.local/lib/python3.10/site-packages/airflow/example_dags/example_passing_params_via_test_command.py                                           1           0  0.11s           2025-07-16T11:12:18
/home/vscode/.local/lib/python3.10/site-packages/airflow/example_dags/example_short_circuit_decorator.py                                                   1           0  0.10s           2025-07-16T11:12:18
/home/vscode/.local/lib/python3.10/site-packages/airflow/example_dags/example_time_delta_sensor_async.py                                                   1           0  0.11s           2025-07-16T11:12:07
/home/vscode/.local/lib/python3.10/site-packages/airflow/example_dags/example_dag_decorator.py                                                             1           0  0.20s           2025-07-16T11:11:54
/home/vscode/.local/lib/python3.10/site-packages/airflow/example_dags/example_task_group.py                                                                1           0  0.11s           2025-07-16T11:12:08
/home/vscode/.local/lib/python3.10/site-packages/airflow/example_dags/example_branch_operator_decorator.py                                                 1           0  0.10s           2025-07-16T11:12:09
/home/vscode/.local/lib/python3.10/site-packages/airflow/example_dags/example_external_task_marker_dag.py                                                  2           0  0.10s           2025-07-16T11:12:22
/home/vscode/.local/lib/python3.10/site-packages/airflow/example_dags/example_xcomargs.py                                                                  2           0  0.10s           2025-07-16T11:12:12
/home/vscode/.local/lib/python3.10/site-packages/airflow/example_dags/example_subdag_operator.py                                                           3           0  0.10s           2025-07-16T11:11:59
/home/vscode/.local/lib/python3.10/site-packages/airflow/example_dags/example_branch_datetime_operator.py                                                  3           0  0.10s           2025-07-16T11:11:52
/home/vscode/.local/lib/python3.10/site-packages/airflow/example_dags/example_datasets.py                                                                  6           0  0.10s           2025-07-16T11:12:23
================================================================================
[2025-07-16T11:12:29.019+0000] {manager.py:758} INFO - Searching for files in /workspaces/hands-on-introduction-data-engineering-4395021/airflow/dags
[2025-07-16T11:12:29.028+0000] {manager.py:761} INFO - There are 47 files in /workspaces/hands-on-introduction-data-engineering-4395021/airflow/dags
[2025-07-16T11:12:31.313+0000] {manager.py:758} INFO - Searching for files in /workspaces/hands-on-introduction-data-engineering-4395021/airflow/dags
[2025-07-16T11:12:31.322+0000] {manager.py:761} INFO - There are 47 files in /workspaces/hands-on-introduction-data-engineering-4395021/airflow/dags
[2025-07-16T11:12:33.603+0000] {manager.py:758} INFO - Searching for files in /workspaces/hands-on-introduction-data-engineering-4395021/airflow/dags
[2025-07-16T11:12:33.612+0000] {manager.py:761} INFO - There are 47 files in /workspaces/hands-on-introduction-data-engineering-4395021/airflow/dags
[2025-07-16T11:12:36.555+0000] {manager.py:758} INFO - Searching for files in /workspaces/hands-on-introduction-data-engineering-4395021/airflow/dags
[2025-07-16T11:12:36.566+0000] {manager.py:761} INFO - There are 47 files in /workspaces/hands-on-introduction-data-engineering-4395021/airflow/dags
[2025-07-16T11:12:38.845+0000] {manager.py:758} INFO - Searching for files in /workspaces/hands-on-introduction-data-engineering-4395021/airflow/dags
[2025-07-16T11:12:38.854+0000] {manager.py:761} INFO - There are 47 files in /workspaces/hands-on-introduction-data-engineering-4395021/airflow/dags
[2025-07-16T11:12:41.726+0000] {manager.py:758} INFO - Searching for files in /workspaces/hands-on-introduction-data-engineering-4395021/airflow/dags
[2025-07-16T11:12:41.736+0000] {manager.py:761} INFO - There are 47 files in /workspaces/hands-on-introduction-data-engineering-4395021/airflow/dags
[2025-07-16T11:12:44.577+0000] {manager.py:758} INFO - Searching for files in /workspaces/hands-on-introduction-data-engineering-4395021/airflow/dags
[2025-07-16T11:12:44.586+0000] {manager.py:761} INFO - There are 47 files in /workspaces/hands-on-introduction-data-engineering-4395021/airflow/dags
[2025-07-16T11:12:46.876+0000] {manager.py:758} INFO - Searching for files in /workspaces/hands-on-introduction-data-engineering-4395021/airflow/dags
[2025-07-16T11:12:46.885+0000] {manager.py:761} INFO - There are 47 files in /workspaces/hands-on-introduction-data-engineering-4395021/airflow/dags
[2025-07-16T11:12:49.000+0000] {manager.py:758} INFO - Searching for files in /workspaces/hands-on-introduction-data-engineering-4395021/airflow/dags
[2025-07-16T11:12:49.009+0000] {manager.py:761} INFO - There are 47 files in /workspaces/hands-on-introduction-data-engineering-4395021/airflow/dags
[2025-07-16T11:12:52.020+0000] {manager.py:758} INFO - Searching for files in /workspaces/hands-on-introduction-data-engineering-4395021/airflow/dags
[2025-07-16T11:12:52.030+0000] {manager.py:761} INFO - There are 47 files in /workspaces/hands-on-introduction-data-engineering-4395021/airflow/dags
[2025-07-16T11:12:54.423+0000] {manager.py:758} INFO - Searching for files in /workspaces/hands-on-introduction-data-engineering-4395021/airflow/dags
[2025-07-16T11:12:54.433+0000] {manager.py:761} INFO - There are 47 files in /workspaces/hands-on-introduction-data-engineering-4395021/airflow/dags
[2025-07-16T11:12:57.160+0000] {manager.py:758} INFO - Searching for files in /workspaces/hands-on-introduction-data-engineering-4395021/airflow/dags
[2025-07-16T11:12:57.169+0000] {manager.py:761} INFO - There are 47 files in /workspaces/hands-on-introduction-data-engineering-4395021/airflow/dags
[2025-07-16T11:12:57.286+0000] {manager.py:889} INFO - 
================================================================================
DAG File Processing Stats

File Path                                                                                                                         PID    Runtime      # DAGs    # Errors  Last Runtime    Last Run
--------------------------------------------------------------------------------------------------------------------------------  -----  ---------  --------  ----------  --------------  -------------------
/workspaces/hands-on-introduction-data-engineering-4395021/airflow/dags/challenge_dag.py                                                                   0           1  0.10s           2025-07-16T11:12:36
/home/vscode/.local/lib/python3.10/site-packages/airflow/example_dags/example_local_kubernetes_executor.py                                                 0           0  0.10s           2025-07-16T11:12:21
/home/vscode/.local/lib/python3.10/site-packages/airflow/example_dags/example_setup_teardown.py                                                            0           0  0.11s           2025-07-16T11:12:14
/home/vscode/.local/lib/python3.10/site-packages/airflow/example_dags/example_kubernetes_executor.py                                                       0           0  0.10s           2025-07-16T11:12:26
/home/vscode/.local/lib/python3.10/site-packages/airflow/example_dags/example_setup_teardown_taskflow.py                                                   0           0  0.10s           2025-07-16T11:12:18
/home/vscode/.local/lib/python3.10/site-packages/airflow/example_dags/plugins/event_listener.py                                                            0           0  0.11s           2025-07-16T11:12:39
/home/vscode/.local/lib/python3.10/site-packages/airflow/example_dags/plugins/listener_plugin.py                                                           0           0  0.11s           2025-07-16T11:12:37
/home/vscode/.local/lib/python3.10/site-packages/airflow/example_dags/plugins/workday.py                                                                   0           0  0.11s           2025-07-16T11:12:49
/home/vscode/.local/lib/python3.10/site-packages/airflow/example_dags/subdags/subdag.py                                                                    0           0  0.10s           2025-07-16T11:12:24
/home/vscode/.local/lib/python3.10/site-packages/airflow/example_dags/example_bash_operator.py                                                             1           0  0.10s           2025-07-16T11:12:29
/home/vscode/.local/lib/python3.10/site-packages/airflow/example_dags/example_task_group_decorator.py                                                      1           0  0.10s           2025-07-16T11:12:40
/home/vscode/.local/lib/python3.10/site-packages/airflow/example_dags/example_sensor_decorator.py                                                          1           0  0.10s           2025-07-16T11:12:54
/home/vscode/.local/lib/python3.10/site-packages/airflow/example_dags/example_sensors.py                                                                   1           0  0.10s           2025-07-16T11:12:56
/home/vscode/.local/lib/python3.10/site-packages/airflow/example_dags/example_branch_operator.py                                                           1           0  0.10s           2025-07-16T11:12:30
/home/vscode/.local/lib/python3.10/site-packages/airflow/example_dags/example_dynamic_task_mapping.py                                                      1           0  0.10s           2025-07-16T11:12:20
/home/vscode/.local/lib/python3.10/site-packages/airflow/example_dags/example_params_ui_tutorial.py                                                        1           0  0.10s           2025-07-16T11:12:57
/home/vscode/.local/lib/python3.10/site-packages/airflow/example_dags/tutorial_dag.py                                                                      1           0  0.10s           2025-07-16T11:12:24
/home/vscode/.local/lib/python3.10/site-packages/airflow/example_dags/example_short_circuit_operator.py                                                    1           0  0.10s           2025-07-16T11:12:42
/home/vscode/.local/lib/python3.10/site-packages/airflow/example_dags/example_complex.py                                                                   1           0  0.10s           2025-07-16T11:12:31
/home/vscode/.local/lib/python3.10/site-packages/airflow/example_dags/example_sla_dag.py                                                                   1           0  0.10s           2025-07-16T11:12:43
/home/vscode/.local/lib/python3.10/site-packages/airflow/example_dags/tutorial_taskflow_api_virtualenv.py                                                  1           0  0.10s           2025-07-16T11:12:38
/home/vscode/.local/lib/python3.10/site-packages/airflow/example_dags/example_xcom.py                                                                      1           0  0.10s           2025-07-16T11:12:44
/home/vscode/.local/lib/python3.10/site-packages/airflow/example_dags/example_params_trigger_ui.py                                                         1           0  0.10s           2025-07-16T11:12:16
/home/vscode/.local/lib/python3.10/site-packages/airflow/example_dags/example_trigger_target_dag.py                                                        1           0  0.10s           2025-07-16T11:12:45
/home/vscode/.local/lib/python3.10/site-packages/airflow/example_dags/example_branch_python_dop_operator_3.py                                              1           0  0.10s           2025-07-16T11:12:32
/home/vscode/.local/lib/python3.10/site-packages/airflow/example_dags/example_latest_only.py                                                               1           0  0.10s           2025-07-16T11:12:23
/home/vscode/.local/lib/python3.10/site-packages/airflow/example_dags/example_skip_dag.py                                                                  1           0  0.10s           2025-07-16T11:12:46
/home/vscode/.local/lib/python3.10/site-packages/airflow/example_dags/example_python_operator.py                                                           1           0  0.10s           2025-07-16T11:12:17
/home/vscode/.local/lib/python3.10/site-packages/airflow/example_dags/example_branch_day_of_week_operator.py                                               1           0  0.10s           2025-07-16T11:12:33
/home/vscode/.local/lib/python3.10/site-packages/airflow/example_dags/example_nested_branch_dag.py                                                         1           0  0.10s           2025-07-16T11:12:27
/home/vscode/.local/lib/python3.10/site-packages/airflow/example_dags/example_dynamic_task_mapping_with_no_taskflow_operators.py                           1           0  0.10s           2025-07-16T11:12:28
/home/vscode/.local/lib/python3.10/site-packages/airflow/example_dags/tutorial.py                                                                          1           0  0.10s           2025-07-16T11:12:52
/home/vscode/.local/lib/python3.10/site-packages/airflow/example_dags/tutorial_taskflow_api.py                                                             1           0  0.10s           2025-07-16T11:12:25
/home/vscode/.local/lib/python3.10/site-packages/airflow/example_dags/example_trigger_controller_dag.py                                                    1           0  0.10s           2025-07-16T11:12:48
/home/vscode/.local/lib/python3.10/site-packages/airflow/example_dags/example_branch_labels.py                                                             1           0  0.10s           2025-07-16T11:12:35
/home/vscode/.local/lib/python3.10/site-packages/airflow/example_dags/example_latest_only_with_trigger.py                                                  1           0  0.10s           2025-07-16T11:12:28
/home/vscode/.local/lib/python3.10/site-packages/airflow/example_dags/example_passing_params_via_test_command.py                                           1           0  0.11s           2025-07-16T11:12:18
/home/vscode/.local/lib/python3.10/site-packages/airflow/example_dags/example_short_circuit_decorator.py                                                   1           0  0.10s           2025-07-16T11:12:18
/home/vscode/.local/lib/python3.10/site-packages/airflow/example_dags/example_time_delta_sensor_async.py                                                   1           0  0.21s           2025-07-16T11:12:53
/home/vscode/.local/lib/python3.10/site-packages/airflow/example_dags/example_dag_decorator.py                                                             1           0  0.20s           2025-07-16T11:12:49
/home/vscode/.local/lib/python3.10/site-packages/airflow/example_dags/example_task_group.py                                                                1           0  0.10s           2025-07-16T11:12:54
/home/vscode/.local/lib/python3.10/site-packages/airflow/example_dags/example_branch_operator_decorator.py                                                 1           0  0.10s           2025-07-16T11:12:09
/home/vscode/.local/lib/python3.10/site-packages/airflow/example_dags/example_external_task_marker_dag.py                                                  2           0  0.10s           2025-07-16T11:12:22
/home/vscode/.local/lib/python3.10/site-packages/airflow/example_dags/example_xcomargs.py                                                                  2           0  0.10s           2025-07-16T11:12:50
/home/vscode/.local/lib/python3.10/site-packages/airflow/example_dags/example_subdag_operator.py                                                           3           0  0.10s           2025-07-16T11:12:41
/home/vscode/.local/lib/python3.10/site-packages/airflow/example_dags/example_branch_datetime_operator.py                                                  3           0  0.20s           2025-07-16T11:12:34
/home/vscode/.local/lib/python3.10/site-packages/airflow/example_dags/example_datasets.py                                                                  6           0  0.10s           2025-07-16T11:12:23
================================================================================
[2025-07-16T11:12:59.256+0000] {manager.py:758} INFO - Searching for files in /workspaces/hands-on-introduction-data-engineering-4395021/airflow/dags
[2025-07-16T11:12:59.266+0000] {manager.py:761} INFO - There are 47 files in /workspaces/hands-on-introduction-data-engineering-4395021/airflow/dags
[2025-07-16T11:13:02.301+0000] {manager.py:758} INFO - Searching for files in /workspaces/hands-on-introduction-data-engineering-4395021/airflow/dags
[2025-07-16T11:13:02.311+0000] {manager.py:761} INFO - There are 47 files in /workspaces/hands-on-introduction-data-engineering-4395021/airflow/dags
[2025-07-16T11:13:04.590+0000] {manager.py:758} INFO - Searching for files in /workspaces/hands-on-introduction-data-engineering-4395021/airflow/dags
[2025-07-16T11:13:04.600+0000] {manager.py:761} INFO - There are 47 files in /workspaces/hands-on-introduction-data-engineering-4395021/airflow/dags
[2025-07-16T11:13:07.446+0000] {manager.py:758} INFO - Searching for files in /workspaces/hands-on-introduction-data-engineering-4395021/airflow/dags
[2025-07-16T11:13:07.456+0000] {manager.py:761} INFO - There are 47 files in /workspaces/hands-on-introduction-data-engineering-4395021/airflow/dags
[2025-07-16T11:13:10.308+0000] {manager.py:758} INFO - Searching for files in /workspaces/hands-on-introduction-data-engineering-4395021/airflow/dags
[2025-07-16T11:13:10.317+0000] {manager.py:761} INFO - There are 47 files in /workspaces/hands-on-introduction-data-engineering-4395021/airflow/dags
[2025-07-16T11:13:12.604+0000] {manager.py:758} INFO - Searching for files in /workspaces/hands-on-introduction-data-engineering-4395021/airflow/dags
[2025-07-16T11:13:12.613+0000] {manager.py:761} INFO - There are 47 files in /workspaces/hands-on-introduction-data-engineering-4395021/airflow/dags
[2025-07-16T11:13:14.900+0000] {manager.py:758} INFO - Searching for files in /workspaces/hands-on-introduction-data-engineering-4395021/airflow/dags
[2025-07-16T11:13:14.910+0000] {manager.py:761} INFO - There are 47 files in /workspaces/hands-on-introduction-data-engineering-4395021/airflow/dags
[2025-07-16T11:13:17.744+0000] {manager.py:758} INFO - Searching for files in /workspaces/hands-on-introduction-data-engineering-4395021/airflow/dags
[2025-07-16T11:13:17.753+0000] {manager.py:761} INFO - There are 47 files in /workspaces/hands-on-introduction-data-engineering-4395021/airflow/dags
[2025-07-16T11:13:20.608+0000] {manager.py:758} INFO - Searching for files in /workspaces/hands-on-introduction-data-engineering-4395021/airflow/dags
[2025-07-16T11:13:20.618+0000] {manager.py:761} INFO - There are 47 files in /workspaces/hands-on-introduction-data-engineering-4395021/airflow/dags
[2025-07-16T11:13:22.904+0000] {manager.py:758} INFO - Searching for files in /workspaces/hands-on-introduction-data-engineering-4395021/airflow/dags
[2025-07-16T11:13:22.913+0000] {manager.py:761} INFO - There are 47 files in /workspaces/hands-on-introduction-data-engineering-4395021/airflow/dags
[2025-07-16T11:13:25.769+0000] {manager.py:758} INFO - Searching for files in /workspaces/hands-on-introduction-data-engineering-4395021/airflow/dags
[2025-07-16T11:13:25.778+0000] {manager.py:761} INFO - There are 47 files in /workspaces/hands-on-introduction-data-engineering-4395021/airflow/dags
[2025-07-16T11:13:27.867+0000] {manager.py:889} INFO - 
================================================================================
DAG File Processing Stats

File Path                                                                                                                         PID    Runtime      # DAGs    # Errors  Last Runtime    Last Run
--------------------------------------------------------------------------------------------------------------------------------  -----  ---------  --------  ----------  --------------  -------------------
/workspaces/hands-on-introduction-data-engineering-4395021/airflow/dags/challenge_dag.py                                                                   0           1  0.10s           2025-07-16T11:13:23
/home/vscode/.local/lib/python3.10/site-packages/airflow/example_dags/example_local_kubernetes_executor.py                                                 0           0  0.11s           2025-07-16T11:13:08
/home/vscode/.local/lib/python3.10/site-packages/airflow/example_dags/example_setup_teardown.py                                                            0           0  0.11s           2025-07-16T11:12:57
/home/vscode/.local/lib/python3.10/site-packages/airflow/example_dags/example_kubernetes_executor.py                                                       0           0  0.10s           2025-07-16T11:13:12
/home/vscode/.local/lib/python3.10/site-packages/airflow/example_dags/example_setup_teardown_taskflow.py                                                   0           0  0.10s           2025-07-16T11:13:02
/home/vscode/.local/lib/python3.10/site-packages/airflow/example_dags/plugins/event_listener.py                                                            0           0  0.11s           2025-07-16T11:12:39
/home/vscode/.local/lib/python3.10/site-packages/airflow/example_dags/plugins/listener_plugin.py                                                           0           0  0.10s           2025-07-16T11:13:24
/home/vscode/.local/lib/python3.10/site-packages/airflow/example_dags/plugins/workday.py                                                                   0           0  0.11s           2025-07-16T11:13:24
/home/vscode/.local/lib/python3.10/site-packages/airflow/example_dags/subdags/subdag.py                                                                    0           0  0.10s           2025-07-16T11:13:04
/home/vscode/.local/lib/python3.10/site-packages/airflow/example_dags/example_bash_operator.py                                                             1           0  0.10s           2025-07-16T11:13:16
/home/vscode/.local/lib/python3.10/site-packages/airflow/example_dags/example_task_group_decorator.py                                                      1           0  0.10s           2025-07-16T11:12:40
/home/vscode/.local/lib/python3.10/site-packages/airflow/example_dags/example_sensor_decorator.py                                                          1           0  0.10s           2025-07-16T11:12:54
/home/vscode/.local/lib/python3.10/site-packages/airflow/example_dags/example_sensors.py                                                                   1           0  0.10s           2025-07-16T11:12:56
/home/vscode/.local/lib/python3.10/site-packages/airflow/example_dags/example_branch_operator.py                                                           1           0  0.10s           2025-07-16T11:13:17
/home/vscode/.local/lib/python3.10/site-packages/airflow/example_dags/example_dynamic_task_mapping.py                                                      1           0  0.10s           2025-07-16T11:13:07
/home/vscode/.local/lib/python3.10/site-packages/airflow/example_dags/example_params_ui_tutorial.py                                                        1           0  0.10s           2025-07-16T11:12:57
/home/vscode/.local/lib/python3.10/site-packages/airflow/example_dags/tutorial_dag.py                                                                      1           0  0.10s           2025-07-16T11:13:05
/home/vscode/.local/lib/python3.10/site-packages/airflow/example_dags/example_short_circuit_operator.py                                                    1           0  0.10s           2025-07-16T11:12:42
/home/vscode/.local/lib/python3.10/site-packages/airflow/example_dags/example_complex.py                                                                   1           0  0.10s           2025-07-16T11:13:19
/home/vscode/.local/lib/python3.10/site-packages/airflow/example_dags/example_sla_dag.py                                                                   1           0  0.10s           2025-07-16T11:12:43
/home/vscode/.local/lib/python3.10/site-packages/airflow/example_dags/tutorial_taskflow_api_virtualenv.py                                                  1           0  0.10s           2025-07-16T11:13:25
/home/vscode/.local/lib/python3.10/site-packages/airflow/example_dags/example_xcom.py                                                                      1           0  0.10s           2025-07-16T11:12:44
/home/vscode/.local/lib/python3.10/site-packages/airflow/example_dags/example_params_trigger_ui.py                                                         1           0  0.10s           2025-07-16T11:12:58
/home/vscode/.local/lib/python3.10/site-packages/airflow/example_dags/example_trigger_target_dag.py                                                        1           0  0.10s           2025-07-16T11:12:45
/home/vscode/.local/lib/python3.10/site-packages/airflow/example_dags/example_branch_python_dop_operator_3.py                                              1           0  0.11s           2025-07-16T11:13:19
/home/vscode/.local/lib/python3.10/site-packages/airflow/example_dags/example_latest_only.py                                                               1           0  0.10s           2025-07-16T11:13:11
/home/vscode/.local/lib/python3.10/site-packages/airflow/example_dags/example_skip_dag.py                                                                  1           0  0.10s           2025-07-16T11:12:46
/home/vscode/.local/lib/python3.10/site-packages/airflow/example_dags/example_python_operator.py                                                           1           0  0.10s           2025-07-16T11:12:59
/home/vscode/.local/lib/python3.10/site-packages/airflow/example_dags/example_branch_day_of_week_operator.py                                               1           0  0.10s           2025-07-16T11:13:20
/home/vscode/.local/lib/python3.10/site-packages/airflow/example_dags/example_nested_branch_dag.py                                                         1           0  0.11s           2025-07-16T11:13:13
/home/vscode/.local/lib/python3.10/site-packages/airflow/example_dags/example_dynamic_task_mapping_with_no_taskflow_operators.py                           1           0  0.10s           2025-07-16T11:13:15
/home/vscode/.local/lib/python3.10/site-packages/airflow/example_dags/tutorial.py                                                                          1           0  0.10s           2025-07-16T11:13:27
/home/vscode/.local/lib/python3.10/site-packages/airflow/example_dags/tutorial_taskflow_api.py                                                             1           0  0.10s           2025-07-16T11:13:06
/home/vscode/.local/lib/python3.10/site-packages/airflow/example_dags/example_trigger_controller_dag.py                                                    1           0  0.10s           2025-07-16T11:12:48
/home/vscode/.local/lib/python3.10/site-packages/airflow/example_dags/example_branch_labels.py                                                             1           0  0.10s           2025-07-16T11:12:35
/home/vscode/.local/lib/python3.10/site-packages/airflow/example_dags/example_latest_only_with_trigger.py                                                  1           0  0.10s           2025-07-16T11:13:15
/home/vscode/.local/lib/python3.10/site-packages/airflow/example_dags/example_passing_params_via_test_command.py                                           1           0  0.10s           2025-07-16T11:13:00
/home/vscode/.local/lib/python3.10/site-packages/airflow/example_dags/example_short_circuit_decorator.py                                                   1           0  0.10s           2025-07-16T11:13:01
/home/vscode/.local/lib/python3.10/site-packages/airflow/example_dags/example_time_delta_sensor_async.py                                                   1           0  0.21s           2025-07-16T11:12:53
/home/vscode/.local/lib/python3.10/site-packages/airflow/example_dags/example_dag_decorator.py                                                             1           0  0.20s           2025-07-16T11:12:49
/home/vscode/.local/lib/python3.10/site-packages/airflow/example_dags/example_task_group.py                                                                1           0  0.10s           2025-07-16T11:12:54
/home/vscode/.local/lib/python3.10/site-packages/airflow/example_dags/example_branch_operator_decorator.py                                                 1           0  0.10s           2025-07-16T11:13:03
/home/vscode/.local/lib/python3.10/site-packages/airflow/example_dags/example_external_task_marker_dag.py                                                  2           0  0.10s           2025-07-16T11:13:09
/home/vscode/.local/lib/python3.10/site-packages/airflow/example_dags/example_xcomargs.py                                                                  2           0  0.10s           2025-07-16T11:13:27
/home/vscode/.local/lib/python3.10/site-packages/airflow/example_dags/example_subdag_operator.py                                                           3           0  0.10s           2025-07-16T11:12:41
/home/vscode/.local/lib/python3.10/site-packages/airflow/example_dags/example_branch_datetime_operator.py                                                  3           0  0.10s           2025-07-16T11:13:21
/home/vscode/.local/lib/python3.10/site-packages/airflow/example_dags/example_datasets.py                                                                  6           0  0.10s           2025-07-16T11:13:10
================================================================================
[2025-07-16T11:13:28.900+0000] {manager.py:758} INFO - Searching for files in /workspaces/hands-on-introduction-data-engineering-4395021/airflow/dags
[2025-07-16T11:13:28.909+0000] {manager.py:761} INFO - There are 47 files in /workspaces/hands-on-introduction-data-engineering-4395021/airflow/dags
[2025-07-16T11:13:31.987+0000] {manager.py:758} INFO - Searching for files in /workspaces/hands-on-introduction-data-engineering-4395021/airflow/dags
[2025-07-16T11:13:31.996+0000] {manager.py:761} INFO - There are 47 files in /workspaces/hands-on-introduction-data-engineering-4395021/airflow/dags
[2025-07-16T11:13:34.276+0000] {manager.py:758} INFO - Searching for files in /workspaces/hands-on-introduction-data-engineering-4395021/airflow/dags
[2025-07-16T11:13:34.286+0000] {manager.py:761} INFO - There are 47 files in /workspaces/hands-on-introduction-data-engineering-4395021/airflow/dags
[2025-07-16T11:13:37.127+0000] {manager.py:758} INFO - Searching for files in /workspaces/hands-on-introduction-data-engineering-4395021/airflow/dags
[2025-07-16T11:13:37.137+0000] {manager.py:761} INFO - There are 47 files in /workspaces/hands-on-introduction-data-engineering-4395021/airflow/dags
[2025-07-16T11:13:39.417+0000] {manager.py:758} INFO - Searching for files in /workspaces/hands-on-introduction-data-engineering-4395021/airflow/dags
[2025-07-16T11:13:39.429+0000] {manager.py:761} INFO - There are 47 files in /workspaces/hands-on-introduction-data-engineering-4395021/airflow/dags
[2025-07-16T11:13:42.272+0000] {manager.py:758} INFO - Searching for files in /workspaces/hands-on-introduction-data-engineering-4395021/airflow/dags
[2025-07-16T11:13:42.282+0000] {manager.py:761} INFO - There are 47 files in /workspaces/hands-on-introduction-data-engineering-4395021/airflow/dags
[2025-07-16T11:13:45.172+0000] {manager.py:758} INFO - Searching for files in /workspaces/hands-on-introduction-data-engineering-4395021/airflow/dags
[2025-07-16T11:13:45.182+0000] {manager.py:761} INFO - There are 47 files in /workspaces/hands-on-introduction-data-engineering-4395021/airflow/dags
[2025-07-16T11:13:47.424+0000] {manager.py:758} INFO - Searching for files in /workspaces/hands-on-introduction-data-engineering-4395021/airflow/dags
[2025-07-16T11:13:47.433+0000] {manager.py:761} INFO - There are 47 files in /workspaces/hands-on-introduction-data-engineering-4395021/airflow/dags
[2025-07-16T11:13:49.817+0000] {manager.py:758} INFO - Searching for files in /workspaces/hands-on-introduction-data-engineering-4395021/airflow/dags
[2025-07-16T11:13:49.829+0000] {manager.py:761} INFO - There are 47 files in /workspaces/hands-on-introduction-data-engineering-4395021/airflow/dags
[2025-07-16T11:13:52.566+0000] {manager.py:758} INFO - Searching for files in /workspaces/hands-on-introduction-data-engineering-4395021/airflow/dags
[2025-07-16T11:13:52.576+0000] {manager.py:761} INFO - There are 47 files in /workspaces/hands-on-introduction-data-engineering-4395021/airflow/dags
[2025-07-16T11:13:54.860+0000] {manager.py:758} INFO - Searching for files in /workspaces/hands-on-introduction-data-engineering-4395021/airflow/dags
[2025-07-16T11:13:54.869+0000] {manager.py:761} INFO - There are 47 files in /workspaces/hands-on-introduction-data-engineering-4395021/airflow/dags
[2025-07-16T11:13:57.706+0000] {manager.py:758} INFO - Searching for files in /workspaces/hands-on-introduction-data-engineering-4395021/airflow/dags
[2025-07-16T11:13:57.717+0000] {manager.py:761} INFO - There are 47 files in /workspaces/hands-on-introduction-data-engineering-4395021/airflow/dags
[2025-07-16T11:13:58.148+0000] {manager.py:889} INFO - 
================================================================================
DAG File Processing Stats

File Path                                                                                                                         PID    Runtime      # DAGs    # Errors  Last Runtime    Last Run
--------------------------------------------------------------------------------------------------------------------------------  -----  ---------  --------  ----------  --------------  -------------------
/workspaces/hands-on-introduction-data-engineering-4395021/airflow/dags/challenge_dag.py                                                                   0           1  0.10s           2025-07-16T11:13:56
/home/vscode/.local/lib/python3.10/site-packages/airflow/example_dags/example_local_kubernetes_executor.py                                                 0           0  0.10s           2025-07-16T11:13:53
/home/vscode/.local/lib/python3.10/site-packages/airflow/example_dags/example_setup_teardown.py                                                            0           0  0.11s           2025-07-16T11:13:47
/home/vscode/.local/lib/python3.10/site-packages/airflow/example_dags/example_kubernetes_executor.py                                                       0           0  0.10s           2025-07-16T11:13:12
/home/vscode/.local/lib/python3.10/site-packages/airflow/example_dags/example_setup_teardown_taskflow.py                                                   0           0  0.10s           2025-07-16T11:13:51
/home/vscode/.local/lib/python3.10/site-packages/airflow/example_dags/plugins/event_listener.py                                                            0           0  0.10s           2025-07-16T11:13:29
/home/vscode/.local/lib/python3.10/site-packages/airflow/example_dags/plugins/listener_plugin.py                                                           0           0  0.10s           2025-07-16T11:13:57
/home/vscode/.local/lib/python3.10/site-packages/airflow/example_dags/plugins/workday.py                                                                   0           0  0.11s           2025-07-16T11:13:58
/home/vscode/.local/lib/python3.10/site-packages/airflow/example_dags/subdags/subdag.py                                                                    0           0  0.10s           2025-07-16T11:13:39
/home/vscode/.local/lib/python3.10/site-packages/airflow/example_dags/example_bash_operator.py                                                             1           0  0.10s           2025-07-16T11:13:16
/home/vscode/.local/lib/python3.10/site-packages/airflow/example_dags/example_task_group_decorator.py                                                      1           0  0.10s           2025-07-16T11:13:29
/home/vscode/.local/lib/python3.10/site-packages/airflow/example_dags/example_sensor_decorator.py                                                          1           0  0.10s           2025-07-16T11:13:44
/home/vscode/.local/lib/python3.10/site-packages/airflow/example_dags/example_sensors.py                                                                   1           0  0.10s           2025-07-16T11:13:45
/home/vscode/.local/lib/python3.10/site-packages/airflow/example_dags/example_branch_operator.py                                                           1           0  0.10s           2025-07-16T11:13:17
/home/vscode/.local/lib/python3.10/site-packages/airflow/example_dags/example_dynamic_task_mapping.py                                                      1           0  0.11s           2025-07-16T11:13:52
/home/vscode/.local/lib/python3.10/site-packages/airflow/example_dags/example_params_ui_tutorial.py                                                        1           0  0.10s           2025-07-16T11:13:46
/home/vscode/.local/lib/python3.10/site-packages/airflow/example_dags/tutorial_dag.py                                                                      1           0  0.10s           2025-07-16T11:13:41
/home/vscode/.local/lib/python3.10/site-packages/airflow/example_dags/example_short_circuit_operator.py                                                    1           0  0.10s           2025-07-16T11:13:32
/home/vscode/.local/lib/python3.10/site-packages/airflow/example_dags/example_complex.py                                                                   1           0  0.10s           2025-07-16T11:13:19
/home/vscode/.local/lib/python3.10/site-packages/airflow/example_dags/example_sla_dag.py                                                                   1           0  0.10s           2025-07-16T11:13:33
/home/vscode/.local/lib/python3.10/site-packages/airflow/example_dags/tutorial_taskflow_api_virtualenv.py                                                  1           0  0.10s           2025-07-16T11:13:25
/home/vscode/.local/lib/python3.10/site-packages/airflow/example_dags/example_xcom.py                                                                      1           0  0.10s           2025-07-16T11:13:34
/home/vscode/.local/lib/python3.10/site-packages/airflow/example_dags/example_params_trigger_ui.py                                                         1           0  0.21s           2025-07-16T11:13:48
/home/vscode/.local/lib/python3.10/site-packages/airflow/example_dags/example_trigger_target_dag.py                                                        1           0  0.10s           2025-07-16T11:13:35
/home/vscode/.local/lib/python3.10/site-packages/airflow/example_dags/example_branch_python_dop_operator_3.py                                              1           0  0.11s           2025-07-16T11:13:19
/home/vscode/.local/lib/python3.10/site-packages/airflow/example_dags/example_latest_only.py                                                               1           0  0.10s           2025-07-16T11:13:11
/home/vscode/.local/lib/python3.10/site-packages/airflow/example_dags/example_skip_dag.py                                                                  1           0  0.10s           2025-07-16T11:13:36
/home/vscode/.local/lib/python3.10/site-packages/airflow/example_dags/example_python_operator.py                                                           1           0  0.10s           2025-07-16T11:13:49
/home/vscode/.local/lib/python3.10/site-packages/airflow/example_dags/example_branch_day_of_week_operator.py                                               1           0  0.10s           2025-07-16T11:13:20
/home/vscode/.local/lib/python3.10/site-packages/airflow/example_dags/example_nested_branch_dag.py                                                         1           0  0.11s           2025-07-16T11:13:13
/home/vscode/.local/lib/python3.10/site-packages/airflow/example_dags/example_dynamic_task_mapping_with_no_taskflow_operators.py                           1           0  0.10s           2025-07-16T11:13:15
/home/vscode/.local/lib/python3.10/site-packages/airflow/example_dags/tutorial.py                                                                          1           0  0.10s           2025-07-16T11:13:27
/home/vscode/.local/lib/python3.10/site-packages/airflow/example_dags/tutorial_taskflow_api.py                                                             1           0  0.11s           2025-07-16T11:13:41
/home/vscode/.local/lib/python3.10/site-packages/airflow/example_dags/example_trigger_controller_dag.py                                                    1           0  0.10s           2025-07-16T11:13:37
/home/vscode/.local/lib/python3.10/site-packages/airflow/example_dags/example_branch_labels.py                                                             1           0  0.10s           2025-07-16T11:13:38
/home/vscode/.local/lib/python3.10/site-packages/airflow/example_dags/example_latest_only_with_trigger.py                                                  1           0  0.10s           2025-07-16T11:13:15
/home/vscode/.local/lib/python3.10/site-packages/airflow/example_dags/example_passing_params_via_test_command.py                                           1           0  0.10s           2025-07-16T11:13:50
/home/vscode/.local/lib/python3.10/site-packages/airflow/example_dags/example_short_circuit_decorator.py                                                   1           0  0.11s           2025-07-16T11:13:51
/home/vscode/.local/lib/python3.10/site-packages/airflow/example_dags/example_time_delta_sensor_async.py                                                   1           0  0.10s           2025-07-16T11:13:42
/home/vscode/.local/lib/python3.10/site-packages/airflow/example_dags/example_dag_decorator.py                                                             1           0  0.21s           2025-07-16T11:13:39
/home/vscode/.local/lib/python3.10/site-packages/airflow/example_dags/example_task_group.py                                                                1           0  0.10s           2025-07-16T11:13:43
/home/vscode/.local/lib/python3.10/site-packages/airflow/example_dags/example_branch_operator_decorator.py                                                 1           0  0.10s           2025-07-16T11:13:56
/home/vscode/.local/lib/python3.10/site-packages/airflow/example_dags/example_external_task_marker_dag.py                                                  2           0  0.10s           2025-07-16T11:13:54
/home/vscode/.local/lib/python3.10/site-packages/airflow/example_dags/example_xcomargs.py                                                                  2           0  0.10s           2025-07-16T11:13:27
/home/vscode/.local/lib/python3.10/site-packages/airflow/example_dags/example_subdag_operator.py                                                           3           0  0.10s           2025-07-16T11:13:30
/home/vscode/.local/lib/python3.10/site-packages/airflow/example_dags/example_branch_datetime_operator.py                                                  3           0  0.10s           2025-07-16T11:13:21
/home/vscode/.local/lib/python3.10/site-packages/airflow/example_dags/example_datasets.py                                                                  6           0  0.10s           2025-07-16T11:13:10
================================================================================
[2025-07-16T11:14:00.117+0000] {manager.py:758} INFO - Searching for files in /workspaces/hands-on-introduction-data-engineering-4395021/airflow/dags
[2025-07-16T11:14:00.127+0000] {manager.py:761} INFO - There are 47 files in /workspaces/hands-on-introduction-data-engineering-4395021/airflow/dags
[2025-07-16T11:14:02.848+0000] {manager.py:758} INFO - Searching for files in /workspaces/hands-on-introduction-data-engineering-4395021/airflow/dags
[2025-07-16T11:14:02.857+0000] {manager.py:761} INFO - There are 47 files in /workspaces/hands-on-introduction-data-engineering-4395021/airflow/dags
[2025-07-16T11:14:05.144+0000] {manager.py:758} INFO - Searching for files in /workspaces/hands-on-introduction-data-engineering-4395021/airflow/dags
[2025-07-16T11:14:05.153+0000] {manager.py:761} INFO - There are 47 files in /workspaces/hands-on-introduction-data-engineering-4395021/airflow/dags
[2025-07-16T11:14:07.988+0000] {manager.py:758} INFO - Searching for files in /workspaces/hands-on-introduction-data-engineering-4395021/airflow/dags
[2025-07-16T11:14:07.998+0000] {manager.py:761} INFO - There are 47 files in /workspaces/hands-on-introduction-data-engineering-4395021/airflow/dags
[2025-07-16T11:14:10.273+0000] {manager.py:758} INFO - Searching for files in /workspaces/hands-on-introduction-data-engineering-4395021/airflow/dags
[2025-07-16T11:14:10.283+0000] {manager.py:761} INFO - There are 47 files in /workspaces/hands-on-introduction-data-engineering-4395021/airflow/dags
[2025-07-16T11:14:13.131+0000] {manager.py:758} INFO - Searching for files in /workspaces/hands-on-introduction-data-engineering-4395021/airflow/dags
[2025-07-16T11:14:13.141+0000] {manager.py:761} INFO - There are 47 files in /workspaces/hands-on-introduction-data-engineering-4395021/airflow/dags
[2025-07-16T11:14:15.422+0000] {manager.py:758} INFO - Searching for files in /workspaces/hands-on-introduction-data-engineering-4395021/airflow/dags
[2025-07-16T11:14:15.431+0000] {manager.py:761} INFO - There are 47 files in /workspaces/hands-on-introduction-data-engineering-4395021/airflow/dags
[2025-07-16T11:14:18.272+0000] {manager.py:758} INFO - Searching for files in /workspaces/hands-on-introduction-data-engineering-4395021/airflow/dags
[2025-07-16T11:14:18.281+0000] {manager.py:761} INFO - There are 47 files in /workspaces/hands-on-introduction-data-engineering-4395021/airflow/dags
[2025-07-16T11:14:20.428+0000] {manager.py:758} INFO - Searching for files in /workspaces/hands-on-introduction-data-engineering-4395021/airflow/dags
[2025-07-16T11:14:20.438+0000] {manager.py:761} INFO - There are 47 files in /workspaces/hands-on-introduction-data-engineering-4395021/airflow/dags
[2025-07-16T11:14:23.415+0000] {manager.py:758} INFO - Searching for files in /workspaces/hands-on-introduction-data-engineering-4395021/airflow/dags
[2025-07-16T11:14:23.428+0000] {manager.py:761} INFO - There are 47 files in /workspaces/hands-on-introduction-data-engineering-4395021/airflow/dags
[2025-07-16T11:14:25.979+0000] {manager.py:758} INFO - Searching for files in /workspaces/hands-on-introduction-data-engineering-4395021/airflow/dags
[2025-07-16T11:14:25.988+0000] {manager.py:761} INFO - There are 47 files in /workspaces/hands-on-introduction-data-engineering-4395021/airflow/dags
[2025-07-16T11:14:28.285+0000] {manager.py:758} INFO - Searching for files in /workspaces/hands-on-introduction-data-engineering-4395021/airflow/dags
[2025-07-16T11:14:28.295+0000] {manager.py:761} INFO - There are 47 files in /workspaces/hands-on-introduction-data-engineering-4395021/airflow/dags
[2025-07-16T11:14:28.412+0000] {manager.py:889} INFO - 
================================================================================
DAG File Processing Stats

File Path                                                                                                                         PID    Runtime      # DAGs    # Errors  Last Runtime    Last Run
--------------------------------------------------------------------------------------------------------------------------------  -----  ---------  --------  ----------  --------------  -------------------
/workspaces/hands-on-introduction-data-engineering-4395021/airflow/dags/challenge_dag.py                                                                   0           1  0.11s           2025-07-16T11:14:27
/home/vscode/.local/lib/python3.10/site-packages/airflow/example_dags/example_local_kubernetes_executor.py                                                 0           0  0.10s           2025-07-16T11:13:53
/home/vscode/.local/lib/python3.10/site-packages/airflow/example_dags/example_setup_teardown.py                                                            0           0  0.11s           2025-07-16T11:13:47
/home/vscode/.local/lib/python3.10/site-packages/airflow/example_dags/example_kubernetes_executor.py                                                       0           0  0.10s           2025-07-16T11:14:01
/home/vscode/.local/lib/python3.10/site-packages/airflow/example_dags/example_setup_teardown_taskflow.py                                                   0           0  0.10s           2025-07-16T11:13:51
/home/vscode/.local/lib/python3.10/site-packages/airflow/example_dags/plugins/event_listener.py                                                            0           0  0.10s           2025-07-16T11:14:17
/home/vscode/.local/lib/python3.10/site-packages/airflow/example_dags/plugins/listener_plugin.py                                                           0           0  0.10s           2025-07-16T11:13:57
/home/vscode/.local/lib/python3.10/site-packages/airflow/example_dags/plugins/workday.py                                                                   0           0  0.11s           2025-07-16T11:13:58
/home/vscode/.local/lib/python3.10/site-packages/airflow/example_dags/subdags/subdag.py                                                                    0           0  0.10s           2025-07-16T11:14:12
/home/vscode/.local/lib/python3.10/site-packages/airflow/example_dags/example_bash_operator.py                                                             1           0  0.10s           2025-07-16T11:14:06
/home/vscode/.local/lib/python3.10/site-packages/airflow/example_dags/example_task_group_decorator.py                                                      1           0  0.10s           2025-07-16T11:14:18
/home/vscode/.local/lib/python3.10/site-packages/airflow/example_dags/example_sensor_decorator.py                                                          1           0  0.10s           2025-07-16T11:13:44
/home/vscode/.local/lib/python3.10/site-packages/airflow/example_dags/example_sensors.py                                                                   1           0  0.10s           2025-07-16T11:13:45
/home/vscode/.local/lib/python3.10/site-packages/airflow/example_dags/example_branch_operator.py                                                           1           0  0.10s           2025-07-16T11:14:06
/home/vscode/.local/lib/python3.10/site-packages/airflow/example_dags/example_dynamic_task_mapping.py                                                      1           0  0.11s           2025-07-16T11:13:52
/home/vscode/.local/lib/python3.10/site-packages/airflow/example_dags/example_params_ui_tutorial.py                                                        1           0  0.10s           2025-07-16T11:13:46
/home/vscode/.local/lib/python3.10/site-packages/airflow/example_dags/tutorial_dag.py                                                                      1           0  0.10s           2025-07-16T11:14:13
/home/vscode/.local/lib/python3.10/site-packages/airflow/example_dags/example_short_circuit_operator.py                                                    1           0  0.10s           2025-07-16T11:14:20
/home/vscode/.local/lib/python3.10/site-packages/airflow/example_dags/example_complex.py                                                                   1           0  0.11s           2025-07-16T11:14:08
/home/vscode/.local/lib/python3.10/site-packages/airflow/example_dags/example_sla_dag.py                                                                   1           0  0.10s           2025-07-16T11:14:21
/home/vscode/.local/lib/python3.10/site-packages/airflow/example_dags/tutorial_taskflow_api_virtualenv.py                                                  1           0  0.10s           2025-07-16T11:13:59
/home/vscode/.local/lib/python3.10/site-packages/airflow/example_dags/example_xcom.py                                                                      1           0  0.10s           2025-07-16T11:14:22
/home/vscode/.local/lib/python3.10/site-packages/airflow/example_dags/example_params_trigger_ui.py                                                         1           0  0.21s           2025-07-16T11:13:48
/home/vscode/.local/lib/python3.10/site-packages/airflow/example_dags/example_trigger_target_dag.py                                                        1           0  0.10s           2025-07-16T11:14:23
/home/vscode/.local/lib/python3.10/site-packages/airflow/example_dags/example_branch_python_dop_operator_3.py                                              1           0  0.10s           2025-07-16T11:14:09
/home/vscode/.local/lib/python3.10/site-packages/airflow/example_dags/example_latest_only.py                                                               1           0  0.10s           2025-07-16T11:14:01
/home/vscode/.local/lib/python3.10/site-packages/airflow/example_dags/example_skip_dag.py                                                                  1           0  0.10s           2025-07-16T11:14:24
/home/vscode/.local/lib/python3.10/site-packages/airflow/example_dags/example_python_operator.py                                                           1           0  0.10s           2025-07-16T11:13:49
/home/vscode/.local/lib/python3.10/site-packages/airflow/example_dags/example_branch_day_of_week_operator.py                                               1           0  0.10s           2025-07-16T11:14:10
/home/vscode/.local/lib/python3.10/site-packages/airflow/example_dags/example_nested_branch_dag.py                                                         1           0  0.11s           2025-07-16T11:14:02
/home/vscode/.local/lib/python3.10/site-packages/airflow/example_dags/example_dynamic_task_mapping_with_no_taskflow_operators.py                           1           0  0.10s           2025-07-16T11:14:04
/home/vscode/.local/lib/python3.10/site-packages/airflow/example_dags/tutorial.py                                                                          1           0  0.10s           2025-07-16T11:14:15
/home/vscode/.local/lib/python3.10/site-packages/airflow/example_dags/tutorial_taskflow_api.py                                                             1           0  0.10s           2025-07-16T11:14:16
/home/vscode/.local/lib/python3.10/site-packages/airflow/example_dags/example_trigger_controller_dag.py                                                    1           0  0.10s           2025-07-16T11:14:24
/home/vscode/.local/lib/python3.10/site-packages/airflow/example_dags/example_branch_labels.py                                                             1           0  0.10s           2025-07-16T11:14:26
/home/vscode/.local/lib/python3.10/site-packages/airflow/example_dags/example_latest_only_with_trigger.py                                                  1           0  0.10s           2025-07-16T11:14:05
/home/vscode/.local/lib/python3.10/site-packages/airflow/example_dags/example_passing_params_via_test_command.py                                           1           0  0.10s           2025-07-16T11:13:50
/home/vscode/.local/lib/python3.10/site-packages/airflow/example_dags/example_short_circuit_decorator.py                                                   1           0  0.11s           2025-07-16T11:13:51
/home/vscode/.local/lib/python3.10/site-packages/airflow/example_dags/example_time_delta_sensor_async.py                                                   1           0  0.10s           2025-07-16T11:14:28
/home/vscode/.local/lib/python3.10/site-packages/airflow/example_dags/example_dag_decorator.py                                                             1           0  0.20s           2025-07-16T11:14:27
/home/vscode/.local/lib/python3.10/site-packages/airflow/example_dags/example_task_group.py                                                                1           0  0.10s           2025-07-16T11:13:43
/home/vscode/.local/lib/python3.10/site-packages/airflow/example_dags/example_branch_operator_decorator.py                                                 1           0  0.10s           2025-07-16T11:13:56
/home/vscode/.local/lib/python3.10/site-packages/airflow/example_dags/example_external_task_marker_dag.py                                                  2           0  0.10s           2025-07-16T11:13:54
/home/vscode/.local/lib/python3.10/site-packages/airflow/example_dags/example_xcomargs.py                                                                  2           0  0.10s           2025-07-16T11:14:14
/home/vscode/.local/lib/python3.10/site-packages/airflow/example_dags/example_subdag_operator.py                                                           3           0  0.10s           2025-07-16T11:14:19
/home/vscode/.local/lib/python3.10/site-packages/airflow/example_dags/example_branch_datetime_operator.py                                                  3           0  0.10s           2025-07-16T11:14:11
/home/vscode/.local/lib/python3.10/site-packages/airflow/example_dags/example_datasets.py                                                                  6           0  0.10s           2025-07-16T11:14:00
================================================================================
[2025-07-16T11:14:30.579+0000] {manager.py:758} INFO - Searching for files in /workspaces/hands-on-introduction-data-engineering-4395021/airflow/dags
[2025-07-16T11:14:30.588+0000] {manager.py:761} INFO - There are 47 files in /workspaces/hands-on-introduction-data-engineering-4395021/airflow/dags
[2025-07-16T11:14:33.702+0000] {manager.py:758} INFO - Searching for files in /workspaces/hands-on-introduction-data-engineering-4395021/airflow/dags
[2025-07-16T11:14:33.712+0000] {manager.py:761} INFO - There are 47 files in /workspaces/hands-on-introduction-data-engineering-4395021/airflow/dags
[2025-07-16T11:14:35.990+0000] {manager.py:758} INFO - Searching for files in /workspaces/hands-on-introduction-data-engineering-4395021/airflow/dags
[2025-07-16T11:14:36.000+0000] {manager.py:761} INFO - There are 47 files in /workspaces/hands-on-introduction-data-engineering-4395021/airflow/dags
[2025-07-16T11:14:38.842+0000] {manager.py:758} INFO - Searching for files in /workspaces/hands-on-introduction-data-engineering-4395021/airflow/dags
[2025-07-16T11:14:38.853+0000] {manager.py:761} INFO - There are 47 files in /workspaces/hands-on-introduction-data-engineering-4395021/airflow/dags
[2025-07-16T11:14:41.871+0000] {manager.py:758} INFO - Searching for files in /workspaces/hands-on-introduction-data-engineering-4395021/airflow/dags
[2025-07-16T11:14:41.881+0000] {manager.py:761} INFO - There are 47 files in /workspaces/hands-on-introduction-data-engineering-4395021/airflow/dags
[2025-07-16T11:14:44.579+0000] {manager.py:758} INFO - Searching for files in /workspaces/hands-on-introduction-data-engineering-4395021/airflow/dags
[2025-07-16T11:14:44.588+0000] {manager.py:761} INFO - There are 47 files in /workspaces/hands-on-introduction-data-engineering-4395021/airflow/dags
[2025-07-16T11:14:46.869+0000] {manager.py:758} INFO - Searching for files in /workspaces/hands-on-introduction-data-engineering-4395021/airflow/dags
[2025-07-16T11:14:46.879+0000] {manager.py:761} INFO - There are 47 files in /workspaces/hands-on-introduction-data-engineering-4395021/airflow/dags
[2025-07-16T11:14:49.127+0000] {manager.py:758} INFO - Searching for files in /workspaces/hands-on-introduction-data-engineering-4395021/airflow/dags
[2025-07-16T11:14:49.137+0000] {manager.py:761} INFO - There are 47 files in /workspaces/hands-on-introduction-data-engineering-4395021/airflow/dags
[2025-07-16T11:14:52.010+0000] {manager.py:758} INFO - Searching for files in /workspaces/hands-on-introduction-data-engineering-4395021/airflow/dags
[2025-07-16T11:14:52.020+0000] {manager.py:761} INFO - There are 47 files in /workspaces/hands-on-introduction-data-engineering-4395021/airflow/dags
[2025-07-16T11:14:54.268+0000] {manager.py:758} INFO - Searching for files in /workspaces/hands-on-introduction-data-engineering-4395021/airflow/dags
[2025-07-16T11:14:54.279+0000] {manager.py:761} INFO - There are 47 files in /workspaces/hands-on-introduction-data-engineering-4395021/airflow/dags
[2025-07-16T11:14:56.558+0000] {manager.py:758} INFO - Searching for files in /workspaces/hands-on-introduction-data-engineering-4395021/airflow/dags
[2025-07-16T11:14:56.567+0000] {manager.py:761} INFO - There are 47 files in /workspaces/hands-on-introduction-data-engineering-4395021/airflow/dags
[2025-07-16T11:14:58.578+0000] {manager.py:758} INFO - Searching for files in /workspaces/hands-on-introduction-data-engineering-4395021/airflow/dags
[2025-07-16T11:14:58.588+0000] {manager.py:761} INFO - There are 47 files in /workspaces/hands-on-introduction-data-engineering-4395021/airflow/dags
[2025-07-16T11:14:58.704+0000] {manager.py:889} INFO - 
================================================================================
DAG File Processing Stats

File Path                                                                                                                         PID    Runtime      # DAGs    # Errors  Last Runtime    Last Run
--------------------------------------------------------------------------------------------------------------------------------  -----  ---------  --------  ----------  --------------  -------------------
/workspaces/hands-on-introduction-data-engineering-4395021/airflow/dags/challenge_dag.py                                                                   0           1  0.11s           2025-07-16T11:14:27
/home/vscode/.local/lib/python3.10/site-packages/airflow/example_dags/example_local_kubernetes_executor.py                                                 0           0  0.10s           2025-07-16T11:14:40
/home/vscode/.local/lib/python3.10/site-packages/airflow/example_dags/example_setup_teardown.py                                                            0           0  0.10s           2025-07-16T11:14:33
/home/vscode/.local/lib/python3.10/site-packages/airflow/example_dags/example_kubernetes_executor.py                                                       0           0  0.10s           2025-07-16T11:14:50
/home/vscode/.local/lib/python3.10/site-packages/airflow/example_dags/example_setup_teardown_taskflow.py                                                   0           0  0.10s           2025-07-16T11:14:38
/home/vscode/.local/lib/python3.10/site-packages/airflow/example_dags/plugins/event_listener.py                                                            0           0  0.10s           2025-07-16T11:14:17
/home/vscode/.local/lib/python3.10/site-packages/airflow/example_dags/plugins/listener_plugin.py                                                           0           0  0.10s           2025-07-16T11:14:43
/home/vscode/.local/lib/python3.10/site-packages/airflow/example_dags/plugins/workday.py                                                                   0           0  0.10s           2025-07-16T11:14:44
/home/vscode/.local/lib/python3.10/site-packages/airflow/example_dags/subdags/subdag.py                                                                    0           0  0.11s           2025-07-16T11:14:45
/home/vscode/.local/lib/python3.10/site-packages/airflow/example_dags/example_bash_operator.py                                                             1           0  0.10s           2025-07-16T11:14:55
/home/vscode/.local/lib/python3.10/site-packages/airflow/example_dags/example_task_group_decorator.py                                                      1           0  0.10s           2025-07-16T11:14:18
/home/vscode/.local/lib/python3.10/site-packages/airflow/example_dags/example_sensor_decorator.py                                                          1           0  0.10s           2025-07-16T11:14:30
/home/vscode/.local/lib/python3.10/site-packages/airflow/example_dags/example_sensors.py                                                                   1           0  0.10s           2025-07-16T11:14:31
/home/vscode/.local/lib/python3.10/site-packages/airflow/example_dags/example_branch_operator.py                                                           1           0  0.10s           2025-07-16T11:14:56
/home/vscode/.local/lib/python3.10/site-packages/airflow/example_dags/example_dynamic_task_mapping.py                                                      1           0  0.10s           2025-07-16T11:14:40
/home/vscode/.local/lib/python3.10/site-packages/airflow/example_dags/example_params_ui_tutorial.py                                                        1           0  0.10s           2025-07-16T11:14:32
/home/vscode/.local/lib/python3.10/site-packages/airflow/example_dags/tutorial_dag.py                                                                      1           0  0.10s           2025-07-16T11:14:46
/home/vscode/.local/lib/python3.10/site-packages/airflow/example_dags/example_short_circuit_operator.py                                                    1           0  0.10s           2025-07-16T11:14:20
/home/vscode/.local/lib/python3.10/site-packages/airflow/example_dags/example_complex.py                                                                   1           0  0.10s           2025-07-16T11:14:57
/home/vscode/.local/lib/python3.10/site-packages/airflow/example_dags/example_sla_dag.py                                                                   1           0  0.10s           2025-07-16T11:14:21
/home/vscode/.local/lib/python3.10/site-packages/airflow/example_dags/tutorial_taskflow_api_virtualenv.py                                                  1           0  0.10s           2025-07-16T11:14:48
/home/vscode/.local/lib/python3.10/site-packages/airflow/example_dags/example_xcom.py                                                                      1           0  0.10s           2025-07-16T11:14:22
/home/vscode/.local/lib/python3.10/site-packages/airflow/example_dags/example_params_trigger_ui.py                                                         1           0  0.10s           2025-07-16T11:14:34
/home/vscode/.local/lib/python3.10/site-packages/airflow/example_dags/example_trigger_target_dag.py                                                        1           0  0.10s           2025-07-16T11:14:23
/home/vscode/.local/lib/python3.10/site-packages/airflow/example_dags/example_branch_python_dop_operator_3.py                                              1           0  0.10s           2025-07-16T11:14:58
/home/vscode/.local/lib/python3.10/site-packages/airflow/example_dags/example_latest_only.py                                                               1           0  0.10s           2025-07-16T11:14:50
/home/vscode/.local/lib/python3.10/site-packages/airflow/example_dags/example_skip_dag.py                                                                  1           0  0.10s           2025-07-16T11:14:24
/home/vscode/.local/lib/python3.10/site-packages/airflow/example_dags/example_python_operator.py                                                           1           0  0.10s           2025-07-16T11:14:36
/home/vscode/.local/lib/python3.10/site-packages/airflow/example_dags/example_branch_day_of_week_operator.py                                               1           0  0.10s           2025-07-16T11:14:58
/home/vscode/.local/lib/python3.10/site-packages/airflow/example_dags/example_nested_branch_dag.py                                                         1           0  0.11s           2025-07-16T11:14:52
/home/vscode/.local/lib/python3.10/site-packages/airflow/example_dags/example_dynamic_task_mapping_with_no_taskflow_operators.py                           1           0  0.10s           2025-07-16T11:14:53
/home/vscode/.local/lib/python3.10/site-packages/airflow/example_dags/tutorial.py                                                                          1           0  0.10s           2025-07-16T11:14:15
/home/vscode/.local/lib/python3.10/site-packages/airflow/example_dags/tutorial_taskflow_api.py                                                             1           0  0.10s           2025-07-16T11:14:16
/home/vscode/.local/lib/python3.10/site-packages/airflow/example_dags/example_trigger_controller_dag.py                                                    1           0  0.10s           2025-07-16T11:14:24
/home/vscode/.local/lib/python3.10/site-packages/airflow/example_dags/example_branch_labels.py                                                             1           0  0.10s           2025-07-16T11:14:26
/home/vscode/.local/lib/python3.10/site-packages/airflow/example_dags/example_latest_only_with_trigger.py                                                  1           0  0.10s           2025-07-16T11:14:54
/home/vscode/.local/lib/python3.10/site-packages/airflow/example_dags/example_passing_params_via_test_command.py                                           1           0  0.10s           2025-07-16T11:14:37
/home/vscode/.local/lib/python3.10/site-packages/airflow/example_dags/example_short_circuit_decorator.py                                                   1           0  0.10s           2025-07-16T11:14:37
/home/vscode/.local/lib/python3.10/site-packages/airflow/example_dags/example_time_delta_sensor_async.py                                                   1           0  0.10s           2025-07-16T11:14:28
/home/vscode/.local/lib/python3.10/site-packages/airflow/example_dags/example_dag_decorator.py                                                             1           0  0.20s           2025-07-16T11:14:27
/home/vscode/.local/lib/python3.10/site-packages/airflow/example_dags/example_task_group.py                                                                1           0  0.10s           2025-07-16T11:14:29
/home/vscode/.local/lib/python3.10/site-packages/airflow/example_dags/example_branch_operator_decorator.py                                                 1           0  0.10s           2025-07-16T11:14:42
/home/vscode/.local/lib/python3.10/site-packages/airflow/example_dags/example_external_task_marker_dag.py                                                  2           0  0.10s           2025-07-16T11:14:41
/home/vscode/.local/lib/python3.10/site-packages/airflow/example_dags/example_xcomargs.py                                                                  2           0  0.10s           2025-07-16T11:14:14
/home/vscode/.local/lib/python3.10/site-packages/airflow/example_dags/example_subdag_operator.py                                                           3           0  0.10s           2025-07-16T11:14:19
/home/vscode/.local/lib/python3.10/site-packages/airflow/example_dags/example_branch_datetime_operator.py                                                  3           0  0.10s           2025-07-16T11:14:11
/home/vscode/.local/lib/python3.10/site-packages/airflow/example_dags/example_datasets.py                                                                  6           0  0.10s           2025-07-16T11:14:49
================================================================================
[2025-07-16T11:15:00.871+0000] {manager.py:758} INFO - Searching for files in /workspaces/hands-on-introduction-data-engineering-4395021/airflow/dags
[2025-07-16T11:15:00.881+0000] {manager.py:761} INFO - There are 47 files in /workspaces/hands-on-introduction-data-engineering-4395021/airflow/dags
[2025-07-16T11:15:03.163+0000] {manager.py:758} INFO - Searching for files in /workspaces/hands-on-introduction-data-engineering-4395021/airflow/dags
[2025-07-16T11:15:03.173+0000] {manager.py:761} INFO - There are 47 files in /workspaces/hands-on-introduction-data-engineering-4395021/airflow/dags
[2025-07-16T11:15:05.684+0000] {manager.py:758} INFO - Searching for files in /workspaces/hands-on-introduction-data-engineering-4395021/airflow/dags
[2025-07-16T11:15:05.694+0000] {manager.py:761} INFO - There are 47 files in /workspaces/hands-on-introduction-data-engineering-4395021/airflow/dags
[2025-07-16T11:15:07.974+0000] {manager.py:758} INFO - Searching for files in /workspaces/hands-on-introduction-data-engineering-4395021/airflow/dags
[2025-07-16T11:15:07.990+0000] {manager.py:761} INFO - There are 47 files in /workspaces/hands-on-introduction-data-engineering-4395021/airflow/dags
[2025-07-16T11:15:10.838+0000] {manager.py:758} INFO - Searching for files in /workspaces/hands-on-introduction-data-engineering-4395021/airflow/dags
[2025-07-16T11:15:10.849+0000] {manager.py:761} INFO - There are 47 files in /workspaces/hands-on-introduction-data-engineering-4395021/airflow/dags
[2025-07-16T11:15:13.302+0000] {manager.py:758} INFO - Searching for files in /workspaces/hands-on-introduction-data-engineering-4395021/airflow/dags
[2025-07-16T11:15:13.312+0000] {manager.py:761} INFO - There are 47 files in /workspaces/hands-on-introduction-data-engineering-4395021/airflow/dags
[2025-07-16T11:15:15.981+0000] {manager.py:758} INFO - Searching for files in /workspaces/hands-on-introduction-data-engineering-4395021/airflow/dags
[2025-07-16T11:15:15.990+0000] {manager.py:761} INFO - There are 47 files in /workspaces/hands-on-introduction-data-engineering-4395021/airflow/dags
[2025-07-16T11:15:18.368+0000] {manager.py:758} INFO - Searching for files in /workspaces/hands-on-introduction-data-engineering-4395021/airflow/dags
[2025-07-16T11:15:18.378+0000] {manager.py:761} INFO - There are 47 files in /workspaces/hands-on-introduction-data-engineering-4395021/airflow/dags
[2025-07-16T11:15:21.120+0000] {manager.py:758} INFO - Searching for files in /workspaces/hands-on-introduction-data-engineering-4395021/airflow/dags
[2025-07-16T11:15:21.130+0000] {manager.py:761} INFO - There are 47 files in /workspaces/hands-on-introduction-data-engineering-4395021/airflow/dags
[2025-07-16T11:15:23.411+0000] {manager.py:758} INFO - Searching for files in /workspaces/hands-on-introduction-data-engineering-4395021/airflow/dags
[2025-07-16T11:15:23.421+0000] {manager.py:761} INFO - There are 47 files in /workspaces/hands-on-introduction-data-engineering-4395021/airflow/dags
[2025-07-16T11:15:26.117+0000] {manager.py:758} INFO - Searching for files in /workspaces/hands-on-introduction-data-engineering-4395021/airflow/dags
[2025-07-16T11:15:26.126+0000] {manager.py:761} INFO - There are 47 files in /workspaces/hands-on-introduction-data-engineering-4395021/airflow/dags
[2025-07-16T11:15:28.406+0000] {manager.py:758} INFO - Searching for files in /workspaces/hands-on-introduction-data-engineering-4395021/airflow/dags
[2025-07-16T11:15:28.434+0000] {manager.py:761} INFO - There are 47 files in /workspaces/hands-on-introduction-data-engineering-4395021/airflow/dags
[2025-07-16T11:15:28.952+0000] {manager.py:889} INFO - 
================================================================================
DAG File Processing Stats

File Path                                                                                                                         PID    Runtime      # DAGs    # Errors  Last Runtime    Last Run
--------------------------------------------------------------------------------------------------------------------------------  -----  ---------  --------  ----------  --------------  -------------------
/workspaces/hands-on-introduction-data-engineering-4395021/airflow/dags/challenge_dag.py                                                                   0           1  0.10s           2025-07-16T11:15:00
/home/vscode/.local/lib/python3.10/site-packages/airflow/example_dags/example_local_kubernetes_executor.py                                                 0           0  0.10s           2025-07-16T11:14:40
/home/vscode/.local/lib/python3.10/site-packages/airflow/example_dags/example_setup_teardown.py                                                            0           0  0.10s           2025-07-16T11:15:25
/home/vscode/.local/lib/python3.10/site-packages/airflow/example_dags/example_kubernetes_executor.py                                                       0           0  0.10s           2025-07-16T11:14:50
/home/vscode/.local/lib/python3.10/site-packages/airflow/example_dags/example_setup_teardown_taskflow.py                                                   0           0  0.10s           2025-07-16T11:14:38
/home/vscode/.local/lib/python3.10/site-packages/airflow/example_dags/plugins/event_listener.py                                                            0           0  0.10s           2025-07-16T11:15:04
/home/vscode/.local/lib/python3.10/site-packages/airflow/example_dags/plugins/listener_plugin.py                                                           0           0  0.10s           2025-07-16T11:15:18
/home/vscode/.local/lib/python3.10/site-packages/airflow/example_dags/plugins/workday.py                                                                   0           0  0.10s           2025-07-16T11:15:18
/home/vscode/.local/lib/python3.10/site-packages/airflow/example_dags/subdags/subdag.py                                                                    0           0  0.10s           2025-07-16T11:15:20
/home/vscode/.local/lib/python3.10/site-packages/airflow/example_dags/example_bash_operator.py                                                             1           0  0.10s           2025-07-16T11:14:55
/home/vscode/.local/lib/python3.10/site-packages/airflow/example_dags/example_task_group_decorator.py                                                      1           0  0.10s           2025-07-16T11:15:05
/home/vscode/.local/lib/python3.10/site-packages/airflow/example_dags/example_sensor_decorator.py                                                          1           0  0.10s           2025-07-16T11:15:14
/home/vscode/.local/lib/python3.10/site-packages/airflow/example_dags/example_sensors.py                                                                   1           0  0.10s           2025-07-16T11:15:23
/home/vscode/.local/lib/python3.10/site-packages/airflow/example_dags/example_branch_operator.py                                                           1           0  0.10s           2025-07-16T11:14:56
/home/vscode/.local/lib/python3.10/site-packages/airflow/example_dags/example_dynamic_task_mapping.py                                                      1           0  0.10s           2025-07-16T11:14:40
/home/vscode/.local/lib/python3.10/site-packages/airflow/example_dags/example_params_ui_tutorial.py                                                        1           0  0.10s           2025-07-16T11:15:24
/home/vscode/.local/lib/python3.10/site-packages/airflow/example_dags/tutorial_dag.py                                                                      1           0  0.10s           2025-07-16T11:15:21
/home/vscode/.local/lib/python3.10/site-packages/airflow/example_dags/example_short_circuit_operator.py                                                    1           0  0.10s           2025-07-16T11:15:08
/home/vscode/.local/lib/python3.10/site-packages/airflow/example_dags/example_complex.py                                                                   1           0  0.10s           2025-07-16T11:14:57
/home/vscode/.local/lib/python3.10/site-packages/airflow/example_dags/example_sla_dag.py                                                                   1           0  0.10s           2025-07-16T11:15:08
/home/vscode/.local/lib/python3.10/site-packages/airflow/example_dags/tutorial_taskflow_api_virtualenv.py                                                  1           0  0.10s           2025-07-16T11:15:22
/home/vscode/.local/lib/python3.10/site-packages/airflow/example_dags/example_xcom.py                                                                      1           0  0.10s           2025-07-16T11:15:09
/home/vscode/.local/lib/python3.10/site-packages/airflow/example_dags/example_params_trigger_ui.py                                                         1           0  0.10s           2025-07-16T11:15:26
/home/vscode/.local/lib/python3.10/site-packages/airflow/example_dags/example_trigger_target_dag.py                                                        1           0  0.11s           2025-07-16T11:15:10
/home/vscode/.local/lib/python3.10/site-packages/airflow/example_dags/example_branch_python_dop_operator_3.py                                              1           0  0.10s           2025-07-16T11:14:58
/home/vscode/.local/lib/python3.10/site-packages/airflow/example_dags/example_latest_only.py                                                               1           0  0.10s           2025-07-16T11:14:50
/home/vscode/.local/lib/python3.10/site-packages/airflow/example_dags/example_skip_dag.py                                                                  1           0  0.10s           2025-07-16T11:15:11
/home/vscode/.local/lib/python3.10/site-packages/airflow/example_dags/example_python_operator.py                                                           1           0  0.10s           2025-07-16T11:15:27
/home/vscode/.local/lib/python3.10/site-packages/airflow/example_dags/example_branch_day_of_week_operator.py                                               1           0  0.10s           2025-07-16T11:14:58
/home/vscode/.local/lib/python3.10/site-packages/airflow/example_dags/example_nested_branch_dag.py                                                         1           0  0.11s           2025-07-16T11:14:52
/home/vscode/.local/lib/python3.10/site-packages/airflow/example_dags/example_dynamic_task_mapping_with_no_taskflow_operators.py                           1           0  0.10s           2025-07-16T11:14:53
/home/vscode/.local/lib/python3.10/site-packages/airflow/example_dags/tutorial.py                                                                          1           0  0.10s           2025-07-16T11:15:03
/home/vscode/.local/lib/python3.10/site-packages/airflow/example_dags/tutorial_taskflow_api.py                                                             1           0  0.10s           2025-07-16T11:15:03
/home/vscode/.local/lib/python3.10/site-packages/airflow/example_dags/example_trigger_controller_dag.py                                                    1           0  0.10s           2025-07-16T11:15:12
/home/vscode/.local/lib/python3.10/site-packages/airflow/example_dags/example_branch_labels.py                                                             1           0  0.10s           2025-07-16T11:15:16
/home/vscode/.local/lib/python3.10/site-packages/airflow/example_dags/example_latest_only_with_trigger.py                                                  1           0  0.10s           2025-07-16T11:14:54
/home/vscode/.local/lib/python3.10/site-packages/airflow/example_dags/example_passing_params_via_test_command.py                                           1           0  0.10s           2025-07-16T11:15:28
/home/vscode/.local/lib/python3.10/site-packages/airflow/example_dags/example_short_circuit_decorator.py                                                   1           0  0.10s           2025-07-16T11:15:28
/home/vscode/.local/lib/python3.10/site-packages/airflow/example_dags/example_time_delta_sensor_async.py                                                   1           0  0.10s           2025-07-16T11:15:13
/home/vscode/.local/lib/python3.10/site-packages/airflow/example_dags/example_dag_decorator.py                                                             1           0  0.20s           2025-07-16T11:15:17
/home/vscode/.local/lib/python3.10/site-packages/airflow/example_dags/example_task_group.py                                                                1           0  0.10s           2025-07-16T11:15:13
/home/vscode/.local/lib/python3.10/site-packages/airflow/example_dags/example_branch_operator_decorator.py                                                 1           0  0.10s           2025-07-16T11:14:42
/home/vscode/.local/lib/python3.10/site-packages/airflow/example_dags/example_external_task_marker_dag.py                                                  2           0  0.10s           2025-07-16T11:14:41
/home/vscode/.local/lib/python3.10/site-packages/airflow/example_dags/example_xcomargs.py                                                                  2           0  0.10s           2025-07-16T11:15:02
/home/vscode/.local/lib/python3.10/site-packages/airflow/example_dags/example_subdag_operator.py                                                           3           0  0.10s           2025-07-16T11:15:06
/home/vscode/.local/lib/python3.10/site-packages/airflow/example_dags/example_branch_datetime_operator.py                                                  3           0  0.10s           2025-07-16T11:14:59
/home/vscode/.local/lib/python3.10/site-packages/airflow/example_dags/example_datasets.py                                                                  6           0  0.10s           2025-07-16T11:14:49
================================================================================
[2025-07-16T11:15:31.275+0000] {manager.py:758} INFO - Searching for files in /workspaces/hands-on-introduction-data-engineering-4395021/airflow/dags
[2025-07-16T11:15:31.284+0000] {manager.py:761} INFO - There are 47 files in /workspaces/hands-on-introduction-data-engineering-4395021/airflow/dags
[2025-07-16T11:15:33.565+0000] {manager.py:758} INFO - Searching for files in /workspaces/hands-on-introduction-data-engineering-4395021/airflow/dags
[2025-07-16T11:15:33.575+0000] {manager.py:761} INFO - There are 47 files in /workspaces/hands-on-introduction-data-engineering-4395021/airflow/dags
[2025-07-16T11:15:36.580+0000] {manager.py:758} INFO - Searching for files in /workspaces/hands-on-introduction-data-engineering-4395021/airflow/dags
[2025-07-16T11:15:36.594+0000] {manager.py:761} INFO - There are 47 files in /workspaces/hands-on-introduction-data-engineering-4395021/airflow/dags
[2025-07-16T11:15:38.874+0000] {manager.py:758} INFO - Searching for files in /workspaces/hands-on-introduction-data-engineering-4395021/airflow/dags
[2025-07-16T11:15:38.883+0000] {manager.py:761} INFO - There are 47 files in /workspaces/hands-on-introduction-data-engineering-4395021/airflow/dags
[2025-07-16T11:15:41.430+0000] {manager.py:758} INFO - Searching for files in /workspaces/hands-on-introduction-data-engineering-4395021/airflow/dags
[2025-07-16T11:15:41.439+0000] {manager.py:761} INFO - There are 47 files in /workspaces/hands-on-introduction-data-engineering-4395021/airflow/dags
[2025-07-16T11:15:43.721+0000] {manager.py:758} INFO - Searching for files in /workspaces/hands-on-introduction-data-engineering-4395021/airflow/dags
[2025-07-16T11:15:43.730+0000] {manager.py:761} INFO - There are 47 files in /workspaces/hands-on-introduction-data-engineering-4395021/airflow/dags
[2025-07-16T11:15:45.731+0000] {manager.py:758} INFO - Searching for files in /workspaces/hands-on-introduction-data-engineering-4395021/airflow/dags
[2025-07-16T11:15:45.740+0000] {manager.py:761} INFO - There are 47 files in /workspaces/hands-on-introduction-data-engineering-4395021/airflow/dags
[2025-07-16T11:15:48.022+0000] {manager.py:758} INFO - Searching for files in /workspaces/hands-on-introduction-data-engineering-4395021/airflow/dags
[2025-07-16T11:15:48.031+0000] {manager.py:761} INFO - There are 47 files in /workspaces/hands-on-introduction-data-engineering-4395021/airflow/dags
[2025-07-16T11:15:50.872+0000] {manager.py:758} INFO - Searching for files in /workspaces/hands-on-introduction-data-engineering-4395021/airflow/dags
[2025-07-16T11:15:50.882+0000] {manager.py:761} INFO - There are 47 files in /workspaces/hands-on-introduction-data-engineering-4395021/airflow/dags
[2025-07-16T11:15:53.863+0000] {manager.py:758} INFO - Searching for files in /workspaces/hands-on-introduction-data-engineering-4395021/airflow/dags
[2025-07-16T11:15:53.873+0000] {manager.py:761} INFO - There are 47 files in /workspaces/hands-on-introduction-data-engineering-4395021/airflow/dags
[2025-07-16T11:15:56.030+0000] {manager.py:758} INFO - Searching for files in /workspaces/hands-on-introduction-data-engineering-4395021/airflow/dags
[2025-07-16T11:15:56.040+0000] {manager.py:761} INFO - There are 47 files in /workspaces/hands-on-introduction-data-engineering-4395021/airflow/dags
[2025-07-16T11:15:58.323+0000] {manager.py:758} INFO - Searching for files in /workspaces/hands-on-introduction-data-engineering-4395021/airflow/dags
[2025-07-16T11:15:58.332+0000] {manager.py:761} INFO - There are 47 files in /workspaces/hands-on-introduction-data-engineering-4395021/airflow/dags
[2025-07-16T11:15:59.226+0000] {manager.py:889} INFO - 
================================================================================
DAG File Processing Stats

File Path                                                                                                                         PID    Runtime      # DAGs    # Errors  Last Runtime    Last Run
--------------------------------------------------------------------------------------------------------------------------------  -----  ---------  --------  ----------  --------------  -------------------
/workspaces/hands-on-introduction-data-engineering-4395021/airflow/dags/challenge_dag.py                                                                   0           1  0.11s           2025-07-16T11:15:34
/home/vscode/.local/lib/python3.10/site-packages/airflow/example_dags/example_local_kubernetes_executor.py                                                 0           0  0.10s           2025-07-16T11:15:31
/home/vscode/.local/lib/python3.10/site-packages/airflow/example_dags/example_setup_teardown.py                                                            0           0  0.10s           2025-07-16T11:15:25
/home/vscode/.local/lib/python3.10/site-packages/airflow/example_dags/example_kubernetes_executor.py                                                       0           0  0.10s           2025-07-16T11:15:40
/home/vscode/.local/lib/python3.10/site-packages/airflow/example_dags/example_setup_teardown_taskflow.py                                                   0           0  0.11s           2025-07-16T11:15:29
/home/vscode/.local/lib/python3.10/site-packages/airflow/example_dags/plugins/event_listener.py                                                            0           0  0.10s           2025-07-16T11:15:51
/home/vscode/.local/lib/python3.10/site-packages/airflow/example_dags/plugins/listener_plugin.py                                                           0           0  0.10s           2025-07-16T11:15:49
/home/vscode/.local/lib/python3.10/site-packages/airflow/example_dags/plugins/workday.py                                                                   0           0  0.10s           2025-07-16T11:15:50
/home/vscode/.local/lib/python3.10/site-packages/airflow/example_dags/subdags/subdag.py                                                                    0           0  0.10s           2025-07-16T11:15:20
/home/vscode/.local/lib/python3.10/site-packages/airflow/example_dags/example_bash_operator.py                                                             1           0  0.10s           2025-07-16T11:15:44
/home/vscode/.local/lib/python3.10/site-packages/airflow/example_dags/example_task_group_decorator.py                                                      1           0  0.10s           2025-07-16T11:15:52
/home/vscode/.local/lib/python3.10/site-packages/airflow/example_dags/example_sensor_decorator.py                                                          1           0  0.10s           2025-07-16T11:15:14
/home/vscode/.local/lib/python3.10/site-packages/airflow/example_dags/example_sensors.py                                                                   1           0  0.10s           2025-07-16T11:15:23
/home/vscode/.local/lib/python3.10/site-packages/airflow/example_dags/example_branch_operator.py                                                           1           0  0.10s           2025-07-16T11:15:44
/home/vscode/.local/lib/python3.10/site-packages/airflow/example_dags/example_dynamic_task_mapping.py                                                      1           0  0.10s           2025-07-16T11:15:30
/home/vscode/.local/lib/python3.10/site-packages/airflow/example_dags/example_params_ui_tutorial.py                                                        1           0  0.10s           2025-07-16T11:15:24
/home/vscode/.local/lib/python3.10/site-packages/airflow/example_dags/tutorial_dag.py                                                                      1           0  0.10s           2025-07-16T11:15:21
/home/vscode/.local/lib/python3.10/site-packages/airflow/example_dags/example_short_circuit_operator.py                                                    1           0  0.11s           2025-07-16T11:15:54
/home/vscode/.local/lib/python3.10/site-packages/airflow/example_dags/example_complex.py                                                                   1           0  0.10s           2025-07-16T11:15:45
/home/vscode/.local/lib/python3.10/site-packages/airflow/example_dags/example_sla_dag.py                                                                   1           0  0.11s           2025-07-16T11:15:56
/home/vscode/.local/lib/python3.10/site-packages/airflow/example_dags/tutorial_taskflow_api_virtualenv.py                                                  1           0  0.10s           2025-07-16T11:15:22
/home/vscode/.local/lib/python3.10/site-packages/airflow/example_dags/example_xcom.py                                                                      1           0  0.10s           2025-07-16T11:15:57
/home/vscode/.local/lib/python3.10/site-packages/airflow/example_dags/example_params_trigger_ui.py                                                         1           0  0.10s           2025-07-16T11:15:26
/home/vscode/.local/lib/python3.10/site-packages/airflow/example_dags/example_trigger_target_dag.py                                                        1           0  0.10s           2025-07-16T11:15:58
/home/vscode/.local/lib/python3.10/site-packages/airflow/example_dags/example_branch_python_dop_operator_3.py                                              1           0  0.10s           2025-07-16T11:15:46
/home/vscode/.local/lib/python3.10/site-packages/airflow/example_dags/example_latest_only.py                                                               1           0  0.10s           2025-07-16T11:15:39
/home/vscode/.local/lib/python3.10/site-packages/airflow/example_dags/example_skip_dag.py                                                                  1           0  0.10s           2025-07-16T11:15:59
/home/vscode/.local/lib/python3.10/site-packages/airflow/example_dags/example_python_operator.py                                                           1           0  0.10s           2025-07-16T11:15:27
/home/vscode/.local/lib/python3.10/site-packages/airflow/example_dags/example_branch_day_of_week_operator.py                                               1           0  0.10s           2025-07-16T11:15:48
/home/vscode/.local/lib/python3.10/site-packages/airflow/example_dags/example_nested_branch_dag.py                                                         1           0  0.10s           2025-07-16T11:15:41
/home/vscode/.local/lib/python3.10/site-packages/airflow/example_dags/example_dynamic_task_mapping_with_no_taskflow_operators.py                           1           0  0.10s           2025-07-16T11:15:42
/home/vscode/.local/lib/python3.10/site-packages/airflow/example_dags/tutorial.py                                                                          1           0  0.10s           2025-07-16T11:15:36
/home/vscode/.local/lib/python3.10/site-packages/airflow/example_dags/tutorial_taskflow_api.py                                                             1           0  0.10s           2025-07-16T11:15:37
/home/vscode/.local/lib/python3.10/site-packages/airflow/example_dags/example_trigger_controller_dag.py                                                    1           0  0.10s           2025-07-16T11:15:12
/home/vscode/.local/lib/python3.10/site-packages/airflow/example_dags/example_branch_labels.py                                                             1           0  0.10s           2025-07-16T11:15:16
/home/vscode/.local/lib/python3.10/site-packages/airflow/example_dags/example_latest_only_with_trigger.py                                                  1           0  0.10s           2025-07-16T11:15:43
/home/vscode/.local/lib/python3.10/site-packages/airflow/example_dags/example_passing_params_via_test_command.py                                           1           0  0.10s           2025-07-16T11:15:28
/home/vscode/.local/lib/python3.10/site-packages/airflow/example_dags/example_short_circuit_decorator.py                                                   1           0  0.10s           2025-07-16T11:15:28
/home/vscode/.local/lib/python3.10/site-packages/airflow/example_dags/example_time_delta_sensor_async.py                                                   1           0  0.10s           2025-07-16T11:15:13
/home/vscode/.local/lib/python3.10/site-packages/airflow/example_dags/example_dag_decorator.py                                                             1           0  0.20s           2025-07-16T11:15:17
/home/vscode/.local/lib/python3.10/site-packages/airflow/example_dags/example_task_group.py                                                                1           0  0.10s           2025-07-16T11:15:13
/home/vscode/.local/lib/python3.10/site-packages/airflow/example_dags/example_branch_operator_decorator.py                                                 1           0  0.10s           2025-07-16T11:15:33
/home/vscode/.local/lib/python3.10/site-packages/airflow/example_dags/example_external_task_marker_dag.py                                                  2           0  0.10s           2025-07-16T11:15:32
/home/vscode/.local/lib/python3.10/site-packages/airflow/example_dags/example_xcomargs.py                                                                  2           0  0.10s           2025-07-16T11:15:35
/home/vscode/.local/lib/python3.10/site-packages/airflow/example_dags/example_subdag_operator.py                                                           3           0  0.10s           2025-07-16T11:15:53
/home/vscode/.local/lib/python3.10/site-packages/airflow/example_dags/example_branch_datetime_operator.py                                                  3           0  0.10s           2025-07-16T11:15:49
/home/vscode/.local/lib/python3.10/site-packages/airflow/example_dags/example_datasets.py                                                                  6           0  0.11s           2025-07-16T11:15:38
================================================================================
[2025-07-16T11:16:01.175+0000] {manager.py:758} INFO - Searching for files in /workspaces/hands-on-introduction-data-engineering-4395021/airflow/dags
[2025-07-16T11:16:01.184+0000] {manager.py:761} INFO - There are 47 files in /workspaces/hands-on-introduction-data-engineering-4395021/airflow/dags
[2025-07-16T11:16:03.997+0000] {manager.py:758} INFO - Searching for files in /workspaces/hands-on-introduction-data-engineering-4395021/airflow/dags
[2025-07-16T11:16:04.007+0000] {manager.py:761} INFO - There are 47 files in /workspaces/hands-on-introduction-data-engineering-4395021/airflow/dags
[2025-07-16T11:16:06.391+0000] {manager.py:758} INFO - Searching for files in /workspaces/hands-on-introduction-data-engineering-4395021/airflow/dags
[2025-07-16T11:16:06.401+0000] {manager.py:761} INFO - There are 47 files in /workspaces/hands-on-introduction-data-engineering-4395021/airflow/dags
[2025-07-16T11:16:08.686+0000] {manager.py:758} INFO - Searching for files in /workspaces/hands-on-introduction-data-engineering-4395021/airflow/dags
[2025-07-16T11:16:08.696+0000] {manager.py:761} INFO - There are 47 files in /workspaces/hands-on-introduction-data-engineering-4395021/airflow/dags
[2025-07-16T11:16:11.532+0000] {manager.py:758} INFO - Searching for files in /workspaces/hands-on-introduction-data-engineering-4395021/airflow/dags
[2025-07-16T11:16:11.543+0000] {manager.py:761} INFO - There are 47 files in /workspaces/hands-on-introduction-data-engineering-4395021/airflow/dags
[2025-07-16T11:16:14.140+0000] {manager.py:758} INFO - Searching for files in /workspaces/hands-on-introduction-data-engineering-4395021/airflow/dags
[2025-07-16T11:16:14.150+0000] {manager.py:761} INFO - There are 47 files in /workspaces/hands-on-introduction-data-engineering-4395021/airflow/dags
[2025-07-16T11:16:16.672+0000] {manager.py:758} INFO - Searching for files in /workspaces/hands-on-introduction-data-engineering-4395021/airflow/dags
[2025-07-16T11:16:16.684+0000] {manager.py:761} INFO - There are 47 files in /workspaces/hands-on-introduction-data-engineering-4395021/airflow/dags
[2025-07-16T11:16:18.967+0000] {manager.py:758} INFO - Searching for files in /workspaces/hands-on-introduction-data-engineering-4395021/airflow/dags
[2025-07-16T11:16:18.978+0000] {manager.py:761} INFO - There are 47 files in /workspaces/hands-on-introduction-data-engineering-4395021/airflow/dags
[2025-07-16T11:16:21.815+0000] {manager.py:758} INFO - Searching for files in /workspaces/hands-on-introduction-data-engineering-4395021/airflow/dags
[2025-07-16T11:16:21.825+0000] {manager.py:761} INFO - There are 47 files in /workspaces/hands-on-introduction-data-engineering-4395021/airflow/dags
[2025-07-16T11:16:24.148+0000] {manager.py:758} INFO - Searching for files in /workspaces/hands-on-introduction-data-engineering-4395021/airflow/dags
[2025-07-16T11:16:24.158+0000] {manager.py:761} INFO - There are 47 files in /workspaces/hands-on-introduction-data-engineering-4395021/airflow/dags
[2025-07-16T11:16:26.961+0000] {manager.py:758} INFO - Searching for files in /workspaces/hands-on-introduction-data-engineering-4395021/airflow/dags
[2025-07-16T11:16:26.970+0000] {manager.py:761} INFO - There are 47 files in /workspaces/hands-on-introduction-data-engineering-4395021/airflow/dags
[2025-07-16T11:16:29.251+0000] {manager.py:758} INFO - Searching for files in /workspaces/hands-on-introduction-data-engineering-4395021/airflow/dags
[2025-07-16T11:16:29.261+0000] {manager.py:761} INFO - There are 47 files in /workspaces/hands-on-introduction-data-engineering-4395021/airflow/dags
[2025-07-16T11:16:29.377+0000] {manager.py:889} INFO - 
================================================================================
DAG File Processing Stats

File Path                                                                                                                         PID    Runtime      # DAGs    # Errors  Last Runtime    Last Run
--------------------------------------------------------------------------------------------------------------------------------  -----  ---------  --------  ----------  --------------  -------------------
/workspaces/hands-on-introduction-data-engineering-4395021/airflow/dags/challenge_dag.py                                                                   0           1  0.10s           2025-07-16T11:16:06
/home/vscode/.local/lib/python3.10/site-packages/airflow/example_dags/example_local_kubernetes_executor.py                                                 0           0  0.10s           2025-07-16T11:16:20
/home/vscode/.local/lib/python3.10/site-packages/airflow/example_dags/example_setup_teardown.py                                                            0           0  0.11s           2025-07-16T11:16:13
/home/vscode/.local/lib/python3.10/site-packages/airflow/example_dags/example_kubernetes_executor.py                                                       0           0  0.10s           2025-07-16T11:16:28
/home/vscode/.local/lib/python3.10/site-packages/airflow/example_dags/example_setup_teardown_taskflow.py                                                   0           0  0.10s           2025-07-16T11:16:17
/home/vscode/.local/lib/python3.10/site-packages/airflow/example_dags/plugins/event_listener.py                                                            0           0  0.10s           2025-07-16T11:16:25
/home/vscode/.local/lib/python3.10/site-packages/airflow/example_dags/plugins/listener_plugin.py                                                           0           0  0.10s           2025-07-16T11:16:22
/home/vscode/.local/lib/python3.10/site-packages/airflow/example_dags/plugins/workday.py                                                                   0           0  0.10s           2025-07-16T11:16:23
/home/vscode/.local/lib/python3.10/site-packages/airflow/example_dags/subdags/subdag.py                                                                    0           0  0.11s           2025-07-16T11:16:07
/home/vscode/.local/lib/python3.10/site-packages/airflow/example_dags/example_bash_operator.py                                                             1           0  0.10s           2025-07-16T11:15:44
/home/vscode/.local/lib/python3.10/site-packages/airflow/example_dags/example_task_group_decorator.py                                                      1           0  0.10s           2025-07-16T11:15:52
/home/vscode/.local/lib/python3.10/site-packages/airflow/example_dags/example_sensor_decorator.py                                                          1           0  0.11s           2025-07-16T11:16:02
/home/vscode/.local/lib/python3.10/site-packages/airflow/example_dags/example_sensors.py                                                                   1           0  0.10s           2025-07-16T11:16:11
/home/vscode/.local/lib/python3.10/site-packages/airflow/example_dags/example_branch_operator.py                                                           1           0  0.10s           2025-07-16T11:15:44
/home/vscode/.local/lib/python3.10/site-packages/airflow/example_dags/example_dynamic_task_mapping.py                                                      1           0  0.10s           2025-07-16T11:16:19
/home/vscode/.local/lib/python3.10/site-packages/airflow/example_dags/example_params_ui_tutorial.py                                                        1           0  0.10s           2025-07-16T11:16:11
/home/vscode/.local/lib/python3.10/site-packages/airflow/example_dags/tutorial_dag.py                                                                      1           0  0.10s           2025-07-16T11:16:08
/home/vscode/.local/lib/python3.10/site-packages/airflow/example_dags/example_short_circuit_operator.py                                                    1           0  0.11s           2025-07-16T11:15:54
/home/vscode/.local/lib/python3.10/site-packages/airflow/example_dags/example_complex.py                                                                   1           0  0.10s           2025-07-16T11:15:45
/home/vscode/.local/lib/python3.10/site-packages/airflow/example_dags/example_sla_dag.py                                                                   1           0  0.11s           2025-07-16T11:15:56
/home/vscode/.local/lib/python3.10/site-packages/airflow/example_dags/tutorial_taskflow_api_virtualenv.py                                                  1           0  0.10s           2025-07-16T11:16:09
/home/vscode/.local/lib/python3.10/site-packages/airflow/example_dags/example_xcom.py                                                                      1           0  0.10s           2025-07-16T11:15:57
/home/vscode/.local/lib/python3.10/site-packages/airflow/example_dags/example_params_trigger_ui.py                                                         1           0  0.10s           2025-07-16T11:16:14
/home/vscode/.local/lib/python3.10/site-packages/airflow/example_dags/example_trigger_target_dag.py                                                        1           0  0.10s           2025-07-16T11:15:58
/home/vscode/.local/lib/python3.10/site-packages/airflow/example_dags/example_branch_python_dop_operator_3.py                                              1           0  0.10s           2025-07-16T11:15:46
/home/vscode/.local/lib/python3.10/site-packages/airflow/example_dags/example_latest_only.py                                                               1           0  0.10s           2025-07-16T11:16:27
/home/vscode/.local/lib/python3.10/site-packages/airflow/example_dags/example_skip_dag.py                                                                  1           0  0.10s           2025-07-16T11:15:59
/home/vscode/.local/lib/python3.10/site-packages/airflow/example_dags/example_python_operator.py                                                           1           0  0.10s           2025-07-16T11:16:15
/home/vscode/.local/lib/python3.10/site-packages/airflow/example_dags/example_branch_day_of_week_operator.py                                               1           0  0.10s           2025-07-16T11:15:48
/home/vscode/.local/lib/python3.10/site-packages/airflow/example_dags/example_nested_branch_dag.py                                                         1           0  0.10s           2025-07-16T11:16:29
/home/vscode/.local/lib/python3.10/site-packages/airflow/example_dags/example_dynamic_task_mapping_with_no_taskflow_operators.py                           1           0  0.10s           2025-07-16T11:15:42
/home/vscode/.local/lib/python3.10/site-packages/airflow/example_dags/tutorial.py                                                                          1           0  0.10s           2025-07-16T11:16:24
/home/vscode/.local/lib/python3.10/site-packages/airflow/example_dags/tutorial_taskflow_api.py                                                             1           0  0.11s           2025-07-16T11:16:24
/home/vscode/.local/lib/python3.10/site-packages/airflow/example_dags/example_trigger_controller_dag.py                                                    1           0  0.11s           2025-07-16T11:16:00
/home/vscode/.local/lib/python3.10/site-packages/airflow/example_dags/example_branch_labels.py                                                             1           0  0.10s           2025-07-16T11:16:04
/home/vscode/.local/lib/python3.10/site-packages/airflow/example_dags/example_latest_only_with_trigger.py                                                  1           0  0.10s           2025-07-16T11:15:43
/home/vscode/.local/lib/python3.10/site-packages/airflow/example_dags/example_passing_params_via_test_command.py                                           1           0  0.10s           2025-07-16T11:16:15
/home/vscode/.local/lib/python3.10/site-packages/airflow/example_dags/example_short_circuit_decorator.py                                                   1           0  0.10s           2025-07-16T11:16:16
/home/vscode/.local/lib/python3.10/site-packages/airflow/example_dags/example_time_delta_sensor_async.py                                                   1           0  0.10s           2025-07-16T11:16:01
/home/vscode/.local/lib/python3.10/site-packages/airflow/example_dags/example_dag_decorator.py                                                             1           0  0.20s           2025-07-16T11:16:05
/home/vscode/.local/lib/python3.10/site-packages/airflow/example_dags/example_task_group.py                                                                1           0  0.10s           2025-07-16T11:16:01
/home/vscode/.local/lib/python3.10/site-packages/airflow/example_dags/example_branch_operator_decorator.py                                                 1           0  0.10s           2025-07-16T11:16:21
/home/vscode/.local/lib/python3.10/site-packages/airflow/example_dags/example_external_task_marker_dag.py                                                  2           0  0.10s           2025-07-16T11:16:20
/home/vscode/.local/lib/python3.10/site-packages/airflow/example_dags/example_xcomargs.py                                                                  2           0  0.10s           2025-07-16T11:16:10
/home/vscode/.local/lib/python3.10/site-packages/airflow/example_dags/example_subdag_operator.py                                                           3           0  0.10s           2025-07-16T11:15:53
/home/vscode/.local/lib/python3.10/site-packages/airflow/example_dags/example_branch_datetime_operator.py                                                  3           0  0.10s           2025-07-16T11:15:49
/home/vscode/.local/lib/python3.10/site-packages/airflow/example_dags/example_datasets.py                                                                  6           0  0.10s           2025-07-16T11:16:25
================================================================================
[2025-07-16T11:16:32.107+0000] {manager.py:758} INFO - Searching for files in /workspaces/hands-on-introduction-data-engineering-4395021/airflow/dags
[2025-07-16T11:16:32.117+0000] {manager.py:761} INFO - There are 47 files in /workspaces/hands-on-introduction-data-engineering-4395021/airflow/dags
[2025-07-16T11:16:34.400+0000] {manager.py:758} INFO - Searching for files in /workspaces/hands-on-introduction-data-engineering-4395021/airflow/dags
[2025-07-16T11:16:34.410+0000] {manager.py:761} INFO - There are 47 files in /workspaces/hands-on-introduction-data-engineering-4395021/airflow/dags
[2025-07-16T11:16:37.247+0000] {manager.py:758} INFO - Searching for files in /workspaces/hands-on-introduction-data-engineering-4395021/airflow/dags
[2025-07-16T11:16:37.257+0000] {manager.py:761} INFO - There are 47 files in /workspaces/hands-on-introduction-data-engineering-4395021/airflow/dags
[2025-07-16T11:16:39.542+0000] {manager.py:758} INFO - Searching for files in /workspaces/hands-on-introduction-data-engineering-4395021/airflow/dags
[2025-07-16T11:16:39.561+0000] {manager.py:761} INFO - There are 47 files in /workspaces/hands-on-introduction-data-engineering-4395021/airflow/dags
[2025-07-16T11:16:42.268+0000] {manager.py:758} INFO - Searching for files in /workspaces/hands-on-introduction-data-engineering-4395021/airflow/dags
[2025-07-16T11:16:42.281+0000] {manager.py:761} INFO - There are 47 files in /workspaces/hands-on-introduction-data-engineering-4395021/airflow/dags
[2025-07-16T11:16:44.409+0000] {manager.py:758} INFO - Searching for files in /workspaces/hands-on-introduction-data-engineering-4395021/airflow/dags
[2025-07-16T11:16:44.418+0000] {manager.py:761} INFO - There are 47 files in /workspaces/hands-on-introduction-data-engineering-4395021/airflow/dags
[2025-07-16T11:16:47.529+0000] {manager.py:758} INFO - Searching for files in /workspaces/hands-on-introduction-data-engineering-4395021/airflow/dags
[2025-07-16T11:16:47.538+0000] {manager.py:761} INFO - There are 47 files in /workspaces/hands-on-introduction-data-engineering-4395021/airflow/dags
[2025-07-16T11:16:49.819+0000] {manager.py:758} INFO - Searching for files in /workspaces/hands-on-introduction-data-engineering-4395021/airflow/dags
[2025-07-16T11:16:49.829+0000] {manager.py:761} INFO - There are 47 files in /workspaces/hands-on-introduction-data-engineering-4395021/airflow/dags
[2025-07-16T11:16:52.434+0000] {manager.py:758} INFO - Searching for files in /workspaces/hands-on-introduction-data-engineering-4395021/airflow/dags
[2025-07-16T11:16:52.444+0000] {manager.py:761} INFO - There are 47 files in /workspaces/hands-on-introduction-data-engineering-4395021/airflow/dags
[2025-07-16T11:16:54.824+0000] {manager.py:758} INFO - Searching for files in /workspaces/hands-on-introduction-data-engineering-4395021/airflow/dags
[2025-07-16T11:16:54.835+0000] {manager.py:761} INFO - There are 47 files in /workspaces/hands-on-introduction-data-engineering-4395021/airflow/dags
[2025-07-16T11:16:57.810+0000] {manager.py:758} INFO - Searching for files in /workspaces/hands-on-introduction-data-engineering-4395021/airflow/dags
[2025-07-16T11:16:57.820+0000] {manager.py:761} INFO - There are 47 files in /workspaces/hands-on-introduction-data-engineering-4395021/airflow/dags
[2025-07-16T11:16:59.679+0000] {manager.py:889} INFO - 
================================================================================
DAG File Processing Stats

File Path                                                                                                                         PID    Runtime      # DAGs    # Errors  Last Runtime    Last Run
--------------------------------------------------------------------------------------------------------------------------------  -----  ---------  --------  ----------  --------------  -------------------
/workspaces/hands-on-introduction-data-engineering-4395021/airflow/dags/challenge_dag.py                                                                   0           1  0.10s           2025-07-16T11:16:38
/home/vscode/.local/lib/python3.10/site-packages/airflow/example_dags/example_local_kubernetes_executor.py                                                 0           0  0.10s           2025-07-16T11:16:20
/home/vscode/.local/lib/python3.10/site-packages/airflow/example_dags/example_setup_teardown.py                                                            0           0  0.11s           2025-07-16T11:16:13
/home/vscode/.local/lib/python3.10/site-packages/airflow/example_dags/example_kubernetes_executor.py                                                       0           0  0.10s           2025-07-16T11:16:28
/home/vscode/.local/lib/python3.10/site-packages/airflow/example_dags/example_setup_teardown_taskflow.py                                                   0           0  0.10s           2025-07-16T11:16:17
/home/vscode/.local/lib/python3.10/site-packages/airflow/example_dags/plugins/event_listener.py                                                            0           0  0.10s           2025-07-16T11:16:25
/home/vscode/.local/lib/python3.10/site-packages/airflow/example_dags/plugins/listener_plugin.py                                                           0           0  0.10s           2025-07-16T11:16:53
/home/vscode/.local/lib/python3.10/site-packages/airflow/example_dags/plugins/workday.py                                                                   0           0  0.10s           2025-07-16T11:16:54
/home/vscode/.local/lib/python3.10/site-packages/airflow/example_dags/subdags/subdag.py                                                                    0           0  0.10s           2025-07-16T11:16:39
/home/vscode/.local/lib/python3.10/site-packages/airflow/example_dags/example_bash_operator.py                                                             1           0  0.11s           2025-07-16T11:16:32
/home/vscode/.local/lib/python3.10/site-packages/airflow/example_dags/example_task_group_decorator.py                                                      1           0  0.10s           2025-07-16T11:16:40
/home/vscode/.local/lib/python3.10/site-packages/airflow/example_dags/example_sensor_decorator.py                                                          1           0  0.10s           2025-07-16T11:16:51
/home/vscode/.local/lib/python3.10/site-packages/airflow/example_dags/example_sensors.py                                                                   1           0  0.10s           2025-07-16T11:16:59
/home/vscode/.local/lib/python3.10/site-packages/airflow/example_dags/example_branch_operator.py                                                           1           0  0.10s           2025-07-16T11:16:33
/home/vscode/.local/lib/python3.10/site-packages/airflow/example_dags/example_dynamic_task_mapping.py                                                      1           0  0.10s           2025-07-16T11:16:19
/home/vscode/.local/lib/python3.10/site-packages/airflow/example_dags/example_params_ui_tutorial.py                                                        1           0  0.10s           2025-07-16T11:16:59
/home/vscode/.local/lib/python3.10/site-packages/airflow/example_dags/tutorial_dag.py                                                                      1           0  0.21s           2025-07-16T11:16:56
/home/vscode/.local/lib/python3.10/site-packages/airflow/example_dags/example_short_circuit_operator.py                                                    1           0  0.11s           2025-07-16T11:16:42
/home/vscode/.local/lib/python3.10/site-packages/airflow/example_dags/example_complex.py                                                                   1           0  0.11s           2025-07-16T11:16:34
/home/vscode/.local/lib/python3.10/site-packages/airflow/example_dags/example_sla_dag.py                                                                   1           0  0.11s           2025-07-16T11:16:43
/home/vscode/.local/lib/python3.10/site-packages/airflow/example_dags/tutorial_taskflow_api_virtualenv.py                                                  1           0  0.10s           2025-07-16T11:16:56
/home/vscode/.local/lib/python3.10/site-packages/airflow/example_dags/example_xcom.py                                                                      1           0  0.10s           2025-07-16T11:16:44
/home/vscode/.local/lib/python3.10/site-packages/airflow/example_dags/example_params_trigger_ui.py                                                         1           0  0.10s           2025-07-16T11:16:14
/home/vscode/.local/lib/python3.10/site-packages/airflow/example_dags/example_trigger_target_dag.py                                                        1           0  0.10s           2025-07-16T11:16:45
/home/vscode/.local/lib/python3.10/site-packages/airflow/example_dags/example_branch_python_dop_operator_3.py                                              1           0  0.10s           2025-07-16T11:16:35
/home/vscode/.local/lib/python3.10/site-packages/airflow/example_dags/example_latest_only.py                                                               1           0  0.10s           2025-07-16T11:16:27
/home/vscode/.local/lib/python3.10/site-packages/airflow/example_dags/example_skip_dag.py                                                                  1           0  0.10s           2025-07-16T11:16:46
/home/vscode/.local/lib/python3.10/site-packages/airflow/example_dags/example_python_operator.py                                                           1           0  0.10s           2025-07-16T11:16:15
/home/vscode/.local/lib/python3.10/site-packages/airflow/example_dags/example_branch_day_of_week_operator.py                                               1           0  0.10s           2025-07-16T11:16:36
/home/vscode/.local/lib/python3.10/site-packages/airflow/example_dags/example_nested_branch_dag.py                                                         1           0  0.10s           2025-07-16T11:16:29
/home/vscode/.local/lib/python3.10/site-packages/airflow/example_dags/example_dynamic_task_mapping_with_no_taskflow_operators.py                           1           0  0.10s           2025-07-16T11:16:30
/home/vscode/.local/lib/python3.10/site-packages/airflow/example_dags/tutorial.py                                                                          1           0  0.10s           2025-07-16T11:16:24
/home/vscode/.local/lib/python3.10/site-packages/airflow/example_dags/tutorial_taskflow_api.py                                                             1           0  0.11s           2025-07-16T11:16:24
/home/vscode/.local/lib/python3.10/site-packages/airflow/example_dags/example_trigger_controller_dag.py                                                    1           0  0.10s           2025-07-16T11:16:47
/home/vscode/.local/lib/python3.10/site-packages/airflow/example_dags/example_branch_labels.py                                                             1           0  0.10s           2025-07-16T11:16:51
/home/vscode/.local/lib/python3.10/site-packages/airflow/example_dags/example_latest_only_with_trigger.py                                                  1           0  0.11s           2025-07-16T11:16:31
/home/vscode/.local/lib/python3.10/site-packages/airflow/example_dags/example_passing_params_via_test_command.py                                           1           0  0.10s           2025-07-16T11:16:15
/home/vscode/.local/lib/python3.10/site-packages/airflow/example_dags/example_short_circuit_decorator.py                                                   1           0  0.10s           2025-07-16T11:16:16
/home/vscode/.local/lib/python3.10/site-packages/airflow/example_dags/example_time_delta_sensor_async.py                                                   1           0  0.10s           2025-07-16T11:16:48
/home/vscode/.local/lib/python3.10/site-packages/airflow/example_dags/example_dag_decorator.py                                                             1           0  0.20s           2025-07-16T11:16:52
/home/vscode/.local/lib/python3.10/site-packages/airflow/example_dags/example_task_group.py                                                                1           0  0.11s           2025-07-16T11:16:49
/home/vscode/.local/lib/python3.10/site-packages/airflow/example_dags/example_branch_operator_decorator.py                                                 1           0  0.10s           2025-07-16T11:16:21
/home/vscode/.local/lib/python3.10/site-packages/airflow/example_dags/example_external_task_marker_dag.py                                                  2           0  0.10s           2025-07-16T11:16:20
/home/vscode/.local/lib/python3.10/site-packages/airflow/example_dags/example_xcomargs.py                                                                  2           0  0.10s           2025-07-16T11:16:57
/home/vscode/.local/lib/python3.10/site-packages/airflow/example_dags/example_subdag_operator.py                                                           3           0  0.10s           2025-07-16T11:16:41
/home/vscode/.local/lib/python3.10/site-packages/airflow/example_dags/example_branch_datetime_operator.py                                                  3           0  0.10s           2025-07-16T11:16:37
/home/vscode/.local/lib/python3.10/site-packages/airflow/example_dags/example_datasets.py                                                                  6           0  0.10s           2025-07-16T11:16:25
================================================================================
[2025-07-16T11:17:00.713+0000] {manager.py:758} INFO - Searching for files in /workspaces/hands-on-introduction-data-engineering-4395021/airflow/dags
[2025-07-16T11:17:00.722+0000] {manager.py:761} INFO - There are 47 files in /workspaces/hands-on-introduction-data-engineering-4395021/airflow/dags
[2025-07-16T11:17:03.827+0000] {manager.py:758} INFO - Searching for files in /workspaces/hands-on-introduction-data-engineering-4395021/airflow/dags
[2025-07-16T11:17:03.837+0000] {manager.py:761} INFO - There are 47 files in /workspaces/hands-on-introduction-data-engineering-4395021/airflow/dags
[2025-07-16T11:17:06.119+0000] {manager.py:758} INFO - Searching for files in /workspaces/hands-on-introduction-data-engineering-4395021/airflow/dags
[2025-07-16T11:17:06.135+0000] {manager.py:761} INFO - There are 47 files in /workspaces/hands-on-introduction-data-engineering-4395021/airflow/dags
[2025-07-16T11:17:09.241+0000] {manager.py:758} INFO - Searching for files in /workspaces/hands-on-introduction-data-engineering-4395021/airflow/dags
[2025-07-16T11:17:09.250+0000] {manager.py:761} INFO - There are 47 files in /workspaces/hands-on-introduction-data-engineering-4395021/airflow/dags
[2025-07-16T11:17:11.529+0000] {manager.py:758} INFO - Searching for files in /workspaces/hands-on-introduction-data-engineering-4395021/airflow/dags
[2025-07-16T11:17:11.539+0000] {manager.py:761} INFO - There are 47 files in /workspaces/hands-on-introduction-data-engineering-4395021/airflow/dags
[2025-07-16T11:17:13.965+0000] {manager.py:758} INFO - Searching for files in /workspaces/hands-on-introduction-data-engineering-4395021/airflow/dags
[2025-07-16T11:17:13.974+0000] {manager.py:761} INFO - There are 47 files in /workspaces/hands-on-introduction-data-engineering-4395021/airflow/dags
[2025-07-16T11:17:16.985+0000] {manager.py:758} INFO - Searching for files in /workspaces/hands-on-introduction-data-engineering-4395021/airflow/dags
[2025-07-16T11:17:16.995+0000] {manager.py:761} INFO - There are 47 files in /workspaces/hands-on-introduction-data-engineering-4395021/airflow/dags
[2025-07-16T11:17:19.524+0000] {manager.py:758} INFO - Searching for files in /workspaces/hands-on-introduction-data-engineering-4395021/airflow/dags
[2025-07-16T11:17:19.533+0000] {manager.py:761} INFO - There are 47 files in /workspaces/hands-on-introduction-data-engineering-4395021/airflow/dags
[2025-07-16T11:17:21.821+0000] {manager.py:758} INFO - Searching for files in /workspaces/hands-on-introduction-data-engineering-4395021/airflow/dags
[2025-07-16T11:17:21.831+0000] {manager.py:761} INFO - There are 47 files in /workspaces/hands-on-introduction-data-engineering-4395021/airflow/dags
[2025-07-16T11:17:24.102+0000] {manager.py:758} INFO - Searching for files in /workspaces/hands-on-introduction-data-engineering-4395021/airflow/dags
[2025-07-16T11:17:24.111+0000] {manager.py:761} INFO - There are 47 files in /workspaces/hands-on-introduction-data-engineering-4395021/airflow/dags
[2025-07-16T11:17:26.390+0000] {manager.py:758} INFO - Searching for files in /workspaces/hands-on-introduction-data-engineering-4395021/airflow/dags
[2025-07-16T11:17:26.400+0000] {manager.py:761} INFO - There are 47 files in /workspaces/hands-on-introduction-data-engineering-4395021/airflow/dags
[2025-07-16T11:17:28.684+0000] {manager.py:758} INFO - Searching for files in /workspaces/hands-on-introduction-data-engineering-4395021/airflow/dags
[2025-07-16T11:17:28.693+0000] {manager.py:761} INFO - There are 47 files in /workspaces/hands-on-introduction-data-engineering-4395021/airflow/dags
[2025-07-16T11:17:29.944+0000] {manager.py:889} INFO - 
================================================================================
DAG File Processing Stats

File Path                                                                                                                         PID    Runtime      # DAGs    # Errors  Last Runtime    Last Run
--------------------------------------------------------------------------------------------------------------------------------  -----  ---------  --------  ----------  --------------  -------------------
/workspaces/hands-on-introduction-data-engineering-4395021/airflow/dags/challenge_dag.py                                                                   0           1  0.10s           2025-07-16T11:17:11
/home/vscode/.local/lib/python3.10/site-packages/airflow/example_dags/example_local_kubernetes_executor.py                                                 0           0  0.10s           2025-07-16T11:17:08
/home/vscode/.local/lib/python3.10/site-packages/airflow/example_dags/example_setup_teardown.py                                                            0           0  0.10s           2025-07-16T11:17:00
/home/vscode/.local/lib/python3.10/site-packages/airflow/example_dags/example_kubernetes_executor.py                                                       0           0  0.11s           2025-07-16T11:17:19
/home/vscode/.local/lib/python3.10/site-packages/airflow/example_dags/example_setup_teardown_taskflow.py                                                   0           0  0.11s           2025-07-16T11:17:06
/home/vscode/.local/lib/python3.10/site-packages/airflow/example_dags/plugins/event_listener.py                                                            0           0  0.10s           2025-07-16T11:17:14
/home/vscode/.local/lib/python3.10/site-packages/airflow/example_dags/plugins/listener_plugin.py                                                           0           0  0.10s           2025-07-16T11:17:29
/home/vscode/.local/lib/python3.10/site-packages/airflow/example_dags/plugins/workday.py                                                                   0           0  0.10s           2025-07-16T11:16:54
/home/vscode/.local/lib/python3.10/site-packages/airflow/example_dags/subdags/subdag.py                                                                    0           0  0.10s           2025-07-16T11:17:12
/home/vscode/.local/lib/python3.10/site-packages/airflow/example_dags/example_bash_operator.py                                                             1           0  0.10s           2025-07-16T11:17:23
/home/vscode/.local/lib/python3.10/site-packages/airflow/example_dags/example_task_group_decorator.py                                                      1           0  0.10s           2025-07-16T11:17:15
/home/vscode/.local/lib/python3.10/site-packages/airflow/example_dags/example_sensor_decorator.py                                                          1           0  0.10s           2025-07-16T11:16:51
/home/vscode/.local/lib/python3.10/site-packages/airflow/example_dags/example_sensors.py                                                                   1           0  0.10s           2025-07-16T11:16:59
/home/vscode/.local/lib/python3.10/site-packages/airflow/example_dags/example_branch_operator.py                                                           1           0  0.10s           2025-07-16T11:17:24
/home/vscode/.local/lib/python3.10/site-packages/airflow/example_dags/example_dynamic_task_mapping.py                                                      1           0  0.10s           2025-07-16T11:17:07
/home/vscode/.local/lib/python3.10/site-packages/airflow/example_dags/example_params_ui_tutorial.py                                                        1           0  0.10s           2025-07-16T11:16:59
/home/vscode/.local/lib/python3.10/site-packages/airflow/example_dags/tutorial_dag.py                                                                      1           0  0.21s           2025-07-16T11:16:56
/home/vscode/.local/lib/python3.10/site-packages/airflow/example_dags/example_short_circuit_operator.py                                                    1           0  0.11s           2025-07-16T11:16:42
/home/vscode/.local/lib/python3.10/site-packages/airflow/example_dags/example_complex.py                                                                   1           0  0.10s           2025-07-16T11:17:25
/home/vscode/.local/lib/python3.10/site-packages/airflow/example_dags/example_sla_dag.py                                                                   1           0  0.11s           2025-07-16T11:16:43
/home/vscode/.local/lib/python3.10/site-packages/airflow/example_dags/tutorial_taskflow_api_virtualenv.py                                                  1           0  0.10s           2025-07-16T11:16:56
/home/vscode/.local/lib/python3.10/site-packages/airflow/example_dags/example_xcom.py                                                                      1           0  0.10s           2025-07-16T11:16:44
/home/vscode/.local/lib/python3.10/site-packages/airflow/example_dags/example_params_trigger_ui.py                                                         1           0  0.11s           2025-07-16T11:17:01
/home/vscode/.local/lib/python3.10/site-packages/airflow/example_dags/example_trigger_target_dag.py                                                        1           0  0.10s           2025-07-16T11:16:45
/home/vscode/.local/lib/python3.10/site-packages/airflow/example_dags/example_branch_python_dop_operator_3.py                                              1           0  0.10s           2025-07-16T11:17:26
/home/vscode/.local/lib/python3.10/site-packages/airflow/example_dags/example_latest_only.py                                                               1           0  0.10s           2025-07-16T11:17:18
/home/vscode/.local/lib/python3.10/site-packages/airflow/example_dags/example_skip_dag.py                                                                  1           0  0.10s           2025-07-16T11:16:46
/home/vscode/.local/lib/python3.10/site-packages/airflow/example_dags/example_python_operator.py                                                           1           0  0.10s           2025-07-16T11:17:02
/home/vscode/.local/lib/python3.10/site-packages/airflow/example_dags/example_branch_day_of_week_operator.py                                               1           0  0.10s           2025-07-16T11:17:27
/home/vscode/.local/lib/python3.10/site-packages/airflow/example_dags/example_nested_branch_dag.py                                                         1           0  0.10s           2025-07-16T11:17:20
/home/vscode/.local/lib/python3.10/site-packages/airflow/example_dags/example_dynamic_task_mapping_with_no_taskflow_operators.py                           1           0  0.10s           2025-07-16T11:17:21
/home/vscode/.local/lib/python3.10/site-packages/airflow/example_dags/tutorial.py                                                                          1           0  0.10s           2025-07-16T11:17:12
/home/vscode/.local/lib/python3.10/site-packages/airflow/example_dags/tutorial_taskflow_api.py                                                             1           0  0.10s           2025-07-16T11:17:14
/home/vscode/.local/lib/python3.10/site-packages/airflow/example_dags/example_trigger_controller_dag.py                                                    1           0  0.10s           2025-07-16T11:16:47
/home/vscode/.local/lib/python3.10/site-packages/airflow/example_dags/example_branch_labels.py                                                             1           0  0.10s           2025-07-16T11:16:51
/home/vscode/.local/lib/python3.10/site-packages/airflow/example_dags/example_latest_only_with_trigger.py                                                  1           0  0.11s           2025-07-16T11:17:22
/home/vscode/.local/lib/python3.10/site-packages/airflow/example_dags/example_passing_params_via_test_command.py                                           1           0  0.10s           2025-07-16T11:17:03
/home/vscode/.local/lib/python3.10/site-packages/airflow/example_dags/example_short_circuit_decorator.py                                                   1           0  0.10s           2025-07-16T11:17:05
/home/vscode/.local/lib/python3.10/site-packages/airflow/example_dags/example_time_delta_sensor_async.py                                                   1           0  0.10s           2025-07-16T11:16:48
/home/vscode/.local/lib/python3.10/site-packages/airflow/example_dags/example_dag_decorator.py                                                             1           0  0.20s           2025-07-16T11:16:52
/home/vscode/.local/lib/python3.10/site-packages/airflow/example_dags/example_task_group.py                                                                1           0  0.11s           2025-07-16T11:16:49
/home/vscode/.local/lib/python3.10/site-packages/airflow/example_dags/example_branch_operator_decorator.py                                                 1           0  0.10s           2025-07-16T11:17:10
/home/vscode/.local/lib/python3.10/site-packages/airflow/example_dags/example_external_task_marker_dag.py                                                  2           0  0.10s           2025-07-16T11:17:09
/home/vscode/.local/lib/python3.10/site-packages/airflow/example_dags/example_xcomargs.py                                                                  2           0  0.10s           2025-07-16T11:16:57
/home/vscode/.local/lib/python3.10/site-packages/airflow/example_dags/example_subdag_operator.py                                                           3           0  0.10s           2025-07-16T11:17:17
/home/vscode/.local/lib/python3.10/site-packages/airflow/example_dags/example_branch_datetime_operator.py                                                  3           0  0.10s           2025-07-16T11:17:28
/home/vscode/.local/lib/python3.10/site-packages/airflow/example_dags/example_datasets.py                                                                  6           0  0.10s           2025-07-16T11:17:17
================================================================================
[2025-07-16T11:17:30.977+0000] {manager.py:758} INFO - Searching for files in /workspaces/hands-on-introduction-data-engineering-4395021/airflow/dags
[2025-07-16T11:17:30.988+0000] {manager.py:761} INFO - There are 47 files in /workspaces/hands-on-introduction-data-engineering-4395021/airflow/dags
[2025-07-16T11:17:33.102+0000] {manager.py:758} INFO - Searching for files in /workspaces/hands-on-introduction-data-engineering-4395021/airflow/dags
[2025-07-16T11:17:33.112+0000] {manager.py:761} INFO - There are 47 files in /workspaces/hands-on-introduction-data-engineering-4395021/airflow/dags
[2025-07-16T11:17:35.394+0000] {manager.py:758} INFO - Searching for files in /workspaces/hands-on-introduction-data-engineering-4395021/airflow/dags
[2025-07-16T11:17:35.404+0000] {manager.py:761} INFO - There are 47 files in /workspaces/hands-on-introduction-data-engineering-4395021/airflow/dags
[2025-07-16T11:17:37.689+0000] {manager.py:758} INFO - Searching for files in /workspaces/hands-on-introduction-data-engineering-4395021/airflow/dags
[2025-07-16T11:17:37.698+0000] {manager.py:761} INFO - There are 47 files in /workspaces/hands-on-introduction-data-engineering-4395021/airflow/dags
[2025-07-16T11:17:39.984+0000] {manager.py:758} INFO - Searching for files in /workspaces/hands-on-introduction-data-engineering-4395021/airflow/dags
[2025-07-16T11:17:39.993+0000] {manager.py:761} INFO - There are 47 files in /workspaces/hands-on-introduction-data-engineering-4395021/airflow/dags
[2025-07-16T11:17:42.272+0000] {manager.py:758} INFO - Searching for files in /workspaces/hands-on-introduction-data-engineering-4395021/airflow/dags
[2025-07-16T11:17:42.281+0000] {manager.py:761} INFO - There are 47 files in /workspaces/hands-on-introduction-data-engineering-4395021/airflow/dags
[2025-07-16T11:17:44.393+0000] {manager.py:758} INFO - Searching for files in /workspaces/hands-on-introduction-data-engineering-4395021/airflow/dags
[2025-07-16T11:17:44.402+0000] {manager.py:761} INFO - There are 47 files in /workspaces/hands-on-introduction-data-engineering-4395021/airflow/dags
[2025-07-16T11:17:47.358+0000] {manager.py:758} INFO - Searching for files in /workspaces/hands-on-introduction-data-engineering-4395021/airflow/dags
[2025-07-16T11:17:47.368+0000] {manager.py:761} INFO - There are 47 files in /workspaces/hands-on-introduction-data-engineering-4395021/airflow/dags
[2025-07-16T11:17:50.268+0000] {manager.py:758} INFO - Searching for files in /workspaces/hands-on-introduction-data-engineering-4395021/airflow/dags
[2025-07-16T11:17:50.278+0000] {manager.py:761} INFO - There are 47 files in /workspaces/hands-on-introduction-data-engineering-4395021/airflow/dags
[2025-07-16T11:17:52.559+0000] {manager.py:758} INFO - Searching for files in /workspaces/hands-on-introduction-data-engineering-4395021/airflow/dags
[2025-07-16T11:17:52.568+0000] {manager.py:761} INFO - There are 47 files in /workspaces/hands-on-introduction-data-engineering-4395021/airflow/dags
[2025-07-16T11:17:55.668+0000] {manager.py:758} INFO - Searching for files in /workspaces/hands-on-introduction-data-engineering-4395021/airflow/dags
[2025-07-16T11:17:55.683+0000] {manager.py:761} INFO - There are 47 files in /workspaces/hands-on-introduction-data-engineering-4395021/airflow/dags
[2025-07-16T11:17:57.969+0000] {manager.py:758} INFO - Searching for files in /workspaces/hands-on-introduction-data-engineering-4395021/airflow/dags
[2025-07-16T11:17:57.979+0000] {manager.py:761} INFO - There are 47 files in /workspaces/hands-on-introduction-data-engineering-4395021/airflow/dags
[2025-07-16T11:18:00.112+0000] {manager.py:758} INFO - Searching for files in /workspaces/hands-on-introduction-data-engineering-4395021/airflow/dags
[2025-07-16T11:18:00.121+0000] {manager.py:761} INFO - There are 47 files in /workspaces/hands-on-introduction-data-engineering-4395021/airflow/dags
[2025-07-16T11:18:00.238+0000] {manager.py:889} INFO - 
================================================================================
DAG File Processing Stats

File Path                                                                                                                         PID    Runtime      # DAGs    # Errors  Last Runtime    Last Run
--------------------------------------------------------------------------------------------------------------------------------  -----  ---------  --------  ----------  --------------  -------------------
/workspaces/hands-on-introduction-data-engineering-4395021/airflow/dags/challenge_dag.py                                                                   0           1  0.10s           2025-07-16T11:17:47
/home/vscode/.local/lib/python3.10/site-packages/airflow/example_dags/example_local_kubernetes_executor.py                                                 0           0  0.10s           2025-07-16T11:18:00
/home/vscode/.local/lib/python3.10/site-packages/airflow/example_dags/example_setup_teardown.py                                                            0           0  0.11s           2025-07-16T11:17:53
/home/vscode/.local/lib/python3.10/site-packages/airflow/example_dags/example_kubernetes_executor.py                                                       0           0  0.11s           2025-07-16T11:17:19
/home/vscode/.local/lib/python3.10/site-packages/airflow/example_dags/example_setup_teardown_taskflow.py                                                   0           0  0.10s           2025-07-16T11:17:58
/home/vscode/.local/lib/python3.10/site-packages/airflow/example_dags/plugins/event_listener.py                                                            0           0  0.10s           2025-07-16T11:17:51
/home/vscode/.local/lib/python3.10/site-packages/airflow/example_dags/plugins/listener_plugin.py                                                           0           0  0.10s           2025-07-16T11:17:29
/home/vscode/.local/lib/python3.10/site-packages/airflow/example_dags/plugins/workday.py                                                                   0           0  0.10s           2025-07-16T11:17:31
/home/vscode/.local/lib/python3.10/site-packages/airflow/example_dags/subdags/subdag.py                                                                    0           0  0.10s           2025-07-16T11:17:48
/home/vscode/.local/lib/python3.10/site-packages/airflow/example_dags/example_bash_operator.py                                                             1           0  0.10s           2025-07-16T11:17:23
/home/vscode/.local/lib/python3.10/site-packages/airflow/example_dags/example_task_group_decorator.py                                                      1           0  0.10s           2025-07-16T11:17:52
/home/vscode/.local/lib/python3.10/site-packages/airflow/example_dags/example_sensor_decorator.py                                                          1           0  0.10s           2025-07-16T11:17:42
/home/vscode/.local/lib/python3.10/site-packages/airflow/example_dags/example_sensors.py                                                                   1           0  0.10s           2025-07-16T11:17:43
/home/vscode/.local/lib/python3.10/site-packages/airflow/example_dags/example_branch_operator.py                                                           1           0  0.10s           2025-07-16T11:17:24
/home/vscode/.local/lib/python3.10/site-packages/airflow/example_dags/example_dynamic_task_mapping.py                                                      1           0  0.10s           2025-07-16T11:17:59
/home/vscode/.local/lib/python3.10/site-packages/airflow/example_dags/example_params_ui_tutorial.py                                                        1           0  0.10s           2025-07-16T11:17:44
/home/vscode/.local/lib/python3.10/site-packages/airflow/example_dags/tutorial_dag.py                                                                      1           0  0.10s           2025-07-16T11:17:32
/home/vscode/.local/lib/python3.10/site-packages/airflow/example_dags/example_short_circuit_operator.py                                                    1           0  0.10s           2025-07-16T11:17:34
/home/vscode/.local/lib/python3.10/site-packages/airflow/example_dags/example_complex.py                                                                   1           0  0.10s           2025-07-16T11:17:25
/home/vscode/.local/lib/python3.10/site-packages/airflow/example_dags/example_sla_dag.py                                                                   1           0  0.10s           2025-07-16T11:17:35
/home/vscode/.local/lib/python3.10/site-packages/airflow/example_dags/tutorial_taskflow_api_virtualenv.py                                                  1           0  0.10s           2025-07-16T11:17:32
/home/vscode/.local/lib/python3.10/site-packages/airflow/example_dags/example_xcom.py                                                                      1           0  0.10s           2025-07-16T11:17:36
/home/vscode/.local/lib/python3.10/site-packages/airflow/example_dags/example_params_trigger_ui.py                                                         1           0  0.10s           2025-07-16T11:17:54
/home/vscode/.local/lib/python3.10/site-packages/airflow/example_dags/example_trigger_target_dag.py                                                        1           0  0.10s           2025-07-16T11:17:37
/home/vscode/.local/lib/python3.10/site-packages/airflow/example_dags/example_branch_python_dop_operator_3.py                                              1           0  0.10s           2025-07-16T11:17:26
/home/vscode/.local/lib/python3.10/site-packages/airflow/example_dags/example_latest_only.py                                                               1           0  0.10s           2025-07-16T11:17:18
/home/vscode/.local/lib/python3.10/site-packages/airflow/example_dags/example_skip_dag.py                                                                  1           0  0.10s           2025-07-16T11:17:38
/home/vscode/.local/lib/python3.10/site-packages/airflow/example_dags/example_python_operator.py                                                           1           0  0.11s           2025-07-16T11:17:55
/home/vscode/.local/lib/python3.10/site-packages/airflow/example_dags/example_branch_day_of_week_operator.py                                               1           0  0.10s           2025-07-16T11:17:27
/home/vscode/.local/lib/python3.10/site-packages/airflow/example_dags/example_nested_branch_dag.py                                                         1           0  0.10s           2025-07-16T11:17:20
/home/vscode/.local/lib/python3.10/site-packages/airflow/example_dags/example_dynamic_task_mapping_with_no_taskflow_operators.py                           1           0  0.10s           2025-07-16T11:17:21
/home/vscode/.local/lib/python3.10/site-packages/airflow/example_dags/tutorial.py                                                                          1           0  0.10s           2025-07-16T11:17:49
/home/vscode/.local/lib/python3.10/site-packages/airflow/example_dags/tutorial_taskflow_api.py                                                             1           0  0.10s           2025-07-16T11:17:50
/home/vscode/.local/lib/python3.10/site-packages/airflow/example_dags/example_trigger_controller_dag.py                                                    1           0  0.10s           2025-07-16T11:17:40
/home/vscode/.local/lib/python3.10/site-packages/airflow/example_dags/example_branch_labels.py                                                             1           0  0.10s           2025-07-16T11:17:45
/home/vscode/.local/lib/python3.10/site-packages/airflow/example_dags/example_latest_only_with_trigger.py                                                  1           0  0.11s           2025-07-16T11:17:22
/home/vscode/.local/lib/python3.10/site-packages/airflow/example_dags/example_passing_params_via_test_command.py                                           1           0  0.10s           2025-07-16T11:17:56
/home/vscode/.local/lib/python3.10/site-packages/airflow/example_dags/example_short_circuit_decorator.py                                                   1           0  0.10s           2025-07-16T11:17:58
/home/vscode/.local/lib/python3.10/site-packages/airflow/example_dags/example_time_delta_sensor_async.py                                                   1           0  0.10s           2025-07-16T11:17:41
/home/vscode/.local/lib/python3.10/site-packages/airflow/example_dags/example_dag_decorator.py                                                             1           0  0.20s           2025-07-16T11:17:46
/home/vscode/.local/lib/python3.10/site-packages/airflow/example_dags/example_task_group.py                                                                1           0  0.10s           2025-07-16T11:17:42
/home/vscode/.local/lib/python3.10/site-packages/airflow/example_dags/example_branch_operator_decorator.py                                                 1           0  0.10s           2025-07-16T11:17:10
/home/vscode/.local/lib/python3.10/site-packages/airflow/example_dags/example_external_task_marker_dag.py                                                  2           0  0.10s           2025-07-16T11:17:09
/home/vscode/.local/lib/python3.10/site-packages/airflow/example_dags/example_xcomargs.py                                                                  2           0  0.10s           2025-07-16T11:17:33
/home/vscode/.local/lib/python3.10/site-packages/airflow/example_dags/example_subdag_operator.py                                                           3           0  0.10s           2025-07-16T11:17:53
/home/vscode/.local/lib/python3.10/site-packages/airflow/example_dags/example_branch_datetime_operator.py                                                  3           0  0.10s           2025-07-16T11:17:28
/home/vscode/.local/lib/python3.10/site-packages/airflow/example_dags/example_datasets.py                                                                  6           0  0.10s           2025-07-16T11:17:17
================================================================================
[2025-07-16T11:18:02.418+0000] {manager.py:758} INFO - Searching for files in /workspaces/hands-on-introduction-data-engineering-4395021/airflow/dags
[2025-07-16T11:18:02.428+0000] {manager.py:761} INFO - There are 47 files in /workspaces/hands-on-introduction-data-engineering-4395021/airflow/dags
[2025-07-16T11:18:04.558+0000] {manager.py:758} INFO - Searching for files in /workspaces/hands-on-introduction-data-engineering-4395021/airflow/dags
[2025-07-16T11:18:04.568+0000] {manager.py:761} INFO - There are 47 files in /workspaces/hands-on-introduction-data-engineering-4395021/airflow/dags
[2025-07-16T11:18:06.846+0000] {manager.py:758} INFO - Searching for files in /workspaces/hands-on-introduction-data-engineering-4395021/airflow/dags
[2025-07-16T11:18:06.855+0000] {manager.py:761} INFO - There are 47 files in /workspaces/hands-on-introduction-data-engineering-4395021/airflow/dags
[2025-07-16T11:18:09.697+0000] {manager.py:758} INFO - Searching for files in /workspaces/hands-on-introduction-data-engineering-4395021/airflow/dags
[2025-07-16T11:18:09.706+0000] {manager.py:761} INFO - There are 47 files in /workspaces/hands-on-introduction-data-engineering-4395021/airflow/dags
[2025-07-16T11:18:11.983+0000] {manager.py:758} INFO - Searching for files in /workspaces/hands-on-introduction-data-engineering-4395021/airflow/dags
[2025-07-16T11:18:11.993+0000] {manager.py:761} INFO - There are 47 files in /workspaces/hands-on-introduction-data-engineering-4395021/airflow/dags
[2025-07-16T11:18:14.700+0000] {manager.py:758} INFO - Searching for files in /workspaces/hands-on-introduction-data-engineering-4395021/airflow/dags
[2025-07-16T11:18:14.710+0000] {manager.py:761} INFO - There are 47 files in /workspaces/hands-on-introduction-data-engineering-4395021/airflow/dags
[2025-07-16T11:18:17.547+0000] {manager.py:758} INFO - Searching for files in /workspaces/hands-on-introduction-data-engineering-4395021/airflow/dags
[2025-07-16T11:18:17.558+0000] {manager.py:761} INFO - There are 47 files in /workspaces/hands-on-introduction-data-engineering-4395021/airflow/dags
[2025-07-16T11:18:19.843+0000] {manager.py:758} INFO - Searching for files in /workspaces/hands-on-introduction-data-engineering-4395021/airflow/dags
[2025-07-16T11:18:19.852+0000] {manager.py:761} INFO - There are 47 files in /workspaces/hands-on-introduction-data-engineering-4395021/airflow/dags
[2025-07-16T11:18:22.136+0000] {manager.py:758} INFO - Searching for files in /workspaces/hands-on-introduction-data-engineering-4395021/airflow/dags
[2025-07-16T11:18:22.145+0000] {manager.py:761} INFO - There are 47 files in /workspaces/hands-on-introduction-data-engineering-4395021/airflow/dags
[2025-07-16T11:18:24.703+0000] {manager.py:758} INFO - Searching for files in /workspaces/hands-on-introduction-data-engineering-4395021/airflow/dags
[2025-07-16T11:18:24.713+0000] {manager.py:761} INFO - There are 47 files in /workspaces/hands-on-introduction-data-engineering-4395021/airflow/dags
[2025-07-16T11:18:27.670+0000] {manager.py:758} INFO - Searching for files in /workspaces/hands-on-introduction-data-engineering-4395021/airflow/dags
[2025-07-16T11:18:27.679+0000] {manager.py:761} INFO - There are 47 files in /workspaces/hands-on-introduction-data-engineering-4395021/airflow/dags
[2025-07-16T11:18:30.121+0000] {manager.py:758} INFO - Searching for files in /workspaces/hands-on-introduction-data-engineering-4395021/airflow/dags
[2025-07-16T11:18:30.130+0000] {manager.py:761} INFO - There are 47 files in /workspaces/hands-on-introduction-data-engineering-4395021/airflow/dags
[2025-07-16T11:18:30.247+0000] {manager.py:889} INFO - 
================================================================================
DAG File Processing Stats

File Path                                                                                                                         PID    Runtime      # DAGs    # Errors  Last Runtime    Last Run
--------------------------------------------------------------------------------------------------------------------------------  -----  ---------  --------  ----------  --------------  -------------------
/workspaces/hands-on-introduction-data-engineering-4395021/airflow/dags/challenge_dag.py                                                                   0           1  0.10s           2025-07-16T11:18:22
/home/vscode/.local/lib/python3.10/site-packages/airflow/example_dags/example_local_kubernetes_executor.py                                                 0           0  0.10s           2025-07-16T11:18:00
/home/vscode/.local/lib/python3.10/site-packages/airflow/example_dags/example_setup_teardown.py                                                            0           0  0.11s           2025-07-16T11:17:53
/home/vscode/.local/lib/python3.10/site-packages/airflow/example_dags/example_kubernetes_executor.py                                                       0           0  0.10s           2025-07-16T11:18:12
/home/vscode/.local/lib/python3.10/site-packages/airflow/example_dags/example_setup_teardown_taskflow.py                                                   0           0  0.10s           2025-07-16T11:17:58
/home/vscode/.local/lib/python3.10/site-packages/airflow/example_dags/plugins/event_listener.py                                                            0           0  0.10s           2025-07-16T11:18:24
/home/vscode/.local/lib/python3.10/site-packages/airflow/example_dags/plugins/listener_plugin.py                                                           0           0  0.10s           2025-07-16T11:18:04
/home/vscode/.local/lib/python3.10/site-packages/airflow/example_dags/plugins/workday.py                                                                   0           0  0.10s           2025-07-16T11:18:05
/home/vscode/.local/lib/python3.10/site-packages/airflow/example_dags/subdags/subdag.py                                                                    0           0  0.10s           2025-07-16T11:18:23
/home/vscode/.local/lib/python3.10/site-packages/airflow/example_dags/example_bash_operator.py                                                             1           0  0.10s           2025-07-16T11:18:15
/home/vscode/.local/lib/python3.10/site-packages/airflow/example_dags/example_task_group_decorator.py                                                      1           0  0.10s           2025-07-16T11:17:52
/home/vscode/.local/lib/python3.10/site-packages/airflow/example_dags/example_sensor_decorator.py                                                          1           0  0.10s           2025-07-16T11:17:42
/home/vscode/.local/lib/python3.10/site-packages/airflow/example_dags/example_sensors.py                                                                   1           0  0.10s           2025-07-16T11:17:43
/home/vscode/.local/lib/python3.10/site-packages/airflow/example_dags/example_branch_operator.py                                                           1           0  0.10s           2025-07-16T11:18:16
/home/vscode/.local/lib/python3.10/site-packages/airflow/example_dags/example_dynamic_task_mapping.py                                                      1           0  0.10s           2025-07-16T11:17:59
/home/vscode/.local/lib/python3.10/site-packages/airflow/example_dags/example_params_ui_tutorial.py                                                        1           0  0.10s           2025-07-16T11:17:44
/home/vscode/.local/lib/python3.10/site-packages/airflow/example_dags/tutorial_dag.py                                                                      1           0  0.10s           2025-07-16T11:18:06
/home/vscode/.local/lib/python3.10/site-packages/airflow/example_dags/example_short_circuit_operator.py                                                    1           0  0.10s           2025-07-16T11:18:09
/home/vscode/.local/lib/python3.10/site-packages/airflow/example_dags/example_complex.py                                                                   1           0  0.10s           2025-07-16T11:18:17
/home/vscode/.local/lib/python3.10/site-packages/airflow/example_dags/example_sla_dag.py                                                                   1           0  0.10s           2025-07-16T11:18:25
/home/vscode/.local/lib/python3.10/site-packages/airflow/example_dags/tutorial_taskflow_api_virtualenv.py                                                  1           0  0.10s           2025-07-16T11:18:08
/home/vscode/.local/lib/python3.10/site-packages/airflow/example_dags/example_xcom.py                                                                      1           0  0.10s           2025-07-16T11:18:26
/home/vscode/.local/lib/python3.10/site-packages/airflow/example_dags/example_params_trigger_ui.py                                                         1           0  0.10s           2025-07-16T11:17:54
/home/vscode/.local/lib/python3.10/site-packages/airflow/example_dags/example_trigger_target_dag.py                                                        1           0  0.10s           2025-07-16T11:18:27
/home/vscode/.local/lib/python3.10/site-packages/airflow/example_dags/example_branch_python_dop_operator_3.py                                              1           0  0.10s           2025-07-16T11:18:18
/home/vscode/.local/lib/python3.10/site-packages/airflow/example_dags/example_latest_only.py                                                               1           0  0.10s           2025-07-16T11:18:10
/home/vscode/.local/lib/python3.10/site-packages/airflow/example_dags/example_skip_dag.py                                                                  1           0  0.10s           2025-07-16T11:18:28
/home/vscode/.local/lib/python3.10/site-packages/airflow/example_dags/example_python_operator.py                                                           1           0  0.11s           2025-07-16T11:17:55
/home/vscode/.local/lib/python3.10/site-packages/airflow/example_dags/example_branch_day_of_week_operator.py                                               1           0  0.10s           2025-07-16T11:18:19
/home/vscode/.local/lib/python3.10/site-packages/airflow/example_dags/example_nested_branch_dag.py                                                         1           0  0.10s           2025-07-16T11:18:13
/home/vscode/.local/lib/python3.10/site-packages/airflow/example_dags/example_dynamic_task_mapping_with_no_taskflow_operators.py                           1           0  0.10s           2025-07-16T11:18:13
/home/vscode/.local/lib/python3.10/site-packages/airflow/example_dags/tutorial.py                                                                          1           0  0.10s           2025-07-16T11:18:23
/home/vscode/.local/lib/python3.10/site-packages/airflow/example_dags/tutorial_taskflow_api.py                                                             1           0  0.10s           2025-07-16T11:18:23
/home/vscode/.local/lib/python3.10/site-packages/airflow/example_dags/example_trigger_controller_dag.py                                                    1           0  0.10s           2025-07-16T11:18:29
/home/vscode/.local/lib/python3.10/site-packages/airflow/example_dags/example_branch_labels.py                                                             1           0  0.10s           2025-07-16T11:17:45
/home/vscode/.local/lib/python3.10/site-packages/airflow/example_dags/example_latest_only_with_trigger.py                                                  1           0  0.10s           2025-07-16T11:18:14
/home/vscode/.local/lib/python3.10/site-packages/airflow/example_dags/example_passing_params_via_test_command.py                                           1           0  0.10s           2025-07-16T11:17:56
/home/vscode/.local/lib/python3.10/site-packages/airflow/example_dags/example_short_circuit_decorator.py                                                   1           0  0.10s           2025-07-16T11:17:58
/home/vscode/.local/lib/python3.10/site-packages/airflow/example_dags/example_time_delta_sensor_async.py                                                   1           0  0.10s           2025-07-16T11:18:30
/home/vscode/.local/lib/python3.10/site-packages/airflow/example_dags/example_dag_decorator.py                                                             1           0  0.20s           2025-07-16T11:17:46
/home/vscode/.local/lib/python3.10/site-packages/airflow/example_dags/example_task_group.py                                                                1           0  0.10s           2025-07-16T11:17:42
/home/vscode/.local/lib/python3.10/site-packages/airflow/example_dags/example_branch_operator_decorator.py                                                 1           0  0.10s           2025-07-16T11:18:03
/home/vscode/.local/lib/python3.10/site-packages/airflow/example_dags/example_external_task_marker_dag.py                                                  2           0  0.10s           2025-07-16T11:18:01
/home/vscode/.local/lib/python3.10/site-packages/airflow/example_dags/example_xcomargs.py                                                                  2           0  0.10s           2025-07-16T11:18:08
/home/vscode/.local/lib/python3.10/site-packages/airflow/example_dags/example_subdag_operator.py                                                           3           0  0.10s           2025-07-16T11:17:53
/home/vscode/.local/lib/python3.10/site-packages/airflow/example_dags/example_branch_datetime_operator.py                                                  3           0  0.10s           2025-07-16T11:18:21
/home/vscode/.local/lib/python3.10/site-packages/airflow/example_dags/example_datasets.py                                                                  6           0  0.10s           2025-07-16T11:18:02
================================================================================
[2025-07-16T11:18:32.679+0000] {manager.py:758} INFO - Searching for files in /workspaces/hands-on-introduction-data-engineering-4395021/airflow/dags
[2025-07-16T11:18:32.689+0000] {manager.py:761} INFO - There are 47 files in /workspaces/hands-on-introduction-data-engineering-4395021/airflow/dags
[2025-07-16T11:18:35.261+0000] {manager.py:758} INFO - Searching for files in /workspaces/hands-on-introduction-data-engineering-4395021/airflow/dags
[2025-07-16T11:18:35.271+0000] {manager.py:761} INFO - There are 47 files in /workspaces/hands-on-introduction-data-engineering-4395021/airflow/dags
[2025-07-16T11:18:37.649+0000] {manager.py:758} INFO - Searching for files in /workspaces/hands-on-introduction-data-engineering-4395021/airflow/dags
[2025-07-16T11:18:37.659+0000] {manager.py:761} INFO - There are 47 files in /workspaces/hands-on-introduction-data-engineering-4395021/airflow/dags
[2025-07-16T11:18:40.400+0000] {manager.py:758} INFO - Searching for files in /workspaces/hands-on-introduction-data-engineering-4395021/airflow/dags
[2025-07-16T11:18:40.409+0000] {manager.py:761} INFO - There are 47 files in /workspaces/hands-on-introduction-data-engineering-4395021/airflow/dags
[2025-07-16T11:18:42.788+0000] {manager.py:758} INFO - Searching for files in /workspaces/hands-on-introduction-data-engineering-4395021/airflow/dags
[2025-07-16T11:18:42.798+0000] {manager.py:761} INFO - There are 47 files in /workspaces/hands-on-introduction-data-engineering-4395021/airflow/dags
[2025-07-16T11:18:45.542+0000] {manager.py:758} INFO - Searching for files in /workspaces/hands-on-introduction-data-engineering-4395021/airflow/dags
[2025-07-16T11:18:45.552+0000] {manager.py:761} INFO - There are 47 files in /workspaces/hands-on-introduction-data-engineering-4395021/airflow/dags
[2025-07-16T11:18:47.842+0000] {manager.py:758} INFO - Searching for files in /workspaces/hands-on-introduction-data-engineering-4395021/airflow/dags
[2025-07-16T11:18:47.851+0000] {manager.py:761} INFO - There are 47 files in /workspaces/hands-on-introduction-data-engineering-4395021/airflow/dags
[2025-07-16T11:18:50.685+0000] {manager.py:758} INFO - Searching for files in /workspaces/hands-on-introduction-data-engineering-4395021/airflow/dags
[2025-07-16T11:18:50.694+0000] {manager.py:761} INFO - There are 47 files in /workspaces/hands-on-introduction-data-engineering-4395021/airflow/dags
[2025-07-16T11:18:52.975+0000] {manager.py:758} INFO - Searching for files in /workspaces/hands-on-introduction-data-engineering-4395021/airflow/dags
[2025-07-16T11:18:52.984+0000] {manager.py:761} INFO - There are 47 files in /workspaces/hands-on-introduction-data-engineering-4395021/airflow/dags
[2025-07-16T11:18:55.828+0000] {manager.py:758} INFO - Searching for files in /workspaces/hands-on-introduction-data-engineering-4395021/airflow/dags
[2025-07-16T11:18:55.838+0000] {manager.py:761} INFO - There are 47 files in /workspaces/hands-on-introduction-data-engineering-4395021/airflow/dags
[2025-07-16T11:18:58.118+0000] {manager.py:758} INFO - Searching for files in /workspaces/hands-on-introduction-data-engineering-4395021/airflow/dags
[2025-07-16T11:18:58.127+0000] {manager.py:761} INFO - There are 47 files in /workspaces/hands-on-introduction-data-engineering-4395021/airflow/dags
[2025-07-16T11:19:00.701+0000] {manager.py:758} INFO - Searching for files in /workspaces/hands-on-introduction-data-engineering-4395021/airflow/dags
[2025-07-16T11:19:00.710+0000] {manager.py:761} INFO - There are 47 files in /workspaces/hands-on-introduction-data-engineering-4395021/airflow/dags
[2025-07-16T11:19:00.826+0000] {manager.py:889} INFO - 
================================================================================
DAG File Processing Stats

File Path                                                                                                                         PID    Runtime      # DAGs    # Errors  Last Runtime    Last Run
--------------------------------------------------------------------------------------------------------------------------------  -----  ---------  --------  ----------  --------------  -------------------
/workspaces/hands-on-introduction-data-engineering-4395021/airflow/dags/challenge_dag.py                                                                   0           1  0.10s           2025-07-16T11:18:22
/home/vscode/.local/lib/python3.10/site-packages/airflow/example_dags/example_local_kubernetes_executor.py                                                 0           0  0.10s           2025-07-16T11:18:47
/home/vscode/.local/lib/python3.10/site-packages/airflow/example_dags/example_setup_teardown.py                                                            0           0  0.10s           2025-07-16T11:18:40
/home/vscode/.local/lib/python3.10/site-packages/airflow/example_dags/example_kubernetes_executor.py                                                       0           0  0.10s           2025-07-16T11:18:57
/home/vscode/.local/lib/python3.10/site-packages/airflow/example_dags/example_setup_teardown_taskflow.py                                                   0           0  0.10s           2025-07-16T11:18:45
/home/vscode/.local/lib/python3.10/site-packages/airflow/example_dags/plugins/event_listener.py                                                            0           0  0.10s           2025-07-16T11:18:24
/home/vscode/.local/lib/python3.10/site-packages/airflow/example_dags/plugins/listener_plugin.py                                                           0           0  0.10s           2025-07-16T11:18:36
/home/vscode/.local/lib/python3.10/site-packages/airflow/example_dags/plugins/workday.py                                                                   0           0  0.10s           2025-07-16T11:18:37
/home/vscode/.local/lib/python3.10/site-packages/airflow/example_dags/subdags/subdag.py                                                                    0           0  0.10s           2025-07-16T11:18:23
/home/vscode/.local/lib/python3.10/site-packages/airflow/example_dags/example_bash_operator.py                                                             1           0  0.10s           2025-07-16T11:19:00
/home/vscode/.local/lib/python3.10/site-packages/airflow/example_dags/example_task_group_decorator.py                                                      1           0  0.10s           2025-07-16T11:18:38
/home/vscode/.local/lib/python3.10/site-packages/airflow/example_dags/example_sensor_decorator.py                                                          1           0  0.10s           2025-07-16T11:18:31
/home/vscode/.local/lib/python3.10/site-packages/airflow/example_dags/example_sensors.py                                                                   1           0  0.10s           2025-07-16T11:18:32
/home/vscode/.local/lib/python3.10/site-packages/airflow/example_dags/example_branch_operator.py                                                           1           0  0.10s           2025-07-16T11:18:16
/home/vscode/.local/lib/python3.10/site-packages/airflow/example_dags/example_dynamic_task_mapping.py                                                      1           0  0.11s           2025-07-16T11:18:46
/home/vscode/.local/lib/python3.10/site-packages/airflow/example_dags/example_params_ui_tutorial.py                                                        1           0  0.11s           2025-07-16T11:18:33
/home/vscode/.local/lib/python3.10/site-packages/airflow/example_dags/tutorial_dag.py                                                                      1           0  0.10s           2025-07-16T11:18:51
/home/vscode/.local/lib/python3.10/site-packages/airflow/example_dags/example_short_circuit_operator.py                                                    1           0  0.10s           2025-07-16T11:18:54
/home/vscode/.local/lib/python3.10/site-packages/airflow/example_dags/example_complex.py                                                                   1           0  0.10s           2025-07-16T11:18:17
/home/vscode/.local/lib/python3.10/site-packages/airflow/example_dags/example_sla_dag.py                                                                   1           0  0.10s           2025-07-16T11:18:25
/home/vscode/.local/lib/python3.10/site-packages/airflow/example_dags/tutorial_taskflow_api_virtualenv.py                                                  1           0  0.10s           2025-07-16T11:18:53
/home/vscode/.local/lib/python3.10/site-packages/airflow/example_dags/example_xcom.py                                                                      1           0  0.10s           2025-07-16T11:18:26
/home/vscode/.local/lib/python3.10/site-packages/airflow/example_dags/example_params_trigger_ui.py                                                         1           0  0.21s           2025-07-16T11:18:41
/home/vscode/.local/lib/python3.10/site-packages/airflow/example_dags/example_trigger_target_dag.py                                                        1           0  0.10s           2025-07-16T11:18:27
/home/vscode/.local/lib/python3.10/site-packages/airflow/example_dags/example_branch_python_dop_operator_3.py                                              1           0  0.10s           2025-07-16T11:18:18
/home/vscode/.local/lib/python3.10/site-packages/airflow/example_dags/example_latest_only.py                                                               1           0  0.10s           2025-07-16T11:18:55
/home/vscode/.local/lib/python3.10/site-packages/airflow/example_dags/example_skip_dag.py                                                                  1           0  0.10s           2025-07-16T11:18:28
/home/vscode/.local/lib/python3.10/site-packages/airflow/example_dags/example_python_operator.py                                                           1           0  0.10s           2025-07-16T11:18:42
/home/vscode/.local/lib/python3.10/site-packages/airflow/example_dags/example_branch_day_of_week_operator.py                                               1           0  0.10s           2025-07-16T11:18:19
/home/vscode/.local/lib/python3.10/site-packages/airflow/example_dags/example_nested_branch_dag.py                                                         1           0  0.10s           2025-07-16T11:18:58
/home/vscode/.local/lib/python3.10/site-packages/airflow/example_dags/example_dynamic_task_mapping_with_no_taskflow_operators.py                           1           0  0.10s           2025-07-16T11:18:59
/home/vscode/.local/lib/python3.10/site-packages/airflow/example_dags/tutorial.py                                                                          1           0  0.10s           2025-07-16T11:18:23
/home/vscode/.local/lib/python3.10/site-packages/airflow/example_dags/tutorial_taskflow_api.py                                                             1           0  0.10s           2025-07-16T11:18:23
/home/vscode/.local/lib/python3.10/site-packages/airflow/example_dags/example_trigger_controller_dag.py                                                    1           0  0.10s           2025-07-16T11:18:29
/home/vscode/.local/lib/python3.10/site-packages/airflow/example_dags/example_branch_labels.py                                                             1           0  0.10s           2025-07-16T11:18:34
/home/vscode/.local/lib/python3.10/site-packages/airflow/example_dags/example_latest_only_with_trigger.py                                                  1           0  0.10s           2025-07-16T11:18:59
/home/vscode/.local/lib/python3.10/site-packages/airflow/example_dags/example_passing_params_via_test_command.py                                           1           0  0.10s           2025-07-16T11:18:44
/home/vscode/.local/lib/python3.10/site-packages/airflow/example_dags/example_short_circuit_decorator.py                                                   1           0  0.11s           2025-07-16T11:18:44
/home/vscode/.local/lib/python3.10/site-packages/airflow/example_dags/example_time_delta_sensor_async.py                                                   1           0  0.10s           2025-07-16T11:18:30
/home/vscode/.local/lib/python3.10/site-packages/airflow/example_dags/example_dag_decorator.py                                                             1           0  0.20s           2025-07-16T11:18:35
/home/vscode/.local/lib/python3.10/site-packages/airflow/example_dags/example_task_group.py                                                                1           0  0.10s           2025-07-16T11:18:30
/home/vscode/.local/lib/python3.10/site-packages/airflow/example_dags/example_branch_operator_decorator.py                                                 1           0  0.10s           2025-07-16T11:18:50
/home/vscode/.local/lib/python3.10/site-packages/airflow/example_dags/example_external_task_marker_dag.py                                                  2           0  0.10s           2025-07-16T11:18:49
/home/vscode/.local/lib/python3.10/site-packages/airflow/example_dags/example_xcomargs.py                                                                  2           0  0.10s           2025-07-16T11:18:54
/home/vscode/.local/lib/python3.10/site-packages/airflow/example_dags/example_subdag_operator.py                                                           3           0  0.10s           2025-07-16T11:18:39
/home/vscode/.local/lib/python3.10/site-packages/airflow/example_dags/example_branch_datetime_operator.py                                                  3           0  0.10s           2025-07-16T11:18:21
/home/vscode/.local/lib/python3.10/site-packages/airflow/example_dags/example_datasets.py                                                                  6           0  0.11s           2025-07-16T11:18:49
================================================================================
[2025-07-16T11:19:02.992+0000] {manager.py:758} INFO - Searching for files in /workspaces/hands-on-introduction-data-engineering-4395021/airflow/dags
[2025-07-16T11:19:03.002+0000] {manager.py:761} INFO - There are 47 files in /workspaces/hands-on-introduction-data-engineering-4395021/airflow/dags
[2025-07-16T11:19:06.112+0000] {manager.py:758} INFO - Searching for files in /workspaces/hands-on-introduction-data-engineering-4395021/airflow/dags
[2025-07-16T11:19:06.121+0000] {manager.py:761} INFO - There are 47 files in /workspaces/hands-on-introduction-data-engineering-4395021/airflow/dags
[2025-07-16T11:19:08.415+0000] {manager.py:758} INFO - Searching for files in /workspaces/hands-on-introduction-data-engineering-4395021/airflow/dags
[2025-07-16T11:19:08.424+0000] {manager.py:761} INFO - There are 47 files in /workspaces/hands-on-introduction-data-engineering-4395021/airflow/dags
[2025-07-16T11:19:11.254+0000] {manager.py:758} INFO - Searching for files in /workspaces/hands-on-introduction-data-engineering-4395021/airflow/dags
[2025-07-16T11:19:11.264+0000] {manager.py:761} INFO - There are 47 files in /workspaces/hands-on-introduction-data-engineering-4395021/airflow/dags
[2025-07-16T11:19:13.542+0000] {manager.py:758} INFO - Searching for files in /workspaces/hands-on-introduction-data-engineering-4395021/airflow/dags
[2025-07-16T11:19:13.551+0000] {manager.py:761} INFO - There are 47 files in /workspaces/hands-on-introduction-data-engineering-4395021/airflow/dags
[2025-07-16T11:19:15.856+0000] {manager.py:758} INFO - Searching for files in /workspaces/hands-on-introduction-data-engineering-4395021/airflow/dags
[2025-07-16T11:19:15.865+0000] {manager.py:761} INFO - There are 47 files in /workspaces/hands-on-introduction-data-engineering-4395021/airflow/dags
[2025-07-16T11:19:18.145+0000] {manager.py:758} INFO - Searching for files in /workspaces/hands-on-introduction-data-engineering-4395021/airflow/dags
[2025-07-16T11:19:18.155+0000] {manager.py:761} INFO - There are 47 files in /workspaces/hands-on-introduction-data-engineering-4395021/airflow/dags
[2025-07-16T11:19:20.397+0000] {manager.py:758} INFO - Searching for files in /workspaces/hands-on-introduction-data-engineering-4395021/airflow/dags
[2025-07-16T11:19:20.406+0000] {manager.py:761} INFO - There are 47 files in /workspaces/hands-on-introduction-data-engineering-4395021/airflow/dags
[2025-07-16T11:19:22.694+0000] {manager.py:758} INFO - Searching for files in /workspaces/hands-on-introduction-data-engineering-4395021/airflow/dags
[2025-07-16T11:19:22.704+0000] {manager.py:761} INFO - There are 47 files in /workspaces/hands-on-introduction-data-engineering-4395021/airflow/dags
[2025-07-16T11:19:25.530+0000] {manager.py:758} INFO - Searching for files in /workspaces/hands-on-introduction-data-engineering-4395021/airflow/dags
[2025-07-16T11:19:25.539+0000] {manager.py:761} INFO - There are 47 files in /workspaces/hands-on-introduction-data-engineering-4395021/airflow/dags
[2025-07-16T11:19:27.831+0000] {manager.py:758} INFO - Searching for files in /workspaces/hands-on-introduction-data-engineering-4395021/airflow/dags
[2025-07-16T11:19:27.841+0000] {manager.py:761} INFO - There are 47 files in /workspaces/hands-on-introduction-data-engineering-4395021/airflow/dags
[2025-07-16T11:19:30.118+0000] {manager.py:758} INFO - Searching for files in /workspaces/hands-on-introduction-data-engineering-4395021/airflow/dags
[2025-07-16T11:19:30.128+0000] {manager.py:761} INFO - There are 47 files in /workspaces/hands-on-introduction-data-engineering-4395021/airflow/dags
[2025-07-16T11:19:31.117+0000] {manager.py:889} INFO - 
================================================================================
DAG File Processing Stats

File Path                                                                                                                         PID    Runtime      # DAGs    # Errors  Last Runtime    Last Run
--------------------------------------------------------------------------------------------------------------------------------  -----  ---------  --------  ----------  --------------  -------------------
/workspaces/hands-on-introduction-data-engineering-4395021/airflow/dags/challenge_dag.py                                                                   0           1  0.10s           2025-07-16T11:19:07
/home/vscode/.local/lib/python3.10/site-packages/airflow/example_dags/example_local_kubernetes_executor.py                                                 0           0  0.10s           2025-07-16T11:18:47
/home/vscode/.local/lib/python3.10/site-packages/airflow/example_dags/example_setup_teardown.py                                                            0           0  0.10s           2025-07-16T11:18:40
/home/vscode/.local/lib/python3.10/site-packages/airflow/example_dags/example_kubernetes_executor.py                                                       0           0  0.10s           2025-07-16T11:18:57
/home/vscode/.local/lib/python3.10/site-packages/airflow/example_dags/example_setup_teardown_taskflow.py                                                   0           0  0.10s           2025-07-16T11:18:45
/home/vscode/.local/lib/python3.10/site-packages/airflow/example_dags/plugins/event_listener.py                                                            0           0  0.10s           2025-07-16T11:19:12
/home/vscode/.local/lib/python3.10/site-packages/airflow/example_dags/plugins/listener_plugin.py                                                           0           0  0.10s           2025-07-16T11:19:08
/home/vscode/.local/lib/python3.10/site-packages/airflow/example_dags/plugins/workday.py                                                                   0           0  0.10s           2025-07-16T11:19:25
/home/vscode/.local/lib/python3.10/site-packages/airflow/example_dags/subdags/subdag.py                                                                    0           0  0.10s           2025-07-16T11:19:09
/home/vscode/.local/lib/python3.10/site-packages/airflow/example_dags/example_bash_operator.py                                                             1           0  0.10s           2025-07-16T11:19:00
/home/vscode/.local/lib/python3.10/site-packages/airflow/example_dags/example_task_group_decorator.py                                                      1           0  0.10s           2025-07-16T11:19:30
/home/vscode/.local/lib/python3.10/site-packages/airflow/example_dags/example_sensor_decorator.py                                                          1           0  0.10s           2025-07-16T11:19:20
/home/vscode/.local/lib/python3.10/site-packages/airflow/example_dags/example_sensors.py                                                                   1           0  0.10s           2025-07-16T11:19:21
/home/vscode/.local/lib/python3.10/site-packages/airflow/example_dags/example_branch_operator.py                                                           1           0  0.10s           2025-07-16T11:19:01
/home/vscode/.local/lib/python3.10/site-packages/airflow/example_dags/example_dynamic_task_mapping.py                                                      1           0  0.11s           2025-07-16T11:18:46
/home/vscode/.local/lib/python3.10/site-packages/airflow/example_dags/example_params_ui_tutorial.py                                                        1           0  0.10s           2025-07-16T11:19:22
/home/vscode/.local/lib/python3.10/site-packages/airflow/example_dags/tutorial_dag.py                                                                      1           0  0.10s           2025-07-16T11:19:26
/home/vscode/.local/lib/python3.10/site-packages/airflow/example_dags/example_short_circuit_operator.py                                                    1           0  0.10s           2025-07-16T11:19:31
/home/vscode/.local/lib/python3.10/site-packages/airflow/example_dags/example_complex.py                                                                   1           0  0.10s           2025-07-16T11:19:03
/home/vscode/.local/lib/python3.10/site-packages/airflow/example_dags/example_sla_dag.py                                                                   1           0  0.10s           2025-07-16T11:19:13
/home/vscode/.local/lib/python3.10/site-packages/airflow/example_dags/tutorial_taskflow_api_virtualenv.py                                                  1           0  0.10s           2025-07-16T11:19:27
/home/vscode/.local/lib/python3.10/site-packages/airflow/example_dags/example_xcom.py                                                                      1           0  0.10s           2025-07-16T11:19:14
/home/vscode/.local/lib/python3.10/site-packages/airflow/example_dags/example_params_trigger_ui.py                                                         1           0  0.21s           2025-07-16T11:18:41
/home/vscode/.local/lib/python3.10/site-packages/airflow/example_dags/example_trigger_target_dag.py                                                        1           0  0.10s           2025-07-16T11:19:15
/home/vscode/.local/lib/python3.10/site-packages/airflow/example_dags/example_branch_python_dop_operator_3.py                                              1           0  0.10s           2025-07-16T11:19:04
/home/vscode/.local/lib/python3.10/site-packages/airflow/example_dags/example_latest_only.py                                                               1           0  0.10s           2025-07-16T11:18:55
/home/vscode/.local/lib/python3.10/site-packages/airflow/example_dags/example_skip_dag.py                                                                  1           0  0.10s           2025-07-16T11:19:15
/home/vscode/.local/lib/python3.10/site-packages/airflow/example_dags/example_python_operator.py                                                           1           0  0.10s           2025-07-16T11:18:42
/home/vscode/.local/lib/python3.10/site-packages/airflow/example_dags/example_branch_day_of_week_operator.py                                               1           0  0.10s           2025-07-16T11:19:05
/home/vscode/.local/lib/python3.10/site-packages/airflow/example_dags/example_nested_branch_dag.py                                                         1           0  0.10s           2025-07-16T11:18:58
/home/vscode/.local/lib/python3.10/site-packages/airflow/example_dags/example_dynamic_task_mapping_with_no_taskflow_operators.py                           1           0  0.10s           2025-07-16T11:18:59
/home/vscode/.local/lib/python3.10/site-packages/airflow/example_dags/tutorial.py                                                                          1           0  0.10s           2025-07-16T11:19:10
/home/vscode/.local/lib/python3.10/site-packages/airflow/example_dags/tutorial_taskflow_api.py                                                             1           0  0.10s           2025-07-16T11:19:11
/home/vscode/.local/lib/python3.10/site-packages/airflow/example_dags/example_trigger_controller_dag.py                                                    1           0  0.10s           2025-07-16T11:19:17
/home/vscode/.local/lib/python3.10/site-packages/airflow/example_dags/example_branch_labels.py                                                             1           0  0.10s           2025-07-16T11:19:23
/home/vscode/.local/lib/python3.10/site-packages/airflow/example_dags/example_latest_only_with_trigger.py                                                  1           0  0.10s           2025-07-16T11:18:59
/home/vscode/.local/lib/python3.10/site-packages/airflow/example_dags/example_passing_params_via_test_command.py                                           1           0  0.10s           2025-07-16T11:18:44
/home/vscode/.local/lib/python3.10/site-packages/airflow/example_dags/example_short_circuit_decorator.py                                                   1           0  0.11s           2025-07-16T11:18:44
/home/vscode/.local/lib/python3.10/site-packages/airflow/example_dags/example_time_delta_sensor_async.py                                                   1           0  0.10s           2025-07-16T11:19:18
/home/vscode/.local/lib/python3.10/site-packages/airflow/example_dags/example_dag_decorator.py                                                             1           0  0.21s           2025-07-16T11:19:24
/home/vscode/.local/lib/python3.10/site-packages/airflow/example_dags/example_task_group.py                                                                1           0  0.10s           2025-07-16T11:19:19
/home/vscode/.local/lib/python3.10/site-packages/airflow/example_dags/example_branch_operator_decorator.py                                                 1           0  0.10s           2025-07-16T11:18:50
/home/vscode/.local/lib/python3.10/site-packages/airflow/example_dags/example_external_task_marker_dag.py                                                  2           0  0.10s           2025-07-16T11:18:49
/home/vscode/.local/lib/python3.10/site-packages/airflow/example_dags/example_xcomargs.py                                                                  2           0  0.10s           2025-07-16T11:19:29
/home/vscode/.local/lib/python3.10/site-packages/airflow/example_dags/example_subdag_operator.py                                                           3           0  0.10s           2025-07-16T11:19:30
/home/vscode/.local/lib/python3.10/site-packages/airflow/example_dags/example_branch_datetime_operator.py                                                  3           0  0.10s           2025-07-16T11:19:06
/home/vscode/.local/lib/python3.10/site-packages/airflow/example_dags/example_datasets.py                                                                  6           0  0.11s           2025-07-16T11:18:49
================================================================================
[2025-07-16T11:19:32.148+0000] {manager.py:758} INFO - Searching for files in /workspaces/hands-on-introduction-data-engineering-4395021/airflow/dags
[2025-07-16T11:19:32.157+0000] {manager.py:761} INFO - There are 47 files in /workspaces/hands-on-introduction-data-engineering-4395021/airflow/dags
[2025-07-16T11:19:34.542+0000] {manager.py:758} INFO - Searching for files in /workspaces/hands-on-introduction-data-engineering-4395021/airflow/dags
[2025-07-16T11:19:34.552+0000] {manager.py:761} INFO - There are 47 files in /workspaces/hands-on-introduction-data-engineering-4395021/airflow/dags
[2025-07-16T11:19:36.839+0000] {manager.py:758} INFO - Searching for files in /workspaces/hands-on-introduction-data-engineering-4395021/airflow/dags
[2025-07-16T11:19:36.848+0000] {manager.py:761} INFO - There are 47 files in /workspaces/hands-on-introduction-data-engineering-4395021/airflow/dags
[2025-07-16T11:19:39.129+0000] {manager.py:758} INFO - Searching for files in /workspaces/hands-on-introduction-data-engineering-4395021/airflow/dags
[2025-07-16T11:19:39.138+0000] {manager.py:761} INFO - There are 47 files in /workspaces/hands-on-introduction-data-engineering-4395021/airflow/dags
[2025-07-16T11:19:41.980+0000] {manager.py:758} INFO - Searching for files in /workspaces/hands-on-introduction-data-engineering-4395021/airflow/dags
[2025-07-16T11:19:41.989+0000] {manager.py:761} INFO - There are 47 files in /workspaces/hands-on-introduction-data-engineering-4395021/airflow/dags
[2025-07-16T11:19:44.268+0000] {manager.py:758} INFO - Searching for files in /workspaces/hands-on-introduction-data-engineering-4395021/airflow/dags
[2025-07-16T11:19:44.278+0000] {manager.py:761} INFO - There are 47 files in /workspaces/hands-on-introduction-data-engineering-4395021/airflow/dags
[2025-07-16T11:19:47.283+0000] {manager.py:758} INFO - Searching for files in /workspaces/hands-on-introduction-data-engineering-4395021/airflow/dags
[2025-07-16T11:19:47.292+0000] {manager.py:761} INFO - There are 47 files in /workspaces/hands-on-introduction-data-engineering-4395021/airflow/dags
[2025-07-16T11:19:49.570+0000] {manager.py:758} INFO - Searching for files in /workspaces/hands-on-introduction-data-engineering-4395021/airflow/dags
[2025-07-16T11:19:49.580+0000] {manager.py:761} INFO - There are 47 files in /workspaces/hands-on-introduction-data-engineering-4395021/airflow/dags
[2025-07-16T11:19:52.261+0000] {manager.py:758} INFO - Searching for files in /workspaces/hands-on-introduction-data-engineering-4395021/airflow/dags
[2025-07-16T11:19:52.271+0000] {manager.py:761} INFO - There are 47 files in /workspaces/hands-on-introduction-data-engineering-4395021/airflow/dags
[2025-07-16T11:19:54.630+0000] {manager.py:758} INFO - Searching for files in /workspaces/hands-on-introduction-data-engineering-4395021/airflow/dags
[2025-07-16T11:19:54.665+0000] {manager.py:761} INFO - There are 47 files in /workspaces/hands-on-introduction-data-engineering-4395021/airflow/dags
[2025-07-16T11:19:57.320+0000] {manager.py:758} INFO - Searching for files in /workspaces/hands-on-introduction-data-engineering-4395021/airflow/dags
[2025-07-16T11:19:57.330+0000] {manager.py:761} INFO - There are 47 files in /workspaces/hands-on-introduction-data-engineering-4395021/airflow/dags
[2025-07-16T11:19:59.617+0000] {manager.py:758} INFO - Searching for files in /workspaces/hands-on-introduction-data-engineering-4395021/airflow/dags
[2025-07-16T11:19:59.627+0000] {manager.py:761} INFO - There are 47 files in /workspaces/hands-on-introduction-data-engineering-4395021/airflow/dags
[2025-07-16T11:20:01.392+0000] {manager.py:889} INFO - 
================================================================================
DAG File Processing Stats

File Path                                                                                                                         PID    Runtime      # DAGs    # Errors  Last Runtime    Last Run
--------------------------------------------------------------------------------------------------------------------------------  -----  ---------  --------  ----------  --------------  -------------------
/workspaces/hands-on-introduction-data-engineering-4395021/airflow/dags/challenge_dag.py                                                                   0           1  0.11s           2025-07-16T11:19:44
/home/vscode/.local/lib/python3.10/site-packages/airflow/example_dags/example_local_kubernetes_executor.py                                                 0           0  0.10s           2025-07-16T11:19:40
/home/vscode/.local/lib/python3.10/site-packages/airflow/example_dags/example_setup_teardown.py                                                            0           0  0.10s           2025-07-16T11:19:32
/home/vscode/.local/lib/python3.10/site-packages/airflow/example_dags/example_kubernetes_executor.py                                                       0           0  0.10s           2025-07-16T11:19:50
/home/vscode/.local/lib/python3.10/site-packages/airflow/example_dags/example_setup_teardown_taskflow.py                                                   0           0  0.10s           2025-07-16T11:19:38
/home/vscode/.local/lib/python3.10/site-packages/airflow/example_dags/plugins/event_listener.py                                                            0           0  0.10s           2025-07-16T11:19:47
/home/vscode/.local/lib/python3.10/site-packages/airflow/example_dags/plugins/listener_plugin.py                                                           0           0  0.10s           2025-07-16T11:19:44
/home/vscode/.local/lib/python3.10/site-packages/airflow/example_dags/plugins/workday.py                                                                   0           0  0.10s           2025-07-16T11:20:01
/home/vscode/.local/lib/python3.10/site-packages/airflow/example_dags/subdags/subdag.py                                                                    0           0  0.10s           2025-07-16T11:19:45
/home/vscode/.local/lib/python3.10/site-packages/airflow/example_dags/example_bash_operator.py                                                             1           0  0.41s           2025-07-16T11:19:55
/home/vscode/.local/lib/python3.10/site-packages/airflow/example_dags/example_task_group_decorator.py                                                      1           0  0.10s           2025-07-16T11:19:30
/home/vscode/.local/lib/python3.10/site-packages/airflow/example_dags/example_sensor_decorator.py                                                          1           0  0.10s           2025-07-16T11:19:20
/home/vscode/.local/lib/python3.10/site-packages/airflow/example_dags/example_sensors.py                                                                   1           0  0.10s           2025-07-16T11:19:21
/home/vscode/.local/lib/python3.10/site-packages/airflow/example_dags/example_branch_operator.py                                                           1           0  0.10s           2025-07-16T11:19:56
/home/vscode/.local/lib/python3.10/site-packages/airflow/example_dags/example_dynamic_task_mapping.py                                                      1           0  0.10s           2025-07-16T11:19:39
/home/vscode/.local/lib/python3.10/site-packages/airflow/example_dags/example_params_ui_tutorial.py                                                        1           0  0.10s           2025-07-16T11:19:22
/home/vscode/.local/lib/python3.10/site-packages/airflow/example_dags/tutorial_dag.py                                                                      1           0  0.10s           2025-07-16T11:19:26
/home/vscode/.local/lib/python3.10/site-packages/airflow/example_dags/example_short_circuit_operator.py                                                    1           0  0.10s           2025-07-16T11:19:31
/home/vscode/.local/lib/python3.10/site-packages/airflow/example_dags/example_complex.py                                                                   1           0  0.10s           2025-07-16T11:19:57
/home/vscode/.local/lib/python3.10/site-packages/airflow/example_dags/example_sla_dag.py                                                                   1           0  0.10s           2025-07-16T11:19:48
/home/vscode/.local/lib/python3.10/site-packages/airflow/example_dags/tutorial_taskflow_api_virtualenv.py                                                  1           0  0.10s           2025-07-16T11:19:27
/home/vscode/.local/lib/python3.10/site-packages/airflow/example_dags/example_xcom.py                                                                      1           0  0.10s           2025-07-16T11:19:14
/home/vscode/.local/lib/python3.10/site-packages/airflow/example_dags/example_params_trigger_ui.py                                                         1           0  0.21s           2025-07-16T11:19:33
/home/vscode/.local/lib/python3.10/site-packages/airflow/example_dags/example_trigger_target_dag.py                                                        1           0  0.10s           2025-07-16T11:19:15
/home/vscode/.local/lib/python3.10/site-packages/airflow/example_dags/example_branch_python_dop_operator_3.py                                              1           0  0.10s           2025-07-16T11:19:58
/home/vscode/.local/lib/python3.10/site-packages/airflow/example_dags/example_latest_only.py                                                               1           0  0.10s           2025-07-16T11:19:49
/home/vscode/.local/lib/python3.10/site-packages/airflow/example_dags/example_skip_dag.py                                                                  1           0  0.10s           2025-07-16T11:19:15
/home/vscode/.local/lib/python3.10/site-packages/airflow/example_dags/example_python_operator.py                                                           1           0  0.10s           2025-07-16T11:19:34
/home/vscode/.local/lib/python3.10/site-packages/airflow/example_dags/example_branch_day_of_week_operator.py                                               1           0  0.10s           2025-07-16T11:19:59
/home/vscode/.local/lib/python3.10/site-packages/airflow/example_dags/example_nested_branch_dag.py                                                         1           0  0.10s           2025-07-16T11:19:51
/home/vscode/.local/lib/python3.10/site-packages/airflow/example_dags/example_dynamic_task_mapping_with_no_taskflow_operators.py                           1           0  0.10s           2025-07-16T11:19:52
/home/vscode/.local/lib/python3.10/site-packages/airflow/example_dags/tutorial.py                                                                          1           0  0.10s           2025-07-16T11:19:46
/home/vscode/.local/lib/python3.10/site-packages/airflow/example_dags/tutorial_taskflow_api.py                                                             1           0  0.10s           2025-07-16T11:19:46
/home/vscode/.local/lib/python3.10/site-packages/airflow/example_dags/example_trigger_controller_dag.py                                                    1           0  0.10s           2025-07-16T11:19:17
/home/vscode/.local/lib/python3.10/site-packages/airflow/example_dags/example_branch_labels.py                                                             1           0  0.10s           2025-07-16T11:19:23
/home/vscode/.local/lib/python3.10/site-packages/airflow/example_dags/example_latest_only_with_trigger.py                                                  1           0  0.11s           2025-07-16T11:19:53
/home/vscode/.local/lib/python3.10/site-packages/airflow/example_dags/example_passing_params_via_test_command.py                                           1           0  0.10s           2025-07-16T11:19:35
/home/vscode/.local/lib/python3.10/site-packages/airflow/example_dags/example_short_circuit_decorator.py                                                   1           0  0.10s           2025-07-16T11:19:36
/home/vscode/.local/lib/python3.10/site-packages/airflow/example_dags/example_time_delta_sensor_async.py                                                   1           0  0.10s           2025-07-16T11:19:18
/home/vscode/.local/lib/python3.10/site-packages/airflow/example_dags/example_dag_decorator.py                                                             1           0  0.21s           2025-07-16T11:19:24
/home/vscode/.local/lib/python3.10/site-packages/airflow/example_dags/example_task_group.py                                                                1           0  0.10s           2025-07-16T11:19:19
/home/vscode/.local/lib/python3.10/site-packages/airflow/example_dags/example_branch_operator_decorator.py                                                 1           0  0.10s           2025-07-16T11:19:43
/home/vscode/.local/lib/python3.10/site-packages/airflow/example_dags/example_external_task_marker_dag.py                                                  2           0  0.10s           2025-07-16T11:19:40
/home/vscode/.local/lib/python3.10/site-packages/airflow/example_dags/example_xcomargs.py                                                                  2           0  0.10s           2025-07-16T11:19:29
/home/vscode/.local/lib/python3.10/site-packages/airflow/example_dags/example_subdag_operator.py                                                           3           0  0.10s           2025-07-16T11:19:30
/home/vscode/.local/lib/python3.10/site-packages/airflow/example_dags/example_branch_datetime_operator.py                                                  3           0  0.10s           2025-07-16T11:20:00
/home/vscode/.local/lib/python3.10/site-packages/airflow/example_dags/example_datasets.py                                                                  6           0  0.10s           2025-07-16T11:19:42
================================================================================
[2025-07-16T11:20:02.429+0000] {manager.py:758} INFO - Searching for files in /workspaces/hands-on-introduction-data-engineering-4395021/airflow/dags
[2025-07-16T11:20:02.438+0000] {manager.py:761} INFO - There are 47 files in /workspaces/hands-on-introduction-data-engineering-4395021/airflow/dags
[2025-07-16T11:20:04.716+0000] {manager.py:758} INFO - Searching for files in /workspaces/hands-on-introduction-data-engineering-4395021/airflow/dags
[2025-07-16T11:20:04.725+0000] {manager.py:761} INFO - There are 47 files in /workspaces/hands-on-introduction-data-engineering-4395021/airflow/dags
[2025-07-16T11:20:07.455+0000] {manager.py:758} INFO - Searching for files in /workspaces/hands-on-introduction-data-engineering-4395021/airflow/dags
[2025-07-16T11:20:07.465+0000] {manager.py:761} INFO - There are 47 files in /workspaces/hands-on-introduction-data-engineering-4395021/airflow/dags
[2025-07-16T11:20:09.749+0000] {manager.py:758} INFO - Searching for files in /workspaces/hands-on-introduction-data-engineering-4395021/airflow/dags
[2025-07-16T11:20:09.758+0000] {manager.py:761} INFO - There are 47 files in /workspaces/hands-on-introduction-data-engineering-4395021/airflow/dags
[2025-07-16T11:20:12.603+0000] {manager.py:758} INFO - Searching for files in /workspaces/hands-on-introduction-data-engineering-4395021/airflow/dags
[2025-07-16T11:20:12.620+0000] {manager.py:761} INFO - There are 47 files in /workspaces/hands-on-introduction-data-engineering-4395021/airflow/dags
[2025-07-16T11:20:14.909+0000] {manager.py:758} INFO - Searching for files in /workspaces/hands-on-introduction-data-engineering-4395021/airflow/dags
[2025-07-16T11:20:14.919+0000] {manager.py:761} INFO - There are 47 files in /workspaces/hands-on-introduction-data-engineering-4395021/airflow/dags
[2025-07-16T11:20:17.746+0000] {manager.py:758} INFO - Searching for files in /workspaces/hands-on-introduction-data-engineering-4395021/airflow/dags
[2025-07-16T11:20:17.756+0000] {manager.py:761} INFO - There are 47 files in /workspaces/hands-on-introduction-data-engineering-4395021/airflow/dags
[2025-07-16T11:20:20.136+0000] {manager.py:758} INFO - Searching for files in /workspaces/hands-on-introduction-data-engineering-4395021/airflow/dags
[2025-07-16T11:20:20.146+0000] {manager.py:761} INFO - There are 47 files in /workspaces/hands-on-introduction-data-engineering-4395021/airflow/dags
[2025-07-16T11:20:22.887+0000] {manager.py:758} INFO - Searching for files in /workspaces/hands-on-introduction-data-engineering-4395021/airflow/dags
[2025-07-16T11:20:22.896+0000] {manager.py:761} INFO - There are 47 files in /workspaces/hands-on-introduction-data-engineering-4395021/airflow/dags
[2025-07-16T11:20:25.452+0000] {manager.py:758} INFO - Searching for files in /workspaces/hands-on-introduction-data-engineering-4395021/airflow/dags
[2025-07-16T11:20:25.461+0000] {manager.py:761} INFO - There are 47 files in /workspaces/hands-on-introduction-data-engineering-4395021/airflow/dags
[2025-07-16T11:20:27.973+0000] {manager.py:758} INFO - Searching for files in /workspaces/hands-on-introduction-data-engineering-4395021/airflow/dags
[2025-07-16T11:20:27.983+0000] {manager.py:761} INFO - There are 47 files in /workspaces/hands-on-introduction-data-engineering-4395021/airflow/dags
[2025-07-16T11:20:30.296+0000] {manager.py:758} INFO - Searching for files in /workspaces/hands-on-introduction-data-engineering-4395021/airflow/dags
[2025-07-16T11:20:30.316+0000] {manager.py:761} INFO - There are 47 files in /workspaces/hands-on-introduction-data-engineering-4395021/airflow/dags
[2025-07-16T11:20:31.593+0000] {manager.py:889} INFO - 
================================================================================
DAG File Processing Stats

File Path                                                                                                                         PID    Runtime      # DAGs    # Errors  Last Runtime    Last Run
--------------------------------------------------------------------------------------------------------------------------------  -----  ---------  --------  ----------  --------------  -------------------
/workspaces/hands-on-introduction-data-engineering-4395021/airflow/dags/challenge_dag.py                                                                   0           1  0.11s           2025-07-16T11:20:19
/home/vscode/.local/lib/python3.10/site-packages/airflow/example_dags/example_local_kubernetes_executor.py                                                 0           0  0.10s           2025-07-16T11:19:40
/home/vscode/.local/lib/python3.10/site-packages/airflow/example_dags/example_setup_teardown.py                                                            0           0  0.10s           2025-07-16T11:20:25
/home/vscode/.local/lib/python3.10/site-packages/airflow/example_dags/example_kubernetes_executor.py                                                       0           0  0.10s           2025-07-16T11:19:50
/home/vscode/.local/lib/python3.10/site-packages/airflow/example_dags/example_setup_teardown_taskflow.py                                                   0           0  0.11s           2025-07-16T11:20:30
/home/vscode/.local/lib/python3.10/site-packages/airflow/example_dags/plugins/event_listener.py                                                            0           0  0.11s           2025-07-16T11:20:24
/home/vscode/.local/lib/python3.10/site-packages/airflow/example_dags/plugins/listener_plugin.py                                                           0           0  0.10s           2025-07-16T11:20:20
/home/vscode/.local/lib/python3.10/site-packages/airflow/example_dags/plugins/workday.py                                                                   0           0  0.10s           2025-07-16T11:20:01
/home/vscode/.local/lib/python3.10/site-packages/airflow/example_dags/subdags/subdag.py                                                                    0           0  0.10s           2025-07-16T11:20:21
/home/vscode/.local/lib/python3.10/site-packages/airflow/example_dags/example_bash_operator.py                                                             1           0  0.41s           2025-07-16T11:19:55
/home/vscode/.local/lib/python3.10/site-packages/airflow/example_dags/example_task_group_decorator.py                                                      1           0  0.10s           2025-07-16T11:20:05
/home/vscode/.local/lib/python3.10/site-packages/airflow/example_dags/example_sensor_decorator.py                                                          1           0  0.10s           2025-07-16T11:20:15
/home/vscode/.local/lib/python3.10/site-packages/airflow/example_dags/example_sensors.py                                                                   1           0  0.10s           2025-07-16T11:20:15
/home/vscode/.local/lib/python3.10/site-packages/airflow/example_dags/example_branch_operator.py                                                           1           0  0.10s           2025-07-16T11:19:56
/home/vscode/.local/lib/python3.10/site-packages/airflow/example_dags/example_dynamic_task_mapping.py                                                      1           0  0.11s           2025-07-16T11:20:31
/home/vscode/.local/lib/python3.10/site-packages/airflow/example_dags/example_params_ui_tutorial.py                                                        1           0  0.10s           2025-07-16T11:20:16
/home/vscode/.local/lib/python3.10/site-packages/airflow/example_dags/tutorial_dag.py                                                                      1           0  0.10s           2025-07-16T11:20:02
/home/vscode/.local/lib/python3.10/site-packages/airflow/example_dags/example_short_circuit_operator.py                                                    1           0  0.10s           2025-07-16T11:20:07
/home/vscode/.local/lib/python3.10/site-packages/airflow/example_dags/example_complex.py                                                                   1           0  0.10s           2025-07-16T11:19:57
/home/vscode/.local/lib/python3.10/site-packages/airflow/example_dags/example_sla_dag.py                                                                   1           0  0.10s           2025-07-16T11:20:24
/home/vscode/.local/lib/python3.10/site-packages/airflow/example_dags/tutorial_taskflow_api_virtualenv.py                                                  1           0  0.10s           2025-07-16T11:20:03
/home/vscode/.local/lib/python3.10/site-packages/airflow/example_dags/example_xcom.py                                                                      1           0  0.10s           2025-07-16T11:20:08
/home/vscode/.local/lib/python3.10/site-packages/airflow/example_dags/example_params_trigger_ui.py                                                         1           0  0.10s           2025-07-16T11:20:25
/home/vscode/.local/lib/python3.10/site-packages/airflow/example_dags/example_trigger_target_dag.py                                                        1           0  0.10s           2025-07-16T11:20:09
/home/vscode/.local/lib/python3.10/site-packages/airflow/example_dags/example_branch_python_dop_operator_3.py                                              1           0  0.10s           2025-07-16T11:19:58
/home/vscode/.local/lib/python3.10/site-packages/airflow/example_dags/example_latest_only.py                                                               1           0  0.10s           2025-07-16T11:19:49
/home/vscode/.local/lib/python3.10/site-packages/airflow/example_dags/example_skip_dag.py                                                                  1           0  0.10s           2025-07-16T11:20:11
/home/vscode/.local/lib/python3.10/site-packages/airflow/example_dags/example_python_operator.py                                                           1           0  0.10s           2025-07-16T11:20:26
/home/vscode/.local/lib/python3.10/site-packages/airflow/example_dags/example_branch_day_of_week_operator.py                                               1           0  0.10s           2025-07-16T11:19:59
/home/vscode/.local/lib/python3.10/site-packages/airflow/example_dags/example_nested_branch_dag.py                                                         1           0  0.10s           2025-07-16T11:19:51
/home/vscode/.local/lib/python3.10/site-packages/airflow/example_dags/example_dynamic_task_mapping_with_no_taskflow_operators.py                           1           0  0.10s           2025-07-16T11:19:52
/home/vscode/.local/lib/python3.10/site-packages/airflow/example_dags/tutorial.py                                                                          1           0  0.10s           2025-07-16T11:20:21
/home/vscode/.local/lib/python3.10/site-packages/airflow/example_dags/tutorial_taskflow_api.py                                                             1           0  0.10s           2025-07-16T11:20:23
/home/vscode/.local/lib/python3.10/site-packages/airflow/example_dags/example_trigger_controller_dag.py                                                    1           0  0.11s           2025-07-16T11:20:11
/home/vscode/.local/lib/python3.10/site-packages/airflow/example_dags/example_branch_labels.py                                                             1           0  0.11s           2025-07-16T11:20:16
/home/vscode/.local/lib/python3.10/site-packages/airflow/example_dags/example_latest_only_with_trigger.py                                                  1           0  0.11s           2025-07-16T11:19:53
/home/vscode/.local/lib/python3.10/site-packages/airflow/example_dags/example_passing_params_via_test_command.py                                           1           0  0.11s           2025-07-16T11:20:28
/home/vscode/.local/lib/python3.10/site-packages/airflow/example_dags/example_short_circuit_decorator.py                                                   1           0  0.11s           2025-07-16T11:20:29
/home/vscode/.local/lib/python3.10/site-packages/airflow/example_dags/example_time_delta_sensor_async.py                                                   1           0  0.11s           2025-07-16T11:20:12
/home/vscode/.local/lib/python3.10/site-packages/airflow/example_dags/example_dag_decorator.py                                                             1           0  0.20s           2025-07-16T11:20:17
/home/vscode/.local/lib/python3.10/site-packages/airflow/example_dags/example_task_group.py                                                                1           0  0.10s           2025-07-16T11:20:13
/home/vscode/.local/lib/python3.10/site-packages/airflow/example_dags/example_branch_operator_decorator.py                                                 1           0  0.10s           2025-07-16T11:19:43
/home/vscode/.local/lib/python3.10/site-packages/airflow/example_dags/example_external_task_marker_dag.py                                                  2           0  0.10s           2025-07-16T11:19:40
/home/vscode/.local/lib/python3.10/site-packages/airflow/example_dags/example_xcomargs.py                                                                  2           0  0.10s           2025-07-16T11:20:04
/home/vscode/.local/lib/python3.10/site-packages/airflow/example_dags/example_subdag_operator.py                                                           3           0  0.11s           2025-07-16T11:20:06
/home/vscode/.local/lib/python3.10/site-packages/airflow/example_dags/example_branch_datetime_operator.py                                                  3           0  0.10s           2025-07-16T11:20:00
/home/vscode/.local/lib/python3.10/site-packages/airflow/example_dags/example_datasets.py                                                                  6           0  0.10s           2025-07-16T11:19:42
================================================================================
[2025-07-16T11:20:33.132+0000] {manager.py:758} INFO - Searching for files in /workspaces/hands-on-introduction-data-engineering-4395021/airflow/dags
[2025-07-16T11:20:33.173+0000] {manager.py:761} INFO - There are 47 files in /workspaces/hands-on-introduction-data-engineering-4395021/airflow/dags
[2025-07-16T11:20:35.612+0000] {manager.py:758} INFO - Searching for files in /workspaces/hands-on-introduction-data-engineering-4395021/airflow/dags
[2025-07-16T11:20:35.632+0000] {manager.py:761} INFO - There are 47 files in /workspaces/hands-on-introduction-data-engineering-4395021/airflow/dags
[2025-07-16T11:20:39.503+0000] {manager.py:758} INFO - Searching for files in /workspaces/hands-on-introduction-data-engineering-4395021/airflow/dags
[2025-07-16T11:20:39.535+0000] {manager.py:761} INFO - There are 47 files in /workspaces/hands-on-introduction-data-engineering-4395021/airflow/dags
[2025-07-16T11:20:41.932+0000] {manager.py:758} INFO - Searching for files in /workspaces/hands-on-introduction-data-engineering-4395021/airflow/dags
[2025-07-16T11:20:41.942+0000] {manager.py:761} INFO - There are 47 files in /workspaces/hands-on-introduction-data-engineering-4395021/airflow/dags
[2025-07-16T11:20:44.733+0000] {manager.py:758} INFO - Searching for files in /workspaces/hands-on-introduction-data-engineering-4395021/airflow/dags
[2025-07-16T11:20:44.743+0000] {manager.py:761} INFO - There are 47 files in /workspaces/hands-on-introduction-data-engineering-4395021/airflow/dags
[2025-07-16T11:20:47.769+0000] {manager.py:758} INFO - Searching for files in /workspaces/hands-on-introduction-data-engineering-4395021/airflow/dags
[2025-07-16T11:20:47.779+0000] {manager.py:761} INFO - There are 47 files in /workspaces/hands-on-introduction-data-engineering-4395021/airflow/dags
[2025-07-16T11:20:49.875+0000] {manager.py:758} INFO - Searching for files in /workspaces/hands-on-introduction-data-engineering-4395021/airflow/dags
[2025-07-16T11:20:49.884+0000] {manager.py:761} INFO - There are 47 files in /workspaces/hands-on-introduction-data-engineering-4395021/airflow/dags
[2025-07-16T11:20:52.164+0000] {manager.py:758} INFO - Searching for files in /workspaces/hands-on-introduction-data-engineering-4395021/airflow/dags
[2025-07-16T11:20:52.173+0000] {manager.py:761} INFO - There are 47 files in /workspaces/hands-on-introduction-data-engineering-4395021/airflow/dags
[2025-07-16T11:20:55.019+0000] {manager.py:758} INFO - Searching for files in /workspaces/hands-on-introduction-data-engineering-4395021/airflow/dags
[2025-07-16T11:20:55.034+0000] {manager.py:761} INFO - There are 47 files in /workspaces/hands-on-introduction-data-engineering-4395021/airflow/dags
[2025-07-16T11:20:57.199+0000] {manager.py:758} INFO - Searching for files in /workspaces/hands-on-introduction-data-engineering-4395021/airflow/dags
[2025-07-16T11:20:57.208+0000] {manager.py:761} INFO - There are 47 files in /workspaces/hands-on-introduction-data-engineering-4395021/airflow/dags
[2025-07-16T11:21:00.174+0000] {manager.py:758} INFO - Searching for files in /workspaces/hands-on-introduction-data-engineering-4395021/airflow/dags
[2025-07-16T11:21:00.190+0000] {manager.py:761} INFO - There are 47 files in /workspaces/hands-on-introduction-data-engineering-4395021/airflow/dags
[2025-07-16T11:21:01.883+0000] {manager.py:889} INFO - 
================================================================================
DAG File Processing Stats

File Path                                                                                                                         PID    Runtime      # DAGs    # Errors  Last Runtime    Last Run
--------------------------------------------------------------------------------------------------------------------------------  -----  ---------  --------  ----------  --------------  -------------------
/home/vscode/.local/lib/python3.10/site-packages/airflow/example_dags/example_local_kubernetes_executor.py                                                 0           0  0.11s           2025-07-16T11:20:32
/home/vscode/.local/lib/python3.10/site-packages/airflow/example_dags/example_setup_teardown.py                                                            0           0  0.10s           2025-07-16T11:20:25
/home/vscode/.local/lib/python3.10/site-packages/airflow/example_dags/example_kubernetes_executor.py                                                       0           0  0.10s           2025-07-16T11:20:46
/home/vscode/.local/lib/python3.10/site-packages/airflow/example_dags/example_setup_teardown_taskflow.py                                                   0           0  0.11s           2025-07-16T11:20:30
/home/vscode/.local/lib/python3.10/site-packages/airflow/example_dags/plugins/event_listener.py                                                            0           0  0.11s           2025-07-16T11:20:24
/home/vscode/.local/lib/python3.10/site-packages/airflow/example_dags/plugins/listener_plugin.py                                                           0           0  0.11s           2025-07-16T11:20:59
/home/vscode/.local/lib/python3.10/site-packages/airflow/example_dags/plugins/workday.py                                                                   0           0  0.82s           2025-07-16T11:20:37
/home/vscode/.local/lib/python3.10/site-packages/airflow/example_dags/subdags/subdag.py                                                                    0           0  0.11s           2025-07-16T11:21:00
/workspaces/hands-on-introduction-data-engineering-4395021/airflow/dags/challenge_dag.py                                                                   1           0  0.81s           2025-07-16T11:20:58
/home/vscode/.local/lib/python3.10/site-packages/airflow/example_dags/example_bash_operator.py                                                             1           0  0.10s           2025-07-16T11:20:51
/home/vscode/.local/lib/python3.10/site-packages/airflow/example_dags/example_task_group_decorator.py                                                      1           0  0.61s           2025-07-16T11:20:43
/home/vscode/.local/lib/python3.10/site-packages/airflow/example_dags/example_sensor_decorator.py                                                          1           0  0.10s           2025-07-16T11:20:15
/home/vscode/.local/lib/python3.10/site-packages/airflow/example_dags/example_sensors.py                                                                   1           0  0.10s           2025-07-16T11:20:15
/home/vscode/.local/lib/python3.10/site-packages/airflow/example_dags/example_branch_operator.py                                                           1           0  0.11s           2025-07-16T11:20:52
/home/vscode/.local/lib/python3.10/site-packages/airflow/example_dags/example_dynamic_task_mapping.py                                                      1           0  0.11s           2025-07-16T11:20:31
/home/vscode/.local/lib/python3.10/site-packages/airflow/example_dags/example_params_ui_tutorial.py                                                        1           0  0.10s           2025-07-16T11:20:16
/home/vscode/.local/lib/python3.10/site-packages/airflow/example_dags/tutorial_dag.py                                                                      1           0  0.21s           2025-07-16T11:20:39
/home/vscode/.local/lib/python3.10/site-packages/airflow/example_dags/example_short_circuit_operator.py                                                    1           0  0.10s           2025-07-16T11:20:07
/home/vscode/.local/lib/python3.10/site-packages/airflow/example_dags/example_complex.py                                                                   1           0  0.11s           2025-07-16T11:20:53
/home/vscode/.local/lib/python3.10/site-packages/airflow/example_dags/example_sla_dag.py                                                                   1           0  0.10s           2025-07-16T11:20:24
/home/vscode/.local/lib/python3.10/site-packages/airflow/example_dags/tutorial_taskflow_api_virtualenv.py                                                  1           0  0.10s           2025-07-16T11:20:40
/home/vscode/.local/lib/python3.10/site-packages/airflow/example_dags/example_xcom.py                                                                      1           0  0.10s           2025-07-16T11:20:08
/home/vscode/.local/lib/python3.10/site-packages/airflow/example_dags/example_params_trigger_ui.py                                                         1           0  0.10s           2025-07-16T11:20:25
/home/vscode/.local/lib/python3.10/site-packages/airflow/example_dags/example_trigger_target_dag.py                                                        1           0  0.10s           2025-07-16T11:20:09
/home/vscode/.local/lib/python3.10/site-packages/airflow/example_dags/example_branch_python_dop_operator_3.py                                              1           0  0.10s           2025-07-16T11:20:53
/home/vscode/.local/lib/python3.10/site-packages/airflow/example_dags/example_latest_only.py                                                               1           0  0.10s           2025-07-16T11:20:46
/home/vscode/.local/lib/python3.10/site-packages/airflow/example_dags/example_skip_dag.py                                                                  1           0  0.10s           2025-07-16T11:20:11
/home/vscode/.local/lib/python3.10/site-packages/airflow/example_dags/example_python_operator.py                                                           1           0  0.10s           2025-07-16T11:20:26
/home/vscode/.local/lib/python3.10/site-packages/airflow/example_dags/example_branch_day_of_week_operator.py                                               1           0  0.10s           2025-07-16T11:20:55
/home/vscode/.local/lib/python3.10/site-packages/airflow/example_dags/example_nested_branch_dag.py                                                         1           0  0.10s           2025-07-16T11:20:47
/home/vscode/.local/lib/python3.10/site-packages/airflow/example_dags/example_dynamic_task_mapping_with_no_taskflow_operators.py                           1           0  0.10s           2025-07-16T11:20:48
/home/vscode/.local/lib/python3.10/site-packages/airflow/example_dags/tutorial.py                                                                          1           0  0.21s           2025-07-16T11:21:01
/home/vscode/.local/lib/python3.10/site-packages/airflow/example_dags/tutorial_taskflow_api.py                                                             1           0  0.11s           2025-07-16T11:21:01
/home/vscode/.local/lib/python3.10/site-packages/airflow/example_dags/example_trigger_controller_dag.py                                                    1           0  0.11s           2025-07-16T11:20:11
/home/vscode/.local/lib/python3.10/site-packages/airflow/example_dags/example_branch_labels.py                                                             1           0  0.11s           2025-07-16T11:20:16
/home/vscode/.local/lib/python3.10/site-packages/airflow/example_dags/example_latest_only_with_trigger.py                                                  1           0  0.10s           2025-07-16T11:20:49
/home/vscode/.local/lib/python3.10/site-packages/airflow/example_dags/example_passing_params_via_test_command.py                                           1           0  0.11s           2025-07-16T11:20:28
/home/vscode/.local/lib/python3.10/site-packages/airflow/example_dags/example_short_circuit_decorator.py                                                   1           0  0.11s           2025-07-16T11:20:29
/home/vscode/.local/lib/python3.10/site-packages/airflow/example_dags/example_time_delta_sensor_async.py                                                   1           0  0.11s           2025-07-16T11:20:12
/home/vscode/.local/lib/python3.10/site-packages/airflow/example_dags/example_dag_decorator.py                                                             1           0  0.20s           2025-07-16T11:20:17
/home/vscode/.local/lib/python3.10/site-packages/airflow/example_dags/example_task_group.py                                                                1           0  0.10s           2025-07-16T11:20:13
/home/vscode/.local/lib/python3.10/site-packages/airflow/example_dags/example_branch_operator_decorator.py                                                 1           0  0.21s           2025-07-16T11:20:35
/home/vscode/.local/lib/python3.10/site-packages/airflow/example_dags/example_external_task_marker_dag.py                                                  2           0  0.21s           2025-07-16T11:20:33
/home/vscode/.local/lib/python3.10/site-packages/airflow/example_dags/example_xcomargs.py                                                                  2           0  0.10s           2025-07-16T11:20:42
/home/vscode/.local/lib/python3.10/site-packages/airflow/example_dags/example_subdag_operator.py                                                           3           0  0.20s           2025-07-16T11:20:44
/home/vscode/.local/lib/python3.10/site-packages/airflow/example_dags/example_branch_datetime_operator.py                                                  3           0  0.10s           2025-07-16T11:20:56
/home/vscode/.local/lib/python3.10/site-packages/airflow/example_dags/example_datasets.py                                                                  6           0  0.21s           2025-07-16T11:20:34
================================================================================
[2025-07-16T11:21:02.929+0000] {manager.py:758} INFO - Searching for files in /workspaces/hands-on-introduction-data-engineering-4395021/airflow/dags
[2025-07-16T11:21:02.976+0000] {manager.py:761} INFO - There are 47 files in /workspaces/hands-on-introduction-data-engineering-4395021/airflow/dags
[2025-07-16T11:21:05.603+0000] {manager.py:758} INFO - Searching for files in /workspaces/hands-on-introduction-data-engineering-4395021/airflow/dags
[2025-07-16T11:21:05.628+0000] {manager.py:761} INFO - There are 47 files in /workspaces/hands-on-introduction-data-engineering-4395021/airflow/dags
[2025-07-16T11:21:08.649+0000] {manager.py:758} INFO - Searching for files in /workspaces/hands-on-introduction-data-engineering-4395021/airflow/dags
[2025-07-16T11:21:08.672+0000] {manager.py:761} INFO - There are 47 files in /workspaces/hands-on-introduction-data-engineering-4395021/airflow/dags
[2025-07-16T11:21:10.775+0000] {manager.py:758} INFO - Searching for files in /workspaces/hands-on-introduction-data-engineering-4395021/airflow/dags
[2025-07-16T11:21:10.809+0000] {manager.py:761} INFO - There are 47 files in /workspaces/hands-on-introduction-data-engineering-4395021/airflow/dags
[2025-07-16T11:21:13.231+0000] {manager.py:758} INFO - Searching for files in /workspaces/hands-on-introduction-data-engineering-4395021/airflow/dags
[2025-07-16T11:21:13.240+0000] {manager.py:761} INFO - There are 47 files in /workspaces/hands-on-introduction-data-engineering-4395021/airflow/dags
[2025-07-16T11:21:15.918+0000] {manager.py:758} INFO - Searching for files in /workspaces/hands-on-introduction-data-engineering-4395021/airflow/dags
[2025-07-16T11:21:15.928+0000] {manager.py:761} INFO - There are 47 files in /workspaces/hands-on-introduction-data-engineering-4395021/airflow/dags
[2025-07-16T11:21:18.162+0000] {manager.py:758} INFO - Searching for files in /workspaces/hands-on-introduction-data-engineering-4395021/airflow/dags
[2025-07-16T11:21:18.172+0000] {manager.py:761} INFO - There are 47 files in /workspaces/hands-on-introduction-data-engineering-4395021/airflow/dags
[2025-07-16T11:21:21.159+0000] {manager.py:758} INFO - Searching for files in /workspaces/hands-on-introduction-data-engineering-4395021/airflow/dags
[2025-07-16T11:21:21.168+0000] {manager.py:761} INFO - There are 47 files in /workspaces/hands-on-introduction-data-engineering-4395021/airflow/dags
[2025-07-16T11:21:23.754+0000] {manager.py:758} INFO - Searching for files in /workspaces/hands-on-introduction-data-engineering-4395021/airflow/dags
[2025-07-16T11:21:23.763+0000] {manager.py:761} INFO - There are 47 files in /workspaces/hands-on-introduction-data-engineering-4395021/airflow/dags
[2025-07-16T11:21:25.825+0000] {manager.py:758} INFO - Searching for files in /workspaces/hands-on-introduction-data-engineering-4395021/airflow/dags
[2025-07-16T11:21:25.835+0000] {manager.py:761} INFO - There are 47 files in /workspaces/hands-on-introduction-data-engineering-4395021/airflow/dags
[2025-07-16T11:21:28.908+0000] {manager.py:758} INFO - Searching for files in /workspaces/hands-on-introduction-data-engineering-4395021/airflow/dags
[2025-07-16T11:21:28.918+0000] {manager.py:761} INFO - There are 47 files in /workspaces/hands-on-introduction-data-engineering-4395021/airflow/dags
[2025-07-16T11:21:31.440+0000] {manager.py:758} INFO - Searching for files in /workspaces/hands-on-introduction-data-engineering-4395021/airflow/dags
[2025-07-16T11:21:31.450+0000] {manager.py:761} INFO - There are 47 files in /workspaces/hands-on-introduction-data-engineering-4395021/airflow/dags
[2025-07-16T11:21:32.271+0000] {manager.py:889} INFO - 
================================================================================
DAG File Processing Stats

File Path                                                                                                                         PID    Runtime      # DAGs    # Errors  Last Runtime    Last Run
--------------------------------------------------------------------------------------------------------------------------------  -----  ---------  --------  ----------  --------------  -------------------
/home/vscode/.local/lib/python3.10/site-packages/airflow/example_dags/example_local_kubernetes_executor.py                                                 0           0  0.10s           2025-07-16T11:21:30
/home/vscode/.local/lib/python3.10/site-packages/airflow/example_dags/example_setup_teardown.py                                                            0           0  0.10s           2025-07-16T11:21:16
/home/vscode/.local/lib/python3.10/site-packages/airflow/example_dags/example_kubernetes_executor.py                                                       0           0  0.10s           2025-07-16T11:20:46
/home/vscode/.local/lib/python3.10/site-packages/airflow/example_dags/example_setup_teardown_taskflow.py                                                   0           0  0.10s           2025-07-16T11:21:29
/home/vscode/.local/lib/python3.10/site-packages/airflow/example_dags/plugins/event_listener.py                                                            0           0  0.23s           2025-07-16T11:21:03
/home/vscode/.local/lib/python3.10/site-packages/airflow/example_dags/plugins/listener_plugin.py                                                           0           0  0.11s           2025-07-16T11:20:59
/home/vscode/.local/lib/python3.10/site-packages/airflow/example_dags/plugins/workday.py                                                                   0           0  0.41s           2025-07-16T11:21:21
/home/vscode/.local/lib/python3.10/site-packages/airflow/example_dags/subdags/subdag.py                                                                    0           0  0.11s           2025-07-16T11:21:00
/workspaces/hands-on-introduction-data-engineering-4395021/airflow/dags/challenge_dag.py                                                                   1           0  0.81s           2025-07-16T11:20:58
/home/vscode/.local/lib/python3.10/site-packages/airflow/example_dags/example_bash_operator.py                                                             1           0  0.10s           2025-07-16T11:20:51
/home/vscode/.local/lib/python3.10/site-packages/airflow/example_dags/example_task_group_decorator.py                                                      1           0  0.10s           2025-07-16T11:21:25
/home/vscode/.local/lib/python3.10/site-packages/airflow/example_dags/example_sensor_decorator.py                                                          1           0  0.61s           2025-07-16T11:21:13
/home/vscode/.local/lib/python3.10/site-packages/airflow/example_dags/example_sensors.py                                                                   1           0  0.10s           2025-07-16T11:21:14
/home/vscode/.local/lib/python3.10/site-packages/airflow/example_dags/example_branch_operator.py                                                           1           0  0.11s           2025-07-16T11:20:52
/home/vscode/.local/lib/python3.10/site-packages/airflow/example_dags/example_dynamic_task_mapping.py                                                      1           0  0.10s           2025-07-16T11:21:30
/home/vscode/.local/lib/python3.10/site-packages/airflow/example_dags/example_params_ui_tutorial.py                                                        1           0  0.10s           2025-07-16T11:21:16
/home/vscode/.local/lib/python3.10/site-packages/airflow/example_dags/tutorial_dag.py                                                                      1           0  0.10s           2025-07-16T11:21:22
/home/vscode/.local/lib/python3.10/site-packages/airflow/example_dags/example_short_circuit_operator.py                                                    1           0  0.32s           2025-07-16T11:21:04
/home/vscode/.local/lib/python3.10/site-packages/airflow/example_dags/example_complex.py                                                                   1           0  0.11s           2025-07-16T11:20:53
/home/vscode/.local/lib/python3.10/site-packages/airflow/example_dags/example_sla_dag.py                                                                   1           0  0.21s           2025-07-16T11:21:05
/home/vscode/.local/lib/python3.10/site-packages/airflow/example_dags/tutorial_taskflow_api_virtualenv.py                                                  1           0  0.10s           2025-07-16T11:21:23
/home/vscode/.local/lib/python3.10/site-packages/airflow/example_dags/example_xcom.py                                                                      1           0  0.22s           2025-07-16T11:21:06
/home/vscode/.local/lib/python3.10/site-packages/airflow/example_dags/example_params_trigger_ui.py                                                         1           0  0.20s           2025-07-16T11:21:17
/home/vscode/.local/lib/python3.10/site-packages/airflow/example_dags/example_trigger_target_dag.py                                                        1           0  0.11s           2025-07-16T11:21:07
/home/vscode/.local/lib/python3.10/site-packages/airflow/example_dags/example_branch_python_dop_operator_3.py                                              1           0  0.10s           2025-07-16T11:20:53
/home/vscode/.local/lib/python3.10/site-packages/airflow/example_dags/example_latest_only.py                                                               1           0  0.10s           2025-07-16T11:20:46
/home/vscode/.local/lib/python3.10/site-packages/airflow/example_dags/example_skip_dag.py                                                                  1           0  0.22s           2025-07-16T11:21:08
/home/vscode/.local/lib/python3.10/site-packages/airflow/example_dags/example_python_operator.py                                                           1           0  0.10s           2025-07-16T11:21:18
/home/vscode/.local/lib/python3.10/site-packages/airflow/example_dags/example_branch_day_of_week_operator.py                                               1           0  0.10s           2025-07-16T11:20:55
/home/vscode/.local/lib/python3.10/site-packages/airflow/example_dags/example_nested_branch_dag.py                                                         1           0  0.10s           2025-07-16T11:20:47
/home/vscode/.local/lib/python3.10/site-packages/airflow/example_dags/example_dynamic_task_mapping_with_no_taskflow_operators.py                           1           0  0.10s           2025-07-16T11:20:48
/home/vscode/.local/lib/python3.10/site-packages/airflow/example_dags/tutorial.py                                                                          1           0  0.21s           2025-07-16T11:21:01
/home/vscode/.local/lib/python3.10/site-packages/airflow/example_dags/tutorial_taskflow_api.py                                                             1           0  0.11s           2025-07-16T11:21:01
/home/vscode/.local/lib/python3.10/site-packages/airflow/example_dags/example_trigger_controller_dag.py                                                    1           0  0.12s           2025-07-16T11:21:09
/home/vscode/.local/lib/python3.10/site-packages/airflow/example_dags/example_branch_labels.py                                                             1           0  0.10s           2025-07-16T11:21:19
/home/vscode/.local/lib/python3.10/site-packages/airflow/example_dags/example_latest_only_with_trigger.py                                                  1           0  0.10s           2025-07-16T11:20:49
/home/vscode/.local/lib/python3.10/site-packages/airflow/example_dags/example_passing_params_via_test_command.py                                           1           0  0.10s           2025-07-16T11:21:26
/home/vscode/.local/lib/python3.10/site-packages/airflow/example_dags/example_short_circuit_decorator.py                                                   1           0  0.11s           2025-07-16T11:21:27
/home/vscode/.local/lib/python3.10/site-packages/airflow/example_dags/example_time_delta_sensor_async.py                                                   1           0  0.22s           2025-07-16T11:21:11
/home/vscode/.local/lib/python3.10/site-packages/airflow/example_dags/example_dag_decorator.py                                                             1           0  0.20s           2025-07-16T11:21:20
/home/vscode/.local/lib/python3.10/site-packages/airflow/example_dags/example_task_group.py                                                                1           0  0.11s           2025-07-16T11:21:12
/home/vscode/.local/lib/python3.10/site-packages/airflow/example_dags/example_branch_operator_decorator.py                                                 1           0  0.21s           2025-07-16T11:20:35
/home/vscode/.local/lib/python3.10/site-packages/airflow/example_dags/example_external_task_marker_dag.py                                                  2           0  0.10s           2025-07-16T11:21:31
/home/vscode/.local/lib/python3.10/site-packages/airflow/example_dags/example_xcomargs.py                                                                  2           0  0.10s           2025-07-16T11:21:24
/home/vscode/.local/lib/python3.10/site-packages/airflow/example_dags/example_subdag_operator.py                                                           3           0  0.10s           2025-07-16T11:21:25
/home/vscode/.local/lib/python3.10/site-packages/airflow/example_dags/example_branch_datetime_operator.py                                                  3           0  0.10s           2025-07-16T11:20:56
/home/vscode/.local/lib/python3.10/site-packages/airflow/example_dags/example_datasets.py                                                                  6           0  0.10s           2025-07-16T11:21:32
================================================================================
[2025-07-16T11:21:34.454+0000] {manager.py:758} INFO - Searching for files in /workspaces/hands-on-introduction-data-engineering-4395021/airflow/dags
[2025-07-16T11:21:34.468+0000] {manager.py:761} INFO - There are 47 files in /workspaces/hands-on-introduction-data-engineering-4395021/airflow/dags
[2025-07-16T11:21:36.607+0000] {manager.py:758} INFO - Searching for files in /workspaces/hands-on-introduction-data-engineering-4395021/airflow/dags
[2025-07-16T11:21:36.623+0000] {manager.py:761} INFO - There are 47 files in /workspaces/hands-on-introduction-data-engineering-4395021/airflow/dags
[2025-07-16T11:21:39.047+0000] {manager.py:758} INFO - Searching for files in /workspaces/hands-on-introduction-data-engineering-4395021/airflow/dags
[2025-07-16T11:21:39.063+0000] {manager.py:761} INFO - There are 47 files in /workspaces/hands-on-introduction-data-engineering-4395021/airflow/dags
[2025-07-16T11:21:42.027+0000] {manager.py:758} INFO - Searching for files in /workspaces/hands-on-introduction-data-engineering-4395021/airflow/dags
[2025-07-16T11:21:42.036+0000] {manager.py:761} INFO - There are 47 files in /workspaces/hands-on-introduction-data-engineering-4395021/airflow/dags
[2025-07-16T11:21:44.715+0000] {manager.py:758} INFO - Searching for files in /workspaces/hands-on-introduction-data-engineering-4395021/airflow/dags
[2025-07-16T11:21:44.733+0000] {manager.py:761} INFO - There are 47 files in /workspaces/hands-on-introduction-data-engineering-4395021/airflow/dags
[2025-07-16T11:21:46.783+0000] {manager.py:758} INFO - Searching for files in /workspaces/hands-on-introduction-data-engineering-4395021/airflow/dags
[2025-07-16T11:21:46.792+0000] {manager.py:761} INFO - There are 47 files in /workspaces/hands-on-introduction-data-engineering-4395021/airflow/dags
[2025-07-16T11:21:49.720+0000] {manager.py:758} INFO - Searching for files in /workspaces/hands-on-introduction-data-engineering-4395021/airflow/dags
[2025-07-16T11:21:49.729+0000] {manager.py:761} INFO - There are 47 files in /workspaces/hands-on-introduction-data-engineering-4395021/airflow/dags
[2025-07-16T11:21:52.467+0000] {manager.py:758} INFO - Searching for files in /workspaces/hands-on-introduction-data-engineering-4395021/airflow/dags
[2025-07-16T11:21:52.476+0000] {manager.py:761} INFO - There are 47 files in /workspaces/hands-on-introduction-data-engineering-4395021/airflow/dags
[2025-07-16T11:21:54.952+0000] {manager.py:758} INFO - Searching for files in /workspaces/hands-on-introduction-data-engineering-4395021/airflow/dags
[2025-07-16T11:21:54.961+0000] {manager.py:761} INFO - There are 47 files in /workspaces/hands-on-introduction-data-engineering-4395021/airflow/dags
[2025-07-16T11:21:57.071+0000] {manager.py:758} INFO - Searching for files in /workspaces/hands-on-introduction-data-engineering-4395021/airflow/dags
[2025-07-16T11:21:57.080+0000] {manager.py:761} INFO - There are 47 files in /workspaces/hands-on-introduction-data-engineering-4395021/airflow/dags
[2025-07-16T11:21:59.561+0000] {manager.py:758} INFO - Searching for files in /workspaces/hands-on-introduction-data-engineering-4395021/airflow/dags
[2025-07-16T11:21:59.572+0000] {manager.py:761} INFO - There are 47 files in /workspaces/hands-on-introduction-data-engineering-4395021/airflow/dags
[2025-07-16T11:22:01.708+0000] {manager.py:758} INFO - Searching for files in /workspaces/hands-on-introduction-data-engineering-4395021/airflow/dags
[2025-07-16T11:22:01.717+0000] {manager.py:761} INFO - There are 47 files in /workspaces/hands-on-introduction-data-engineering-4395021/airflow/dags
[2025-07-16T11:22:02.680+0000] {manager.py:889} INFO - 
================================================================================
DAG File Processing Stats

File Path                                                                                                                         PID    Runtime      # DAGs    # Errors  Last Runtime    Last Run
--------------------------------------------------------------------------------------------------------------------------------  -----  ---------  --------  ----------  --------------  -------------------
/home/vscode/.local/lib/python3.10/site-packages/airflow/example_dags/example_local_kubernetes_executor.py                                                 0           0  0.10s           2025-07-16T11:21:30
/home/vscode/.local/lib/python3.10/site-packages/airflow/example_dags/example_setup_teardown.py                                                            0           0  0.10s           2025-07-16T11:21:16
/home/vscode/.local/lib/python3.10/site-packages/airflow/example_dags/example_kubernetes_executor.py                                                       0           0  0.11s           2025-07-16T11:21:34
/home/vscode/.local/lib/python3.10/site-packages/airflow/example_dags/example_setup_teardown_taskflow.py                                                   0           0  0.10s           2025-07-16T11:21:29
/home/vscode/.local/lib/python3.10/site-packages/airflow/example_dags/plugins/event_listener.py                                                            0           0  0.11s           2025-07-16T11:21:47
/home/vscode/.local/lib/python3.10/site-packages/airflow/example_dags/plugins/listener_plugin.py                                                           0           0  0.10s           2025-07-16T11:21:43
/home/vscode/.local/lib/python3.10/site-packages/airflow/example_dags/plugins/workday.py                                                                   0           0  0.41s           2025-07-16T11:22:01
/home/vscode/.local/lib/python3.10/site-packages/airflow/example_dags/subdags/subdag.py                                                                    0           0  0.11s           2025-07-16T11:21:44
/workspaces/hands-on-introduction-data-engineering-4395021/airflow/dags/challenge_dag.py                                                                   1           0  0.51s           2025-07-16T11:21:42
/home/vscode/.local/lib/python3.10/site-packages/airflow/example_dags/example_bash_operator.py                                                             1           0  0.41s           2025-07-16T11:21:39
/home/vscode/.local/lib/python3.10/site-packages/airflow/example_dags/example_task_group_decorator.py                                                      1           0  0.10s           2025-07-16T11:21:25
/home/vscode/.local/lib/python3.10/site-packages/airflow/example_dags/example_sensor_decorator.py                                                          1           0  0.61s           2025-07-16T11:21:13
/home/vscode/.local/lib/python3.10/site-packages/airflow/example_dags/example_sensors.py                                                                   1           0  0.10s           2025-07-16T11:21:14
/home/vscode/.local/lib/python3.10/site-packages/airflow/example_dags/example_branch_operator.py                                                           1           0  0.20s           2025-07-16T11:21:56
/home/vscode/.local/lib/python3.10/site-packages/airflow/example_dags/example_dynamic_task_mapping.py                                                      1           0  0.10s           2025-07-16T11:21:30
/home/vscode/.local/lib/python3.10/site-packages/airflow/example_dags/example_params_ui_tutorial.py                                                        1           0  0.10s           2025-07-16T11:21:16
/home/vscode/.local/lib/python3.10/site-packages/airflow/example_dags/tutorial_dag.py                                                                      1           0  0.21s           2025-07-16T11:22:01
/home/vscode/.local/lib/python3.10/site-packages/airflow/example_dags/example_short_circuit_operator.py                                                    1           0  0.21s           2025-07-16T11:21:48
/home/vscode/.local/lib/python3.10/site-packages/airflow/example_dags/example_complex.py                                                                   1           0  0.20s           2025-07-16T11:21:56
/home/vscode/.local/lib/python3.10/site-packages/airflow/example_dags/example_sla_dag.py                                                                   1           0  0.20s           2025-07-16T11:21:49
/home/vscode/.local/lib/python3.10/site-packages/airflow/example_dags/tutorial_taskflow_api_virtualenv.py                                                  1           0  0.20s           2025-07-16T11:22:02
/home/vscode/.local/lib/python3.10/site-packages/airflow/example_dags/example_xcom.py                                                                      1           0  0.21s           2025-07-16T11:21:51
/home/vscode/.local/lib/python3.10/site-packages/airflow/example_dags/example_params_trigger_ui.py                                                         1           0  0.20s           2025-07-16T11:21:17
/home/vscode/.local/lib/python3.10/site-packages/airflow/example_dags/example_trigger_target_dag.py                                                        1           0  0.20s           2025-07-16T11:21:51
/home/vscode/.local/lib/python3.10/site-packages/airflow/example_dags/example_branch_python_dop_operator_3.py                                              1           0  0.20s           2025-07-16T11:21:57
/home/vscode/.local/lib/python3.10/site-packages/airflow/example_dags/example_latest_only.py                                                               1           0  0.10s           2025-07-16T11:21:33
/home/vscode/.local/lib/python3.10/site-packages/airflow/example_dags/example_skip_dag.py                                                                  1           0  0.20s           2025-07-16T11:21:52
/home/vscode/.local/lib/python3.10/site-packages/airflow/example_dags/example_python_operator.py                                                           1           0  0.10s           2025-07-16T11:21:18
/home/vscode/.local/lib/python3.10/site-packages/airflow/example_dags/example_branch_day_of_week_operator.py                                               1           0  0.21s           2025-07-16T11:21:58
/home/vscode/.local/lib/python3.10/site-packages/airflow/example_dags/example_nested_branch_dag.py                                                         1           0  0.11s           2025-07-16T11:21:35
/home/vscode/.local/lib/python3.10/site-packages/airflow/example_dags/example_dynamic_task_mapping_with_no_taskflow_operators.py                           1           0  0.11s           2025-07-16T11:21:36
/home/vscode/.local/lib/python3.10/site-packages/airflow/example_dags/tutorial.py                                                                          1           0  0.30s           2025-07-16T11:21:46
/home/vscode/.local/lib/python3.10/site-packages/airflow/example_dags/tutorial_taskflow_api.py                                                             1           0  0.21s           2025-07-16T11:21:47
/home/vscode/.local/lib/python3.10/site-packages/airflow/example_dags/example_trigger_controller_dag.py                                                    1           0  0.20s           2025-07-16T11:21:53
/home/vscode/.local/lib/python3.10/site-packages/airflow/example_dags/example_branch_labels.py                                                             1           0  0.10s           2025-07-16T11:21:19
/home/vscode/.local/lib/python3.10/site-packages/airflow/example_dags/example_latest_only_with_trigger.py                                                  1           0  0.21s           2025-07-16T11:21:37
/home/vscode/.local/lib/python3.10/site-packages/airflow/example_dags/example_passing_params_via_test_command.py                                           1           0  0.10s           2025-07-16T11:21:26
/home/vscode/.local/lib/python3.10/site-packages/airflow/example_dags/example_short_circuit_decorator.py                                                   1           0  0.11s           2025-07-16T11:21:27
/home/vscode/.local/lib/python3.10/site-packages/airflow/example_dags/example_time_delta_sensor_async.py                                                   1           0  0.21s           2025-07-16T11:21:55
/home/vscode/.local/lib/python3.10/site-packages/airflow/example_dags/example_dag_decorator.py                                                             1           0  0.20s           2025-07-16T11:21:20
/home/vscode/.local/lib/python3.10/site-packages/airflow/example_dags/example_task_group.py                                                                1           0  0.11s           2025-07-16T11:21:12
/home/vscode/.local/lib/python3.10/site-packages/airflow/example_dags/example_branch_operator_decorator.py                                                 1           0  0.31s           2025-07-16T11:21:40
/home/vscode/.local/lib/python3.10/site-packages/airflow/example_dags/example_external_task_marker_dag.py                                                  2           0  0.10s           2025-07-16T11:21:31
/home/vscode/.local/lib/python3.10/site-packages/airflow/example_dags/example_xcomargs.py                                                                  2           0  0.10s           2025-07-16T11:21:24
/home/vscode/.local/lib/python3.10/site-packages/airflow/example_dags/example_subdag_operator.py                                                           3           0  0.10s           2025-07-16T11:21:25
/home/vscode/.local/lib/python3.10/site-packages/airflow/example_dags/example_branch_datetime_operator.py                                                  3           0  0.21s           2025-07-16T11:21:59
/home/vscode/.local/lib/python3.10/site-packages/airflow/example_dags/example_datasets.py                                                                  6           0  0.10s           2025-07-16T11:21:32
================================================================================
[2025-07-16T11:22:03.710+0000] {manager.py:758} INFO - Searching for files in /workspaces/hands-on-introduction-data-engineering-4395021/airflow/dags
[2025-07-16T11:22:03.719+0000] {manager.py:761} INFO - There are 47 files in /workspaces/hands-on-introduction-data-engineering-4395021/airflow/dags
[2025-07-16T11:22:06.195+0000] {manager.py:758} INFO - Searching for files in /workspaces/hands-on-introduction-data-engineering-4395021/airflow/dags
[2025-07-16T11:22:06.205+0000] {manager.py:761} INFO - There are 47 files in /workspaces/hands-on-introduction-data-engineering-4395021/airflow/dags
[2025-07-16T11:22:07.111+0000] {manager.py:470} INFO - Exiting gracefully upon receiving signal 15
[2025-07-16T11:22:07.797+0000] {manager.py:1023} ERROR - Processor for /home/vscode/.local/lib/python3.10/site-packages/airflow/example_dags/example_task_group.py exited with return code 0.
[2025-07-16T11:22:08.116+0000] {manager.py:470} INFO - Exiting gracefully upon receiving signal 15
[2025-07-16T11:22:40.673+0000] {manager.py:487} INFO - Processing files using up to 1 processes at a time 
[2025-07-16T11:22:40.673+0000] {manager.py:488} INFO - Process each file at most once every 30 seconds
[2025-07-16T11:22:40.673+0000] {manager.py:489} INFO - Checking for new files in /workspaces/hands-on-introduction-data-engineering-4395021/airflow/dags every 2 seconds
[2025-07-16T11:22:40.674+0000] {manager.py:758} INFO - Searching for files in /workspaces/hands-on-introduction-data-engineering-4395021/airflow/dags
[2025-07-16T11:22:40.675+0000] {manager.py:761} INFO - There are 1 files in /workspaces/hands-on-introduction-data-engineering-4395021/airflow/dags
[2025-07-16T11:22:41.669+0000] {manager.py:889} INFO - 
================================================================================
DAG File Processing Stats

File Path                                                                                 PID    Runtime      # DAGs    # Errors  Last Runtime    Last Run
----------------------------------------------------------------------------------------  -----  ---------  --------  ----------  --------------  -------------------
/workspaces/hands-on-introduction-data-engineering-4395021/airflow/dags/challenge_dag.py                           1           0  0.72s           2025-07-16T11:22:41
================================================================================
[2025-07-16T11:22:42.897+0000] {manager.py:758} INFO - Searching for files in /workspaces/hands-on-introduction-data-engineering-4395021/airflow/dags
[2025-07-16T11:22:42.898+0000] {manager.py:761} INFO - There are 1 files in /workspaces/hands-on-introduction-data-engineering-4395021/airflow/dags
[2025-07-16T11:22:44.964+0000] {manager.py:758} INFO - Searching for files in /workspaces/hands-on-introduction-data-engineering-4395021/airflow/dags
[2025-07-16T11:22:44.965+0000] {manager.py:761} INFO - There are 1 files in /workspaces/hands-on-introduction-data-engineering-4395021/airflow/dags
[2025-07-16T11:22:47.777+0000] {manager.py:758} INFO - Searching for files in /workspaces/hands-on-introduction-data-engineering-4395021/airflow/dags
[2025-07-16T11:22:47.787+0000] {manager.py:761} INFO - There are 1 files in /workspaces/hands-on-introduction-data-engineering-4395021/airflow/dags
[2025-07-16T11:22:50.047+0000] {manager.py:758} INFO - Searching for files in /workspaces/hands-on-introduction-data-engineering-4395021/airflow/dags
[2025-07-16T11:22:50.048+0000] {manager.py:761} INFO - There are 1 files in /workspaces/hands-on-introduction-data-engineering-4395021/airflow/dags
[2025-07-16T11:22:52.800+0000] {manager.py:758} INFO - Searching for files in /workspaces/hands-on-introduction-data-engineering-4395021/airflow/dags
[2025-07-16T11:22:52.801+0000] {manager.py:761} INFO - There are 1 files in /workspaces/hands-on-introduction-data-engineering-4395021/airflow/dags
[2025-07-16T11:22:54.869+0000] {manager.py:758} INFO - Searching for files in /workspaces/hands-on-introduction-data-engineering-4395021/airflow/dags
[2025-07-16T11:22:54.872+0000] {manager.py:761} INFO - There are 1 files in /workspaces/hands-on-introduction-data-engineering-4395021/airflow/dags
[2025-07-16T11:22:57.825+0000] {manager.py:758} INFO - Searching for files in /workspaces/hands-on-introduction-data-engineering-4395021/airflow/dags
[2025-07-16T11:22:57.826+0000] {manager.py:761} INFO - There are 1 files in /workspaces/hands-on-introduction-data-engineering-4395021/airflow/dags
[2025-07-16T11:22:59.894+0000] {manager.py:758} INFO - Searching for files in /workspaces/hands-on-introduction-data-engineering-4395021/airflow/dags
[2025-07-16T11:22:59.896+0000] {manager.py:761} INFO - There are 1 files in /workspaces/hands-on-introduction-data-engineering-4395021/airflow/dags
[2025-07-16T11:23:02.855+0000] {manager.py:758} INFO - Searching for files in /workspaces/hands-on-introduction-data-engineering-4395021/airflow/dags
[2025-07-16T11:23:02.856+0000] {manager.py:761} INFO - There are 1 files in /workspaces/hands-on-introduction-data-engineering-4395021/airflow/dags
[2025-07-16T11:23:04.925+0000] {manager.py:758} INFO - Searching for files in /workspaces/hands-on-introduction-data-engineering-4395021/airflow/dags
[2025-07-16T11:23:04.927+0000] {manager.py:761} INFO - There are 1 files in /workspaces/hands-on-introduction-data-engineering-4395021/airflow/dags
[2025-07-16T11:23:07.889+0000] {manager.py:758} INFO - Searching for files in /workspaces/hands-on-introduction-data-engineering-4395021/airflow/dags
[2025-07-16T11:23:07.890+0000] {manager.py:761} INFO - There are 1 files in /workspaces/hands-on-introduction-data-engineering-4395021/airflow/dags
[2025-07-16T11:23:09.955+0000] {manager.py:758} INFO - Searching for files in /workspaces/hands-on-introduction-data-engineering-4395021/airflow/dags
[2025-07-16T11:23:09.956+0000] {manager.py:761} INFO - There are 1 files in /workspaces/hands-on-introduction-data-engineering-4395021/airflow/dags
[2025-07-16T11:23:11.897+0000] {manager.py:889} INFO - 
================================================================================
DAG File Processing Stats

File Path                                                                            PID    Runtime      # DAGs    # Errors  Last Runtime    Last Run
-----------------------------------------------------------------------------------  -----  ---------  --------  ----------  --------------  -------------------
/workspaces/hands-on-introduction-data-engineering-4395021/airflow/dags/load_dag.py                           1           0  0.20s           2025-07-16T11:23:10
================================================================================
[2025-07-16T11:23:12.924+0000] {manager.py:758} INFO - Searching for files in /workspaces/hands-on-introduction-data-engineering-4395021/airflow/dags
[2025-07-16T11:23:12.926+0000] {manager.py:761} INFO - There are 1 files in /workspaces/hands-on-introduction-data-engineering-4395021/airflow/dags
[2025-07-16T11:23:14.997+0000] {manager.py:758} INFO - Searching for files in /workspaces/hands-on-introduction-data-engineering-4395021/airflow/dags
[2025-07-16T11:23:14.998+0000] {manager.py:761} INFO - There are 0 files in /workspaces/hands-on-introduction-data-engineering-4395021/airflow/dags
[2025-07-16T11:23:17.958+0000] {manager.py:758} INFO - Searching for files in /workspaces/hands-on-introduction-data-engineering-4395021/airflow/dags
[2025-07-16T11:23:17.959+0000] {manager.py:761} INFO - There are 0 files in /workspaces/hands-on-introduction-data-engineering-4395021/airflow/dags
[2025-07-16T11:23:20.026+0000] {manager.py:758} INFO - Searching for files in /workspaces/hands-on-introduction-data-engineering-4395021/airflow/dags
[2025-07-16T11:23:20.027+0000] {manager.py:761} INFO - There are 0 files in /workspaces/hands-on-introduction-data-engineering-4395021/airflow/dags
[2025-07-16T11:23:22.989+0000] {manager.py:758} INFO - Searching for files in /workspaces/hands-on-introduction-data-engineering-4395021/airflow/dags
[2025-07-16T11:23:22.990+0000] {manager.py:761} INFO - There are 0 files in /workspaces/hands-on-introduction-data-engineering-4395021/airflow/dags
[2025-07-16T11:23:25.057+0000] {manager.py:758} INFO - Searching for files in /workspaces/hands-on-introduction-data-engineering-4395021/airflow/dags
[2025-07-16T11:23:25.058+0000] {manager.py:761} INFO - There are 0 files in /workspaces/hands-on-introduction-data-engineering-4395021/airflow/dags
[2025-07-16T11:23:26.233+0000] {manager.py:470} INFO - Exiting gracefully upon receiving signal 15
[2025-07-16T11:23:32.043+0000] {manager.py:487} INFO - Processing files using up to 1 processes at a time 
[2025-07-16T11:23:32.043+0000] {manager.py:488} INFO - Process each file at most once every 30 seconds
[2025-07-16T11:23:32.043+0000] {manager.py:489} INFO - Checking for new files in /workspaces/hands-on-introduction-data-engineering-4395021/airflow/dags every 2 seconds
[2025-07-16T11:23:32.044+0000] {manager.py:758} INFO - Searching for files in /workspaces/hands-on-introduction-data-engineering-4395021/airflow/dags
[2025-07-16T11:23:32.049+0000] {manager.py:761} INFO - There are 0 files in /workspaces/hands-on-introduction-data-engineering-4395021/airflow/dags
[2025-07-16T11:23:34.280+0000] {manager.py:758} INFO - Searching for files in /workspaces/hands-on-introduction-data-engineering-4395021/airflow/dags
[2025-07-16T11:23:34.281+0000] {manager.py:761} INFO - There are 0 files in /workspaces/hands-on-introduction-data-engineering-4395021/airflow/dags
[2025-07-16T11:23:36.348+0000] {manager.py:758} INFO - Searching for files in /workspaces/hands-on-introduction-data-engineering-4395021/airflow/dags
[2025-07-16T11:23:36.349+0000] {manager.py:761} INFO - There are 0 files in /workspaces/hands-on-introduction-data-engineering-4395021/airflow/dags
[2025-07-16T11:23:39.132+0000] {manager.py:758} INFO - Searching for files in /workspaces/hands-on-introduction-data-engineering-4395021/airflow/dags
[2025-07-16T11:23:39.134+0000] {manager.py:761} INFO - There are 0 files in /workspaces/hands-on-introduction-data-engineering-4395021/airflow/dags
[2025-07-16T11:23:41.209+0000] {manager.py:758} INFO - Searching for files in /workspaces/hands-on-introduction-data-engineering-4395021/airflow/dags
[2025-07-16T11:23:41.210+0000] {manager.py:761} INFO - There are 0 files in /workspaces/hands-on-introduction-data-engineering-4395021/airflow/dags
[2025-07-16T11:23:44.164+0000] {manager.py:758} INFO - Searching for files in /workspaces/hands-on-introduction-data-engineering-4395021/airflow/dags
[2025-07-16T11:23:44.165+0000] {manager.py:761} INFO - There are 0 files in /workspaces/hands-on-introduction-data-engineering-4395021/airflow/dags
[2025-07-16T11:23:46.236+0000] {manager.py:758} INFO - Searching for files in /workspaces/hands-on-introduction-data-engineering-4395021/airflow/dags
[2025-07-16T11:23:46.237+0000] {manager.py:761} INFO - There are 0 files in /workspaces/hands-on-introduction-data-engineering-4395021/airflow/dags
[2025-07-16T11:23:49.197+0000] {manager.py:758} INFO - Searching for files in /workspaces/hands-on-introduction-data-engineering-4395021/airflow/dags
[2025-07-16T11:23:49.198+0000] {manager.py:761} INFO - There are 0 files in /workspaces/hands-on-introduction-data-engineering-4395021/airflow/dags
[2025-07-16T11:23:51.265+0000] {manager.py:758} INFO - Searching for files in /workspaces/hands-on-introduction-data-engineering-4395021/airflow/dags
[2025-07-16T11:23:51.266+0000] {manager.py:761} INFO - There are 0 files in /workspaces/hands-on-introduction-data-engineering-4395021/airflow/dags
[2025-07-16T11:23:54.229+0000] {manager.py:758} INFO - Searching for files in /workspaces/hands-on-introduction-data-engineering-4395021/airflow/dags
[2025-07-16T11:23:54.230+0000] {manager.py:761} INFO - There are 0 files in /workspaces/hands-on-introduction-data-engineering-4395021/airflow/dags
[2025-07-16T11:23:56.301+0000] {manager.py:758} INFO - Searching for files in /workspaces/hands-on-introduction-data-engineering-4395021/airflow/dags
[2025-07-16T11:23:56.302+0000] {manager.py:761} INFO - There are 0 files in /workspaces/hands-on-introduction-data-engineering-4395021/airflow/dags
[2025-07-16T11:23:59.262+0000] {manager.py:758} INFO - Searching for files in /workspaces/hands-on-introduction-data-engineering-4395021/airflow/dags
[2025-07-16T11:23:59.263+0000] {manager.py:761} INFO - There are 0 files in /workspaces/hands-on-introduction-data-engineering-4395021/airflow/dags
[2025-07-16T11:24:01.337+0000] {manager.py:758} INFO - Searching for files in /workspaces/hands-on-introduction-data-engineering-4395021/airflow/dags
[2025-07-16T11:24:01.338+0000] {manager.py:761} INFO - There are 0 files in /workspaces/hands-on-introduction-data-engineering-4395021/airflow/dags
[2025-07-16T11:24:04.294+0000] {manager.py:758} INFO - Searching for files in /workspaces/hands-on-introduction-data-engineering-4395021/airflow/dags
[2025-07-16T11:24:04.295+0000] {manager.py:761} INFO - There are 0 files in /workspaces/hands-on-introduction-data-engineering-4395021/airflow/dags
[2025-07-16T11:24:06.362+0000] {manager.py:758} INFO - Searching for files in /workspaces/hands-on-introduction-data-engineering-4395021/airflow/dags
[2025-07-16T11:24:06.363+0000] {manager.py:761} INFO - There are 0 files in /workspaces/hands-on-introduction-data-engineering-4395021/airflow/dags
[2025-07-16T11:24:09.331+0000] {manager.py:758} INFO - Searching for files in /workspaces/hands-on-introduction-data-engineering-4395021/airflow/dags
[2025-07-16T11:24:09.333+0000] {manager.py:761} INFO - There are 0 files in /workspaces/hands-on-introduction-data-engineering-4395021/airflow/dags
[2025-07-16T11:24:11.406+0000] {manager.py:758} INFO - Searching for files in /workspaces/hands-on-introduction-data-engineering-4395021/airflow/dags
[2025-07-16T11:24:11.407+0000] {manager.py:761} INFO - There are 0 files in /workspaces/hands-on-introduction-data-engineering-4395021/airflow/dags
[2025-07-16T11:24:14.362+0000] {manager.py:758} INFO - Searching for files in /workspaces/hands-on-introduction-data-engineering-4395021/airflow/dags
[2025-07-16T11:24:14.363+0000] {manager.py:761} INFO - There are 0 files in /workspaces/hands-on-introduction-data-engineering-4395021/airflow/dags
[2025-07-16T11:24:16.430+0000] {manager.py:758} INFO - Searching for files in /workspaces/hands-on-introduction-data-engineering-4395021/airflow/dags
[2025-07-16T11:24:16.432+0000] {manager.py:761} INFO - There are 0 files in /workspaces/hands-on-introduction-data-engineering-4395021/airflow/dags
[2025-07-16T11:24:19.399+0000] {manager.py:758} INFO - Searching for files in /workspaces/hands-on-introduction-data-engineering-4395021/airflow/dags
[2025-07-16T11:24:19.400+0000] {manager.py:761} INFO - There are 0 files in /workspaces/hands-on-introduction-data-engineering-4395021/airflow/dags
[2025-07-16T11:24:21.470+0000] {manager.py:758} INFO - Searching for files in /workspaces/hands-on-introduction-data-engineering-4395021/airflow/dags
[2025-07-16T11:24:21.471+0000] {manager.py:761} INFO - There are 0 files in /workspaces/hands-on-introduction-data-engineering-4395021/airflow/dags
[2025-07-16T11:24:24.427+0000] {manager.py:758} INFO - Searching for files in /workspaces/hands-on-introduction-data-engineering-4395021/airflow/dags
[2025-07-16T11:24:24.428+0000] {manager.py:761} INFO - There are 0 files in /workspaces/hands-on-introduction-data-engineering-4395021/airflow/dags
[2025-07-16T11:24:26.509+0000] {manager.py:758} INFO - Searching for files in /workspaces/hands-on-introduction-data-engineering-4395021/airflow/dags
[2025-07-16T11:24:26.512+0000] {manager.py:761} INFO - There are 0 files in /workspaces/hands-on-introduction-data-engineering-4395021/airflow/dags
[2025-07-16T11:24:29.497+0000] {manager.py:758} INFO - Searching for files in /workspaces/hands-on-introduction-data-engineering-4395021/airflow/dags
[2025-07-16T11:24:29.498+0000] {manager.py:761} INFO - There are 0 files in /workspaces/hands-on-introduction-data-engineering-4395021/airflow/dags
[2025-07-16T11:24:31.585+0000] {manager.py:758} INFO - Searching for files in /workspaces/hands-on-introduction-data-engineering-4395021/airflow/dags
[2025-07-16T11:24:31.586+0000] {manager.py:761} INFO - There are 0 files in /workspaces/hands-on-introduction-data-engineering-4395021/airflow/dags
[2025-07-16T11:24:34.512+0000] {manager.py:758} INFO - Searching for files in /workspaces/hands-on-introduction-data-engineering-4395021/airflow/dags
[2025-07-16T11:24:34.513+0000] {manager.py:761} INFO - There are 0 files in /workspaces/hands-on-introduction-data-engineering-4395021/airflow/dags
[2025-07-16T11:24:36.582+0000] {manager.py:758} INFO - Searching for files in /workspaces/hands-on-introduction-data-engineering-4395021/airflow/dags
[2025-07-16T11:24:36.585+0000] {manager.py:761} INFO - There are 0 files in /workspaces/hands-on-introduction-data-engineering-4395021/airflow/dags
[2025-07-16T11:24:39.544+0000] {manager.py:758} INFO - Searching for files in /workspaces/hands-on-introduction-data-engineering-4395021/airflow/dags
[2025-07-16T11:24:39.546+0000] {manager.py:761} INFO - There are 0 files in /workspaces/hands-on-introduction-data-engineering-4395021/airflow/dags
[2025-07-16T11:24:41.612+0000] {manager.py:758} INFO - Searching for files in /workspaces/hands-on-introduction-data-engineering-4395021/airflow/dags
[2025-07-16T11:24:41.614+0000] {manager.py:761} INFO - There are 0 files in /workspaces/hands-on-introduction-data-engineering-4395021/airflow/dags
[2025-07-16T11:24:44.578+0000] {manager.py:758} INFO - Searching for files in /workspaces/hands-on-introduction-data-engineering-4395021/airflow/dags
[2025-07-16T11:24:44.580+0000] {manager.py:761} INFO - There are 0 files in /workspaces/hands-on-introduction-data-engineering-4395021/airflow/dags
[2025-07-16T11:24:46.651+0000] {manager.py:758} INFO - Searching for files in /workspaces/hands-on-introduction-data-engineering-4395021/airflow/dags
[2025-07-16T11:24:46.653+0000] {manager.py:761} INFO - There are 0 files in /workspaces/hands-on-introduction-data-engineering-4395021/airflow/dags
[2025-07-16T11:24:49.613+0000] {manager.py:758} INFO - Searching for files in /workspaces/hands-on-introduction-data-engineering-4395021/airflow/dags
[2025-07-16T11:24:49.614+0000] {manager.py:761} INFO - There are 0 files in /workspaces/hands-on-introduction-data-engineering-4395021/airflow/dags
[2025-07-16T11:24:51.679+0000] {manager.py:758} INFO - Searching for files in /workspaces/hands-on-introduction-data-engineering-4395021/airflow/dags
[2025-07-16T11:24:51.681+0000] {manager.py:761} INFO - There are 0 files in /workspaces/hands-on-introduction-data-engineering-4395021/airflow/dags
[2025-07-16T11:24:54.652+0000] {manager.py:758} INFO - Searching for files in /workspaces/hands-on-introduction-data-engineering-4395021/airflow/dags
[2025-07-16T11:24:54.653+0000] {manager.py:761} INFO - There are 0 files in /workspaces/hands-on-introduction-data-engineering-4395021/airflow/dags
[2025-07-16T11:24:56.726+0000] {manager.py:758} INFO - Searching for files in /workspaces/hands-on-introduction-data-engineering-4395021/airflow/dags
[2025-07-16T11:24:56.727+0000] {manager.py:761} INFO - There are 0 files in /workspaces/hands-on-introduction-data-engineering-4395021/airflow/dags
[2025-07-16T11:24:59.685+0000] {manager.py:758} INFO - Searching for files in /workspaces/hands-on-introduction-data-engineering-4395021/airflow/dags
[2025-07-16T11:24:59.686+0000] {manager.py:761} INFO - There are 0 files in /workspaces/hands-on-introduction-data-engineering-4395021/airflow/dags
[2025-07-16T11:25:01.751+0000] {manager.py:758} INFO - Searching for files in /workspaces/hands-on-introduction-data-engineering-4395021/airflow/dags
[2025-07-16T11:25:01.752+0000] {manager.py:761} INFO - There are 0 files in /workspaces/hands-on-introduction-data-engineering-4395021/airflow/dags
[2025-07-16T11:25:04.719+0000] {manager.py:758} INFO - Searching for files in /workspaces/hands-on-introduction-data-engineering-4395021/airflow/dags
[2025-07-16T11:25:04.720+0000] {manager.py:761} INFO - There are 0 files in /workspaces/hands-on-introduction-data-engineering-4395021/airflow/dags
[2025-07-16T11:25:06.785+0000] {manager.py:758} INFO - Searching for files in /workspaces/hands-on-introduction-data-engineering-4395021/airflow/dags
[2025-07-16T11:25:06.786+0000] {manager.py:761} INFO - There are 0 files in /workspaces/hands-on-introduction-data-engineering-4395021/airflow/dags
[2025-07-16T11:25:09.867+0000] {manager.py:758} INFO - Searching for files in /workspaces/hands-on-introduction-data-engineering-4395021/airflow/dags
[2025-07-16T11:25:09.869+0000] {manager.py:761} INFO - There are 0 files in /workspaces/hands-on-introduction-data-engineering-4395021/airflow/dags
[2025-07-16T11:25:11.999+0000] {manager.py:758} INFO - Searching for files in /workspaces/hands-on-introduction-data-engineering-4395021/airflow/dags
[2025-07-16T11:25:12.000+0000] {manager.py:761} INFO - There are 0 files in /workspaces/hands-on-introduction-data-engineering-4395021/airflow/dags
[2025-07-16T11:25:14.793+0000] {manager.py:758} INFO - Searching for files in /workspaces/hands-on-introduction-data-engineering-4395021/airflow/dags
[2025-07-16T11:25:14.794+0000] {manager.py:761} INFO - There are 0 files in /workspaces/hands-on-introduction-data-engineering-4395021/airflow/dags
[2025-07-16T11:25:16.859+0000] {manager.py:758} INFO - Searching for files in /workspaces/hands-on-introduction-data-engineering-4395021/airflow/dags
[2025-07-16T11:25:16.860+0000] {manager.py:761} INFO - There are 0 files in /workspaces/hands-on-introduction-data-engineering-4395021/airflow/dags
[2025-07-16T11:25:19.828+0000] {manager.py:758} INFO - Searching for files in /workspaces/hands-on-introduction-data-engineering-4395021/airflow/dags
[2025-07-16T11:25:19.829+0000] {manager.py:761} INFO - There are 0 files in /workspaces/hands-on-introduction-data-engineering-4395021/airflow/dags
[2025-07-16T11:25:21.895+0000] {manager.py:758} INFO - Searching for files in /workspaces/hands-on-introduction-data-engineering-4395021/airflow/dags
[2025-07-16T11:25:21.896+0000] {manager.py:761} INFO - There are 0 files in /workspaces/hands-on-introduction-data-engineering-4395021/airflow/dags
[2025-07-16T11:25:24.870+0000] {manager.py:758} INFO - Searching for files in /workspaces/hands-on-introduction-data-engineering-4395021/airflow/dags
[2025-07-16T11:25:24.874+0000] {manager.py:761} INFO - There are 1 files in /workspaces/hands-on-introduction-data-engineering-4395021/airflow/dags
[2025-07-16T11:25:27.501+0000] {manager.py:758} INFO - Searching for files in /workspaces/hands-on-introduction-data-engineering-4395021/airflow/dags
[2025-07-16T11:25:27.503+0000] {manager.py:761} INFO - There are 1 files in /workspaces/hands-on-introduction-data-engineering-4395021/airflow/dags
[2025-07-16T11:25:29.894+0000] {manager.py:758} INFO - Searching for files in /workspaces/hands-on-introduction-data-engineering-4395021/airflow/dags
[2025-07-16T11:25:29.895+0000] {manager.py:761} INFO - There are 1 files in /workspaces/hands-on-introduction-data-engineering-4395021/airflow/dags
[2025-07-16T11:25:31.959+0000] {manager.py:758} INFO - Searching for files in /workspaces/hands-on-introduction-data-engineering-4395021/airflow/dags
[2025-07-16T11:25:31.960+0000] {manager.py:761} INFO - There are 1 files in /workspaces/hands-on-introduction-data-engineering-4395021/airflow/dags
[2025-07-16T11:25:32.280+0000] {manager.py:889} INFO - 
================================================================================
DAG File Processing Stats

File Path                                                                            PID    Runtime      # DAGs    # Errors  Last Runtime    Last Run
-----------------------------------------------------------------------------------  -----  ---------  --------  ----------  --------------  -------------------
/workspaces/hands-on-introduction-data-engineering-4395021/airflow/dags/load_dag.py                           1           0  0.33s           2025-07-16T11:25:25
================================================================================
[2025-07-16T11:25:34.927+0000] {manager.py:758} INFO - Searching for files in /workspaces/hands-on-introduction-data-engineering-4395021/airflow/dags
[2025-07-16T11:25:34.929+0000] {manager.py:761} INFO - There are 1 files in /workspaces/hands-on-introduction-data-engineering-4395021/airflow/dags
[2025-07-16T11:25:36.992+0000] {manager.py:758} INFO - Searching for files in /workspaces/hands-on-introduction-data-engineering-4395021/airflow/dags
[2025-07-16T11:25:36.993+0000] {manager.py:761} INFO - There are 1 files in /workspaces/hands-on-introduction-data-engineering-4395021/airflow/dags
[2025-07-16T11:25:39.965+0000] {manager.py:758} INFO - Searching for files in /workspaces/hands-on-introduction-data-engineering-4395021/airflow/dags
[2025-07-16T11:25:39.966+0000] {manager.py:761} INFO - There are 1 files in /workspaces/hands-on-introduction-data-engineering-4395021/airflow/dags
[2025-07-16T11:25:42.028+0000] {manager.py:758} INFO - Searching for files in /workspaces/hands-on-introduction-data-engineering-4395021/airflow/dags
[2025-07-16T11:25:42.030+0000] {manager.py:761} INFO - There are 1 files in /workspaces/hands-on-introduction-data-engineering-4395021/airflow/dags
[2025-07-16T11:25:45.010+0000] {manager.py:758} INFO - Searching for files in /workspaces/hands-on-introduction-data-engineering-4395021/airflow/dags
[2025-07-16T11:25:45.011+0000] {manager.py:761} INFO - There are 1 files in /workspaces/hands-on-introduction-data-engineering-4395021/airflow/dags
[2025-07-16T11:25:47.075+0000] {manager.py:758} INFO - Searching for files in /workspaces/hands-on-introduction-data-engineering-4395021/airflow/dags
[2025-07-16T11:25:47.077+0000] {manager.py:761} INFO - There are 1 files in /workspaces/hands-on-introduction-data-engineering-4395021/airflow/dags
[2025-07-16T11:25:50.044+0000] {manager.py:758} INFO - Searching for files in /workspaces/hands-on-introduction-data-engineering-4395021/airflow/dags
[2025-07-16T11:25:50.045+0000] {manager.py:761} INFO - There are 1 files in /workspaces/hands-on-introduction-data-engineering-4395021/airflow/dags
[2025-07-16T11:25:52.109+0000] {manager.py:758} INFO - Searching for files in /workspaces/hands-on-introduction-data-engineering-4395021/airflow/dags
[2025-07-16T11:25:52.111+0000] {manager.py:761} INFO - There are 1 files in /workspaces/hands-on-introduction-data-engineering-4395021/airflow/dags
[2025-07-16T11:25:55.079+0000] {manager.py:758} INFO - Searching for files in /workspaces/hands-on-introduction-data-engineering-4395021/airflow/dags
[2025-07-16T11:25:55.080+0000] {manager.py:761} INFO - There are 1 files in /workspaces/hands-on-introduction-data-engineering-4395021/airflow/dags
[2025-07-16T11:25:57.258+0000] {manager.py:758} INFO - Searching for files in /workspaces/hands-on-introduction-data-engineering-4395021/airflow/dags
[2025-07-16T11:25:57.259+0000] {manager.py:761} INFO - There are 1 files in /workspaces/hands-on-introduction-data-engineering-4395021/airflow/dags
[2025-07-16T11:26:00.120+0000] {manager.py:758} INFO - Searching for files in /workspaces/hands-on-introduction-data-engineering-4395021/airflow/dags
[2025-07-16T11:26:00.122+0000] {manager.py:761} INFO - There are 1 files in /workspaces/hands-on-introduction-data-engineering-4395021/airflow/dags
[2025-07-16T11:26:02.188+0000] {manager.py:758} INFO - Searching for files in /workspaces/hands-on-introduction-data-engineering-4395021/airflow/dags
[2025-07-16T11:26:02.190+0000] {manager.py:761} INFO - There are 1 files in /workspaces/hands-on-introduction-data-engineering-4395021/airflow/dags
[2025-07-16T11:26:02.342+0000] {manager.py:889} INFO - 
================================================================================
DAG File Processing Stats

File Path                                                                            PID    Runtime      # DAGs    # Errors  Last Runtime    Last Run
-----------------------------------------------------------------------------------  -----  ---------  --------  ----------  --------------  -------------------
/workspaces/hands-on-introduction-data-engineering-4395021/airflow/dags/load_dag.py                           1           0  0.10s           2025-07-16T11:25:56
================================================================================
[2025-07-16T11:26:05.155+0000] {manager.py:758} INFO - Searching for files in /workspaces/hands-on-introduction-data-engineering-4395021/airflow/dags
[2025-07-16T11:26:05.156+0000] {manager.py:761} INFO - There are 1 files in /workspaces/hands-on-introduction-data-engineering-4395021/airflow/dags
[2025-07-16T11:26:07.218+0000] {manager.py:758} INFO - Searching for files in /workspaces/hands-on-introduction-data-engineering-4395021/airflow/dags
[2025-07-16T11:26:07.219+0000] {manager.py:761} INFO - There are 1 files in /workspaces/hands-on-introduction-data-engineering-4395021/airflow/dags
[2025-07-16T11:26:10.188+0000] {manager.py:758} INFO - Searching for files in /workspaces/hands-on-introduction-data-engineering-4395021/airflow/dags
[2025-07-16T11:26:10.190+0000] {manager.py:761} INFO - There are 1 files in /workspaces/hands-on-introduction-data-engineering-4395021/airflow/dags
[2025-07-16T11:26:12.253+0000] {manager.py:758} INFO - Searching for files in /workspaces/hands-on-introduction-data-engineering-4395021/airflow/dags
[2025-07-16T11:26:12.254+0000] {manager.py:761} INFO - There are 1 files in /workspaces/hands-on-introduction-data-engineering-4395021/airflow/dags
[2025-07-16T11:26:15.223+0000] {manager.py:758} INFO - Searching for files in /workspaces/hands-on-introduction-data-engineering-4395021/airflow/dags
[2025-07-16T11:26:15.224+0000] {manager.py:761} INFO - There are 1 files in /workspaces/hands-on-introduction-data-engineering-4395021/airflow/dags
[2025-07-16T11:26:17.288+0000] {manager.py:758} INFO - Searching for files in /workspaces/hands-on-introduction-data-engineering-4395021/airflow/dags
[2025-07-16T11:26:17.289+0000] {manager.py:761} INFO - There are 1 files in /workspaces/hands-on-introduction-data-engineering-4395021/airflow/dags
[2025-07-16T11:26:20.259+0000] {manager.py:758} INFO - Searching for files in /workspaces/hands-on-introduction-data-engineering-4395021/airflow/dags
[2025-07-16T11:26:20.260+0000] {manager.py:761} INFO - There are 1 files in /workspaces/hands-on-introduction-data-engineering-4395021/airflow/dags
[2025-07-16T11:26:22.324+0000] {manager.py:758} INFO - Searching for files in /workspaces/hands-on-introduction-data-engineering-4395021/airflow/dags
[2025-07-16T11:26:22.325+0000] {manager.py:761} INFO - There are 1 files in /workspaces/hands-on-introduction-data-engineering-4395021/airflow/dags
[2025-07-16T11:26:25.292+0000] {manager.py:758} INFO - Searching for files in /workspaces/hands-on-introduction-data-engineering-4395021/airflow/dags
[2025-07-16T11:26:25.293+0000] {manager.py:761} INFO - There are 1 files in /workspaces/hands-on-introduction-data-engineering-4395021/airflow/dags
[2025-07-16T11:26:27.465+0000] {manager.py:758} INFO - Searching for files in /workspaces/hands-on-introduction-data-engineering-4395021/airflow/dags
[2025-07-16T11:26:27.467+0000] {manager.py:761} INFO - There are 1 files in /workspaces/hands-on-introduction-data-engineering-4395021/airflow/dags
[2025-07-16T11:26:30.332+0000] {manager.py:758} INFO - Searching for files in /workspaces/hands-on-introduction-data-engineering-4395021/airflow/dags
[2025-07-16T11:26:30.339+0000] {manager.py:761} INFO - There are 1 files in /workspaces/hands-on-introduction-data-engineering-4395021/airflow/dags
[2025-07-16T11:26:32.399+0000] {manager.py:758} INFO - Searching for files in /workspaces/hands-on-introduction-data-engineering-4395021/airflow/dags
[2025-07-16T11:26:32.401+0000] {manager.py:761} INFO - There are 1 files in /workspaces/hands-on-introduction-data-engineering-4395021/airflow/dags
[2025-07-16T11:26:32.411+0000] {manager.py:889} INFO - 
================================================================================
DAG File Processing Stats

File Path                                                                            PID    Runtime      # DAGs    # Errors  Last Runtime    Last Run
-----------------------------------------------------------------------------------  -----  ---------  --------  ----------  --------------  -------------------
/workspaces/hands-on-introduction-data-engineering-4395021/airflow/dags/load_dag.py                           1           0  0.10s           2025-07-16T11:26:26
================================================================================
[2025-07-16T11:26:35.364+0000] {manager.py:758} INFO - Searching for files in /workspaces/hands-on-introduction-data-engineering-4395021/airflow/dags
[2025-07-16T11:26:35.365+0000] {manager.py:761} INFO - There are 1 files in /workspaces/hands-on-introduction-data-engineering-4395021/airflow/dags
[2025-07-16T11:26:37.429+0000] {manager.py:758} INFO - Searching for files in /workspaces/hands-on-introduction-data-engineering-4395021/airflow/dags
[2025-07-16T11:26:37.430+0000] {manager.py:761} INFO - There are 1 files in /workspaces/hands-on-introduction-data-engineering-4395021/airflow/dags
[2025-07-16T11:26:40.399+0000] {manager.py:758} INFO - Searching for files in /workspaces/hands-on-introduction-data-engineering-4395021/airflow/dags
[2025-07-16T11:26:40.401+0000] {manager.py:761} INFO - There are 1 files in /workspaces/hands-on-introduction-data-engineering-4395021/airflow/dags
[2025-07-16T11:26:42.464+0000] {manager.py:758} INFO - Searching for files in /workspaces/hands-on-introduction-data-engineering-4395021/airflow/dags
[2025-07-16T11:26:42.465+0000] {manager.py:761} INFO - There are 1 files in /workspaces/hands-on-introduction-data-engineering-4395021/airflow/dags
[2025-07-16T11:26:45.431+0000] {manager.py:758} INFO - Searching for files in /workspaces/hands-on-introduction-data-engineering-4395021/airflow/dags
[2025-07-16T11:26:45.433+0000] {manager.py:761} INFO - There are 1 files in /workspaces/hands-on-introduction-data-engineering-4395021/airflow/dags
[2025-07-16T11:26:47.448+0000] {manager.py:758} INFO - Searching for files in /workspaces/hands-on-introduction-data-engineering-4395021/airflow/dags
[2025-07-16T11:26:47.449+0000] {manager.py:761} INFO - There are 1 files in /workspaces/hands-on-introduction-data-engineering-4395021/airflow/dags
[2025-07-16T11:26:50.466+0000] {manager.py:758} INFO - Searching for files in /workspaces/hands-on-introduction-data-engineering-4395021/airflow/dags
[2025-07-16T11:26:50.468+0000] {manager.py:761} INFO - There are 1 files in /workspaces/hands-on-introduction-data-engineering-4395021/airflow/dags
[2025-07-16T11:26:52.531+0000] {manager.py:758} INFO - Searching for files in /workspaces/hands-on-introduction-data-engineering-4395021/airflow/dags
[2025-07-16T11:26:52.532+0000] {manager.py:761} INFO - There are 1 files in /workspaces/hands-on-introduction-data-engineering-4395021/airflow/dags
[2025-07-16T11:26:55.500+0000] {manager.py:758} INFO - Searching for files in /workspaces/hands-on-introduction-data-engineering-4395021/airflow/dags
[2025-07-16T11:26:55.501+0000] {manager.py:761} INFO - There are 1 files in /workspaces/hands-on-introduction-data-engineering-4395021/airflow/dags
[2025-07-16T11:26:57.675+0000] {manager.py:758} INFO - Searching for files in /workspaces/hands-on-introduction-data-engineering-4395021/airflow/dags
[2025-07-16T11:26:57.677+0000] {manager.py:761} INFO - There are 1 files in /workspaces/hands-on-introduction-data-engineering-4395021/airflow/dags
[2025-07-16T11:27:00.534+0000] {manager.py:758} INFO - Searching for files in /workspaces/hands-on-introduction-data-engineering-4395021/airflow/dags
[2025-07-16T11:27:00.536+0000] {manager.py:761} INFO - There are 1 files in /workspaces/hands-on-introduction-data-engineering-4395021/airflow/dags
[2025-07-16T11:27:02.487+0000] {manager.py:889} INFO - 
================================================================================
DAG File Processing Stats

File Path                                                                            PID    Runtime      # DAGs    # Errors  Last Runtime    Last Run
-----------------------------------------------------------------------------------  -----  ---------  --------  ----------  --------------  -------------------
/workspaces/hands-on-introduction-data-engineering-4395021/airflow/dags/load_dag.py                           1           0  0.10s           2025-07-16T11:26:56
================================================================================
[2025-07-16T11:27:02.653+0000] {manager.py:758} INFO - Searching for files in /workspaces/hands-on-introduction-data-engineering-4395021/airflow/dags
[2025-07-16T11:27:02.654+0000] {manager.py:761} INFO - There are 1 files in /workspaces/hands-on-introduction-data-engineering-4395021/airflow/dags
[2025-07-16T11:27:05.572+0000] {manager.py:758} INFO - Searching for files in /workspaces/hands-on-introduction-data-engineering-4395021/airflow/dags
[2025-07-16T11:27:05.574+0000] {manager.py:761} INFO - There are 1 files in /workspaces/hands-on-introduction-data-engineering-4395021/airflow/dags
[2025-07-16T11:27:07.645+0000] {manager.py:758} INFO - Searching for files in /workspaces/hands-on-introduction-data-engineering-4395021/airflow/dags
[2025-07-16T11:27:07.646+0000] {manager.py:761} INFO - There are 1 files in /workspaces/hands-on-introduction-data-engineering-4395021/airflow/dags
[2025-07-16T11:27:10.606+0000] {manager.py:758} INFO - Searching for files in /workspaces/hands-on-introduction-data-engineering-4395021/airflow/dags
[2025-07-16T11:27:10.607+0000] {manager.py:761} INFO - There are 1 files in /workspaces/hands-on-introduction-data-engineering-4395021/airflow/dags
[2025-07-16T11:27:12.670+0000] {manager.py:758} INFO - Searching for files in /workspaces/hands-on-introduction-data-engineering-4395021/airflow/dags
[2025-07-16T11:27:12.672+0000] {manager.py:761} INFO - There are 1 files in /workspaces/hands-on-introduction-data-engineering-4395021/airflow/dags
[2025-07-16T11:27:15.642+0000] {manager.py:758} INFO - Searching for files in /workspaces/hands-on-introduction-data-engineering-4395021/airflow/dags
[2025-07-16T11:27:15.643+0000] {manager.py:761} INFO - There are 1 files in /workspaces/hands-on-introduction-data-engineering-4395021/airflow/dags
[2025-07-16T11:27:18.546+0000] {manager.py:758} INFO - Searching for files in /workspaces/hands-on-introduction-data-engineering-4395021/airflow/dags
[2025-07-16T11:27:18.548+0000] {manager.py:761} INFO - There are 1 files in /workspaces/hands-on-introduction-data-engineering-4395021/airflow/dags
[2025-07-16T11:27:20.675+0000] {manager.py:758} INFO - Searching for files in /workspaces/hands-on-introduction-data-engineering-4395021/airflow/dags
[2025-07-16T11:27:20.676+0000] {manager.py:761} INFO - There are 1 files in /workspaces/hands-on-introduction-data-engineering-4395021/airflow/dags
[2025-07-16T11:27:22.723+0000] {manager.py:758} INFO - Searching for files in /workspaces/hands-on-introduction-data-engineering-4395021/airflow/dags
[2025-07-16T11:27:22.733+0000] {manager.py:761} INFO - There are 1 files in /workspaces/hands-on-introduction-data-engineering-4395021/airflow/dags
[2025-07-16T11:27:24.971+0000] {manager.py:758} INFO - Searching for files in /workspaces/hands-on-introduction-data-engineering-4395021/airflow/dags
[2025-07-16T11:27:24.972+0000] {manager.py:761} INFO - There are 1 files in /workspaces/hands-on-introduction-data-engineering-4395021/airflow/dags
[2025-07-16T11:27:27.036+0000] {manager.py:758} INFO - Searching for files in /workspaces/hands-on-introduction-data-engineering-4395021/airflow/dags
[2025-07-16T11:27:27.037+0000] {manager.py:761} INFO - There are 1 files in /workspaces/hands-on-introduction-data-engineering-4395021/airflow/dags
[2025-07-16T11:27:30.005+0000] {manager.py:758} INFO - Searching for files in /workspaces/hands-on-introduction-data-engineering-4395021/airflow/dags
[2025-07-16T11:27:30.006+0000] {manager.py:761} INFO - There are 1 files in /workspaces/hands-on-introduction-data-engineering-4395021/airflow/dags
[2025-07-16T11:27:32.084+0000] {manager.py:758} INFO - Searching for files in /workspaces/hands-on-introduction-data-engineering-4395021/airflow/dags
[2025-07-16T11:27:32.085+0000] {manager.py:761} INFO - There are 1 files in /workspaces/hands-on-introduction-data-engineering-4395021/airflow/dags
[2025-07-16T11:27:32.548+0000] {manager.py:889} INFO - 
================================================================================
DAG File Processing Stats

File Path                                                                                 PID    Runtime      # DAGs    # Errors  Last Runtime    Last Run
----------------------------------------------------------------------------------------  -----  ---------  --------  ----------  --------------  -------------------
/workspaces/hands-on-introduction-data-engineering-4395021/airflow/dags/challenge_dag.py                           1           0  1.13s           2025-07-16T11:27:23
================================================================================
[2025-07-16T11:27:35.034+0000] {manager.py:758} INFO - Searching for files in /workspaces/hands-on-introduction-data-engineering-4395021/airflow/dags
[2025-07-16T11:27:35.036+0000] {manager.py:761} INFO - There are 1 files in /workspaces/hands-on-introduction-data-engineering-4395021/airflow/dags
[2025-07-16T11:27:37.099+0000] {manager.py:758} INFO - Searching for files in /workspaces/hands-on-introduction-data-engineering-4395021/airflow/dags
[2025-07-16T11:27:37.100+0000] {manager.py:761} INFO - There are 1 files in /workspaces/hands-on-introduction-data-engineering-4395021/airflow/dags
[2025-07-16T11:27:40.069+0000] {manager.py:758} INFO - Searching for files in /workspaces/hands-on-introduction-data-engineering-4395021/airflow/dags
[2025-07-16T11:27:40.070+0000] {manager.py:761} INFO - There are 1 files in /workspaces/hands-on-introduction-data-engineering-4395021/airflow/dags
[2025-07-16T11:27:42.139+0000] {manager.py:758} INFO - Searching for files in /workspaces/hands-on-introduction-data-engineering-4395021/airflow/dags
[2025-07-16T11:27:42.140+0000] {manager.py:761} INFO - There are 1 files in /workspaces/hands-on-introduction-data-engineering-4395021/airflow/dags
[2025-07-16T11:27:45.102+0000] {manager.py:758} INFO - Searching for files in /workspaces/hands-on-introduction-data-engineering-4395021/airflow/dags
[2025-07-16T11:27:45.103+0000] {manager.py:761} INFO - There are 1 files in /workspaces/hands-on-introduction-data-engineering-4395021/airflow/dags
[2025-07-16T11:27:47.166+0000] {manager.py:758} INFO - Searching for files in /workspaces/hands-on-introduction-data-engineering-4395021/airflow/dags
[2025-07-16T11:27:47.168+0000] {manager.py:761} INFO - There are 1 files in /workspaces/hands-on-introduction-data-engineering-4395021/airflow/dags
[2025-07-16T11:27:50.219+0000] {manager.py:758} INFO - Searching for files in /workspaces/hands-on-introduction-data-engineering-4395021/airflow/dags
[2025-07-16T11:27:50.220+0000] {manager.py:761} INFO - There are 1 files in /workspaces/hands-on-introduction-data-engineering-4395021/airflow/dags
[2025-07-16T11:27:52.294+0000] {manager.py:758} INFO - Searching for files in /workspaces/hands-on-introduction-data-engineering-4395021/airflow/dags
[2025-07-16T11:27:52.296+0000] {manager.py:761} INFO - There are 1 files in /workspaces/hands-on-introduction-data-engineering-4395021/airflow/dags
[2025-07-16T11:27:55.473+0000] {manager.py:758} INFO - Searching for files in /workspaces/hands-on-introduction-data-engineering-4395021/airflow/dags
[2025-07-16T11:27:55.475+0000] {manager.py:761} INFO - There are 1 files in /workspaces/hands-on-introduction-data-engineering-4395021/airflow/dags
[2025-07-16T11:27:57.538+0000] {manager.py:758} INFO - Searching for files in /workspaces/hands-on-introduction-data-engineering-4395021/airflow/dags
[2025-07-16T11:27:57.539+0000] {manager.py:761} INFO - There are 1 files in /workspaces/hands-on-introduction-data-engineering-4395021/airflow/dags
[2025-07-16T11:28:00.510+0000] {manager.py:758} INFO - Searching for files in /workspaces/hands-on-introduction-data-engineering-4395021/airflow/dags
[2025-07-16T11:28:00.512+0000] {manager.py:761} INFO - There are 1 files in /workspaces/hands-on-introduction-data-engineering-4395021/airflow/dags
[2025-07-16T11:28:02.575+0000] {manager.py:758} INFO - Searching for files in /workspaces/hands-on-introduction-data-engineering-4395021/airflow/dags
[2025-07-16T11:28:02.576+0000] {manager.py:761} INFO - There are 1 files in /workspaces/hands-on-introduction-data-engineering-4395021/airflow/dags
[2025-07-16T11:28:02.586+0000] {manager.py:889} INFO - 
================================================================================
DAG File Processing Stats

File Path                                                                                 PID    Runtime      # DAGs    # Errors  Last Runtime    Last Run
----------------------------------------------------------------------------------------  -----  ---------  --------  ----------  --------------  -------------------
/workspaces/hands-on-introduction-data-engineering-4395021/airflow/dags/challenge_dag.py                           1           0  0.41s           2025-07-16T11:27:54
================================================================================
[2025-07-16T11:28:05.542+0000] {manager.py:758} INFO - Searching for files in /workspaces/hands-on-introduction-data-engineering-4395021/airflow/dags
[2025-07-16T11:28:05.543+0000] {manager.py:761} INFO - There are 1 files in /workspaces/hands-on-introduction-data-engineering-4395021/airflow/dags
[2025-07-16T11:28:07.612+0000] {manager.py:758} INFO - Searching for files in /workspaces/hands-on-introduction-data-engineering-4395021/airflow/dags
[2025-07-16T11:28:07.613+0000] {manager.py:761} INFO - There are 1 files in /workspaces/hands-on-introduction-data-engineering-4395021/airflow/dags
[2025-07-16T11:28:10.575+0000] {manager.py:758} INFO - Searching for files in /workspaces/hands-on-introduction-data-engineering-4395021/airflow/dags
[2025-07-16T11:28:10.580+0000] {manager.py:761} INFO - There are 1 files in /workspaces/hands-on-introduction-data-engineering-4395021/airflow/dags
[2025-07-16T11:28:12.648+0000] {manager.py:758} INFO - Searching for files in /workspaces/hands-on-introduction-data-engineering-4395021/airflow/dags
[2025-07-16T11:28:12.649+0000] {manager.py:761} INFO - There are 1 files in /workspaces/hands-on-introduction-data-engineering-4395021/airflow/dags
[2025-07-16T11:28:15.612+0000] {manager.py:758} INFO - Searching for files in /workspaces/hands-on-introduction-data-engineering-4395021/airflow/dags
[2025-07-16T11:28:15.613+0000] {manager.py:761} INFO - There are 1 files in /workspaces/hands-on-introduction-data-engineering-4395021/airflow/dags
